ordre;categorie;nom;sigle;statut;commune;departement;rattachement;latitude;longitude;source;preuve;remarque
superieur;université (pluridisciplinaire);Université d'Abomey-Calavi;UAC;public;Abomey-Calavi;;UAC;;;https://sgg.gouv.bj/doc/decret-2016-638/ | https://recherche-universitaire.uac.bj/wp-content/uploads/2023/11/Annuaire_Statistiques_UAC_2021_2022_29_10_2023.pdf | https://www.uac.bj/wp-content/uploads/2024/11/Quelques_Statistiques_sur_Annee_Academique_2023_2024_UAC_10_09_2024-1.pdf | https://enseignementsuperieur.gouv.bj/uploads/document_actualite/4fa961e0a40ad936d2999887d6721e15.pdf;officielle;Université nationale pluridisciplinaire (décret 2016-638). 7 centres universitaires (annuaire UAC 2021-2022, stats 2023-2024).
superieur;université (pluridisciplinaire);Université de Parakou;UP;public;Parakou;;UP;;;https://sgg.gouv.bj/doc/decret-2016-638/ | https://www.univ-parakou.bj/ | https://fr.wikipedia.org/wiki/Universit%C3%A9_de_Parakou | https://enseignementsuperieur.gouv.bj/uploads/document_actualite/4fa961e0a40ad936d2999887d6721e15.pdf;officielle;"Université nationale pluridisciplinaire (décret 2016-638). Le décret a regroupé à Parakou les entités de Kandi (ENSAGAP), Djougou (ENSTA), Savè (FASEG), Tchaourou (FDSP) et Gogounou ; Wikipédia : plus de centre universitaire hors Parakou depuis 2016."
superieur;université (thématique);Université Nationale des Sciences, Technologies, Ingénierie et Mathématiques;UNSTIM;public;Abomey;;UNSTIM;;;https://sgg.gouv.bj/doc/decret-2016-638/ | https://unstim.bj/formations/les-entit%C3%A9s-de-formation | https://enseignementsuperieur.gouv.bj/uploads/document_actualite/4fa961e0a40ad936d2999887d6721e15.pdf;officielle;"Université nationale thématique ; rectorat installé à Abomey (art. 13 décret 2016-638)."
superieur;université (thématique);Université Nationale d'Agriculture;UNA;public;Porto-Novo;;UNA;;;https://sgg.gouv.bj/doc/decret-2016-638/ | https://una.bj/schools | https://fr.wikipedia.org/wiki/Universit%C3%A9_nationale_d'agriculture | https://enseignementsuperieur.gouv.bj/uploads/document_actualite/4fa961e0a40ad936d2999887d6721e15.pdf;officielle;"SIÈGE INCERTAIN : décret 2016-638 (art. 16) = rectorat à Porto-Novo ; Wikipédia FR indique Sakété, Wikipédia EN Kétou. À confirmer auprès de l'UNA."
superieur;faculté;Faculté de Droit et de Science Politique;FADESP;public;Abomey-Calavi;;UAC;;;https://enseignementsuperieur.gouv.bj/uploads/document_actualite/4fa961e0a40ad936d2999887d6721e15.pdf | https://recherche-universitaire.uac.bj/wp-content/uploads/2023/11/Annuaire_Statistiques_UAC_2021_2022_29_10_2023.pdf | https://www.uac.bj/wp-content/uploads/2024/11/Quelques_Statistiques_sur_Annee_Academique_2023_2024_UAC_10_09_2024-1.pdf;officielle;Localisation d'après le tableau 2 de l'annuaire UAC 2021-2022. Domaines résumés d'après les filières du guide MESRS 2026-2027.
superieur;faculté;Faculté des Sciences Économiques et de Gestion;FASEG;public;Abomey-Calavi;;UAC;;;https://enseignementsuperieur.gouv.bj/uploads/document_actualite/4fa961e0a40ad936d2999887d6721e15.pdf | https://recherche-universitaire.uac.bj/wp-content/uploads/2023/11/Annuaire_Statistiques_UAC_2021_2022_29_10_2023.pdf | https://www.uac.bj/wp-content/uploads/2024/11/Quelques_Statistiques_sur_Annee_Academique_2023_2024_UAC_10_09_2024-1.pdf;officielle;Localisation d'après le tableau 2 de l'annuaire UAC 2021-2022. Domaines résumés d'après les filières du guide MESRS 2026-2027.
superieur;faculté;Faculté des Sciences Humaines et Sociales;FASHS;public;Abomey-Calavi;;UAC;;;https://enseignementsuperieur.gouv.bj/uploads/document_actualite/4fa961e0a40ad936d2999887d6721e15.pdf | https://recherche-universitaire.uac.bj/wp-content/uploads/2023/11/Annuaire_Statistiques_UAC_2021_2022_29_10_2023.pdf | https://www.uac.bj/wp-content/uploads/2024/11/Quelques_Statistiques_sur_Annee_Academique_2023_2024_UAC_10_09_2024-1.pdf;officielle;Localisation d'après le tableau 2 de l'annuaire UAC 2021-2022. Domaines résumés d'après les filières du guide MESRS 2026-2027.
superieur;faculté;Faculté des Sciences et Techniques;FAST;public;Abomey-Calavi;;UAC;;;https://enseignementsuperieur.gouv.bj/uploads/document_actualite/4fa961e0a40ad936d2999887d6721e15.pdf | https://recherche-universitaire.uac.bj/wp-content/uploads/2023/11/Annuaire_Statistiques_UAC_2021_2022_29_10_2023.pdf | https://www.uac.bj/wp-content/uploads/2024/11/Quelques_Statistiques_sur_Annee_Academique_2023_2024_UAC_10_09_2024-1.pdf;officielle;Localisation d'après le tableau 2 de l'annuaire UAC 2021-2022. Domaines résumés d'après les filières du guide MESRS 2026-2027.
superieur;faculté;Faculté des Lettres, Langues, Arts et Communication;FLLAC;public;Abomey-Calavi;;UAC;;;https://enseignementsuperieur.gouv.bj/uploads/document_actualite/4fa961e0a40ad936d2999887d6721e15.pdf | https://recherche-universitaire.uac.bj/wp-content/uploads/2023/11/Annuaire_Statistiques_UAC_2021_2022_29_10_2023.pdf | https://www.uac.bj/wp-content/uploads/2024/11/Quelques_Statistiques_sur_Annee_Academique_2023_2024_UAC_10_09_2024-1.pdf;officielle;Localisation d'après le tableau 2 de l'annuaire UAC 2021-2022. Domaines résumés d'après les filières du guide MESRS 2026-2027.
superieur;faculté;Faculté des Lettres, Arts et Sciences Humaines d'Adjarra;FLASH-Adjarra;public;Adjarra;;UAC;;;https://enseignementsuperieur.gouv.bj/uploads/document_actualite/4fa961e0a40ad936d2999887d6721e15.pdf | https://recherche-universitaire.uac.bj/wp-content/uploads/2023/11/Annuaire_Statistiques_UAC_2021_2022_29_10_2023.pdf | https://www.uac.bj/wp-content/uploads/2024/11/Quelques_Statistiques_sur_Annee_Academique_2023_2024_UAC_10_09_2024-1.pdf;officielle;Rattachée à l'UAC par le décret 2016-638 (la FLASH d'Aplahoué a été regroupée à l'UAC). Localisation d'après le tableau 2 de l'annuaire UAC 2021-2022. Domaines résumés d'après les filières du guide MESRS 2026-2027.
superieur;faculté;Faculté des Sciences Agronomiques;FSA;public;Abomey-Calavi;;UAC;;;https://enseignementsuperieur.gouv.bj/uploads/document_actualite/4fa961e0a40ad936d2999887d6721e15.pdf | https://recherche-universitaire.uac.bj/wp-content/uploads/2023/11/Annuaire_Statistiques_UAC_2021_2022_29_10_2023.pdf | https://www.uac.bj/wp-content/uploads/2024/11/Quelques_Statistiques_sur_Annee_Academique_2023_2024_UAC_10_09_2024-1.pdf;officielle;Localisation d'après le tableau 2 de l'annuaire UAC 2021-2022. Domaines résumés d'après les filières du guide MESRS 2026-2027.
superieur;faculté;Faculté des Sciences de la Santé;FSS;public;Cotonou;;UAC;;;https://enseignementsuperieur.gouv.bj/uploads/document_actualite/4fa961e0a40ad936d2999887d6721e15.pdf | https://recherche-universitaire.uac.bj/wp-content/uploads/2023/11/Annuaire_Statistiques_UAC_2021_2022_29_10_2023.pdf | https://www.uac.bj/wp-content/uploads/2024/11/Quelques_Statistiques_sur_Annee_Academique_2023_2024_UAC_10_09_2024-1.pdf;officielle;Adresse Champ de Foire : https://www.fss-cotonou.com/nous-contacter/ (hors guide). Localisation d'après le tableau 2 de l'annuaire UAC 2021-2022. Domaines résumés d'après les filières du guide MESRS 2026-2027.
superieur;école;École Polytechnique d'Abomey-Calavi;EPAC;public;Abomey-Calavi;;UAC;;;https://enseignementsuperieur.gouv.bj/uploads/document_actualite/4fa961e0a40ad936d2999887d6721e15.pdf | https://recherche-universitaire.uac.bj/wp-content/uploads/2023/11/Annuaire_Statistiques_UAC_2021_2022_29_10_2023.pdf | https://www.uac.bj/wp-content/uploads/2024/11/Quelques_Statistiques_sur_Annee_Academique_2023_2024_UAC_10_09_2024-1.pdf;officielle;Localisation d'après le tableau 2 de l'annuaire UAC 2021-2022. Domaines résumés d'après les filières du guide MESRS 2026-2027.
superieur;école nationale;École Nationale d'Administration (ex-ENAM, École Nationale d'Administration et de Magistrature);ENA;public;Abomey-Calavi;;UAC;;;https://enseignementsuperieur.gouv.bj/uploads/document_actualite/4fa961e0a40ad936d2999887d6721e15.pdf | https://recherche-universitaire.uac.bj/wp-content/uploads/2023/11/Annuaire_Statistiques_UAC_2021_2022_29_10_2023.pdf | https://www.uac.bj/wp-content/uploads/2024/11/Quelques_Statistiques_sur_Annee_Academique_2023_2024_UAC_10_09_2024-1.pdf;officielle;Nouvelle dénomination depuis 2021-2022 (formation des magistrats retirée à l'UAC) selon l'annuaire UAC. Localisation d'après le tableau 2 de l'annuaire UAC 2021-2022. Domaines résumés d'après les filières du guide MESRS 2026-2027.
superieur;école nationale;École Nationale d'Économie Appliquée et de Management;ENEAM;public;Cotonou;;UAC;;;https://enseignementsuperieur.gouv.bj/uploads/document_actualite/4fa961e0a40ad936d2999887d6721e15.pdf | https://recherche-universitaire.uac.bj/wp-content/uploads/2023/11/Annuaire_Statistiques_UAC_2021_2022_29_10_2023.pdf | https://www.uac.bj/wp-content/uploads/2024/11/Quelques_Statistiques_sur_Annee_Academique_2023_2024_UAC_10_09_2024-1.pdf;officielle;Quartier Gbégamey d'après https://eneam.uac.bj/contacts (vu via extrait de recherche, page non ouverte). Localisation d'après le tableau 2 de l'annuaire UAC 2021-2022. Domaines résumés d'après les filières du guide MESRS 2026-2027.
superieur;école nationale;École Nationale des Sciences et Techniques de l'Information et de la Communication;ENSTIC;public;Abomey-Calavi;;UAC;;;https://enseignementsuperieur.gouv.bj/uploads/document_actualite/4fa961e0a40ad936d2999887d6721e15.pdf | https://recherche-universitaire.uac.bj/wp-content/uploads/2023/11/Annuaire_Statistiques_UAC_2021_2022_29_10_2023.pdf | https://www.uac.bj/wp-content/uploads/2024/11/Quelques_Statistiques_sur_Annee_Academique_2023_2024_UAC_10_09_2024-1.pdf;officielle;Ex-ENSTIC de Savalou, regroupée à l'UAC (décret 2016-638). Localisation d'après le tableau 2 de l'annuaire UAC 2021-2022. Domaines résumés d'après les filières du guide MESRS 2026-2027.
superieur;école normale supérieure;École Normale Supérieure de Porto-Novo;ENS;public;Porto-Novo;;UAC;;;https://enseignementsuperieur.gouv.bj/uploads/document_actualite/4fa961e0a40ad936d2999887d6721e15.pdf | https://recherche-universitaire.uac.bj/wp-content/uploads/2023/11/Annuaire_Statistiques_UAC_2021_2022_29_10_2023.pdf | https://www.uac.bj/wp-content/uploads/2024/11/Quelques_Statistiques_sur_Annee_Academique_2023_2024_UAC_10_09_2024-1.pdf;officielle;Ex-ENS de l'ancienne Université de Porto-Novo, rattachée à l'UAC (décret 2016-638). Localisation d'après le tableau 2 de l'annuaire UAC 2021-2022. Domaines résumés d'après les filières du guide MESRS 2026-2027.
superieur;école;École du Patrimoine Africain;EPA;public;Porto-Novo;;UAC;;;https://enseignementsuperieur.gouv.bj/uploads/document_actualite/4fa961e0a40ad936d2999887d6721e15.pdf | https://recherche-universitaire.uac.bj/wp-content/uploads/2023/11/Annuaire_Statistiques_UAC_2021_2022_29_10_2023.pdf | https://www.uac.bj/wp-content/uploads/2024/11/Quelques_Statistiques_sur_Annee_Academique_2023_2024_UAC_10_09_2024-1.pdf;officielle;Listée sous l'UAC par le guide MESRS et l'annuaire UAC. Statut institutionnel exact (école de l'UAC ou institution partenaire) à vérifier. Localisation d'après le tableau 2 de l'annuaire UAC 2021-2022. Domaines résumés d'après les filières du guide MESRS 2026-2027.
superieur;école;Haute École Régionale de Commerce International;HERCI;public;Sèmè-Kpodji;;UAC;;;https://enseignementsuperieur.gouv.bj/uploads/document_actualite/4fa961e0a40ad936d2999887d6721e15.pdf | https://recherche-universitaire.uac.bj/wp-content/uploads/2023/11/Annuaire_Statistiques_UAC_2021_2022_29_10_2023.pdf | https://www.uac.bj/wp-content/uploads/2024/11/Quelques_Statistiques_sur_Annee_Academique_2023_2024_UAC_10_09_2024-1.pdf;officielle;L'annuaire UAC la situe à Agblangandan (Sèmè-Kraké) et signale qu'elle est souvent comptée à tort avec Porto-Novo. Rattachée par le décret 2016-638. Localisation d'après le tableau 2 de l'annuaire UAC 2021-2022. Domaines résumés d'après les filières du guide MESRS 2026-2027.
superieur;institut;Institut de Formation et de Recherche en Informatique;IFRI;public;Abomey-Calavi;;UAC;;;https://enseignementsuperieur.gouv.bj/uploads/document_actualite/4fa961e0a40ad936d2999887d6721e15.pdf | https://recherche-universitaire.uac.bj/wp-content/uploads/2023/11/Annuaire_Statistiques_UAC_2021_2022_29_10_2023.pdf | https://www.uac.bj/wp-content/uploads/2024/11/Quelques_Statistiques_sur_Annee_Academique_2023_2024_UAC_10_09_2024-1.pdf;officielle;Localisation d'après le tableau 2 de l'annuaire UAC 2021-2022. Domaines résumés d'après les filières du guide MESRS 2026-2027.
superieur;institut;Institut de Mathématiques et de Sciences Physiques;IMSP;public;Dangbo;;UAC;;;https://enseignementsuperieur.gouv.bj/uploads/document_actualite/4fa961e0a40ad936d2999887d6721e15.pdf | https://recherche-universitaire.uac.bj/wp-content/uploads/2023/11/Annuaire_Statistiques_UAC_2021_2022_29_10_2023.pdf | https://www.uac.bj/wp-content/uploads/2024/11/Quelques_Statistiques_sur_Annee_Academique_2023_2024_UAC_10_09_2024-1.pdf;officielle;Rattaché à l'UAC par le décret 2016-638. Localisation d'après le tableau 2 de l'annuaire UAC 2021-2022. Domaines résumés d'après les filières du guide MESRS 2026-2027.
superieur;institut;Institut National de l'Eau;INE;public;Abomey-Calavi;;UAC;;;https://enseignementsuperieur.gouv.bj/uploads/document_actualite/4fa961e0a40ad936d2999887d6721e15.pdf | https://recherche-universitaire.uac.bj/wp-content/uploads/2023/11/Annuaire_Statistiques_UAC_2021_2022_29_10_2023.pdf | https://www.uac.bj/wp-content/uploads/2024/11/Quelques_Statistiques_sur_Annee_Academique_2023_2024_UAC_10_09_2024-1.pdf;officielle;Localisation d'après le tableau 2 de l'annuaire UAC 2021-2022. Domaines résumés d'après les filières du guide MESRS 2026-2027.
superieur;institut;Institut de Cadre de Vie (ex-IGATE, Institut de Géographie, de l'Aménagement du Territoire et de l'Environnement);ICaV;public;Abomey-Calavi;;UAC;;;https://enseignementsuperieur.gouv.bj/uploads/document_actualite/4fa961e0a40ad936d2999887d6721e15.pdf | https://recherche-universitaire.uac.bj/wp-content/uploads/2023/11/Annuaire_Statistiques_UAC_2021_2022_29_10_2023.pdf | https://www.uac.bj/wp-content/uploads/2024/11/Quelques_Statistiques_sur_Annee_Academique_2023_2024_UAC_10_09_2024-1.pdf;officielle;Ex-IGATE, renommé en 2021-2022 (annuaire UAC). Localisation d'après le tableau 2 de l'annuaire UAC 2021-2022. Domaines résumés d'après les filières du guide MESRS 2026-2027.
superieur;institut;Institut National de l'Éducation Physique et du Sport (ex-INJEPS);INEPS;public;Porto-Novo;;UAC;;;https://enseignementsuperieur.gouv.bj/uploads/document_actualite/4fa961e0a40ad936d2999887d6721e15.pdf | https://recherche-universitaire.uac.bj/wp-content/uploads/2023/11/Annuaire_Statistiques_UAC_2021_2022_29_10_2023.pdf | https://www.uac.bj/wp-content/uploads/2024/11/Quelques_Statistiques_sur_Annee_Academique_2023_2024_UAC_10_09_2024-1.pdf;officielle;"Guide 2026-2027 : « Institut National de l'Éducation Physique et Sportive » ; annuaire UAC : « … et du Sport ». Ex-INJEPS de Porto-Novo rattaché à l'UAC (décret 2016-638). Localisation d'après le tableau 2 de l'annuaire UAC 2021-2022. Domaines résumés d'après les filières du guide MESRS 2026-2027."
superieur;institut;Institut National des Métiers d'Arts, d'Archéologie et de la Culture;INMAAC;public;Abomey-Calavi;;UAC;;;https://enseignementsuperieur.gouv.bj/uploads/document_actualite/4fa961e0a40ad936d2999887d6721e15.pdf | https://recherche-universitaire.uac.bj/wp-content/uploads/2023/11/Annuaire_Statistiques_UAC_2021_2022_29_10_2023.pdf | https://www.uac.bj/wp-content/uploads/2024/11/Quelques_Statistiques_sur_Annee_Academique_2023_2024_UAC_10_09_2024-1.pdf;officielle;Localisation d'après le tableau 2 de l'annuaire UAC 2021-2022. Domaines résumés d'après les filières du guide MESRS 2026-2027.
superieur;institut;Institut National Médico-Sanitaire;INMeS;public;Cotonou;;UAC;;;https://enseignementsuperieur.gouv.bj/uploads/document_actualite/4fa961e0a40ad936d2999887d6721e15.pdf | https://recherche-universitaire.uac.bj/wp-content/uploads/2023/11/Annuaire_Statistiques_UAC_2021_2022_29_10_2023.pdf | https://www.uac.bj/wp-content/uploads/2024/11/Quelques_Statistiques_sur_Annee_Academique_2023_2024_UAC_10_09_2024-1.pdf;officielle;Sigle écrit « INeMES » dans le guide 2026-2027, « INMeS » dans les statistiques UAC. Localisation d'après le tableau 2 de l'annuaire UAC 2021-2022. Domaines résumés d'après les filières du guide MESRS 2026-2027.
superieur;institut;Institut Régional de Santé Publique;IRSP;public;Ouidah;;UAC;;;https://enseignementsuperieur.gouv.bj/uploads/document_actualite/4fa961e0a40ad936d2999887d6721e15.pdf | https://recherche-universitaire.uac.bj/wp-content/uploads/2023/11/Annuaire_Statistiques_UAC_2021_2022_29_10_2023.pdf | https://www.uac.bj/wp-content/uploads/2024/11/Quelques_Statistiques_sur_Annee_Academique_2023_2024_UAC_10_09_2024-1.pdf;officielle;Localisation d'après le tableau 2 de l'annuaire UAC 2021-2022. Domaines résumés d'après les filières du guide MESRS 2026-2027.
superieur;institut;Institut de Langue Arabe et de Culture Islamique;ILACI;public;Abomey-Calavi;;UAC;;;https://enseignementsuperieur.gouv.bj/uploads/document_actualite/4fa961e0a40ad936d2999887d6721e15.pdf | https://recherche-universitaire.uac.bj/wp-content/uploads/2023/11/Annuaire_Statistiques_UAC_2021_2022_29_10_2023.pdf | https://www.uac.bj/wp-content/uploads/2024/11/Quelques_Statistiques_sur_Annee_Academique_2023_2024_UAC_10_09_2024-1.pdf;officielle;L'annuaire UAC écrit « Institut des Langues Arabes et Cultures Islamiques ». Localisation d'après le tableau 2 de l'annuaire UAC 2021-2022. Domaines résumés d'après les filières du guide MESRS 2026-2027.
superieur;institut;Institut Confucius (institut de langue chinoise);IC;public;Abomey-Calavi;;UAC;;;https://enseignementsuperieur.gouv.bj/uploads/document_actualite/4fa961e0a40ad936d2999887d6721e15.pdf | https://recherche-universitaire.uac.bj/wp-content/uploads/2023/11/Annuaire_Statistiques_UAC_2021_2022_29_10_2023.pdf | https://www.uac.bj/wp-content/uploads/2024/11/Quelques_Statistiques_sur_Annee_Academique_2023_2024_UAC_10_09_2024-1.pdf;officielle;Localisation d'après le tableau 2 de l'annuaire UAC 2021-2022. Domaines résumés d'après les filières du guide MESRS 2026-2027.
superieur;centre;Centre Interfacultaire de Formation et de Recherche en Environnement pour le Développement Durable;CIFRED;public;Abomey-Calavi;;UAC;;;https://enseignementsuperieur.gouv.bj/uploads/document_actualite/4fa961e0a40ad936d2999887d6721e15.pdf | https://recherche-universitaire.uac.bj/wp-content/uploads/2023/11/Annuaire_Statistiques_UAC_2021_2022_29_10_2023.pdf | https://www.uac.bj/wp-content/uploads/2024/11/Quelques_Statistiques_sur_Annee_Academique_2023_2024_UAC_10_09_2024-1.pdf;officielle;L'annuaire 2021-2022 écrit « Centre Inter-Facultaire de la Recherche pour l'Environnement et le Développement Durable ». Localisation d'après le tableau 2 de l'annuaire UAC 2021-2022. Domaines résumés d'après les filières du guide MESRS 2026-2027.
superieur;centre;Centre de Formation et de Recherche en matière de Population;CEFORP;public;Cotonou;;UAC;;;https://enseignementsuperieur.gouv.bj/uploads/document_actualite/4fa961e0a40ad936d2999887d6721e15.pdf | https://recherche-universitaire.uac.bj/wp-content/uploads/2023/11/Annuaire_Statistiques_UAC_2021_2022_29_10_2023.pdf | https://www.uac.bj/wp-content/uploads/2024/11/Quelques_Statistiques_sur_Annee_Academique_2023_2024_UAC_10_09_2024-1.pdf;officielle;L'annuaire 2021-2022 écrit « Centre de Formation pour la Recherche en matière de Population ». Localisation d'après le tableau 2 de l'annuaire UAC 2021-2022. Domaines résumés d'après les filières du guide MESRS 2026-2027.
superieur;centre;Centre Béninois des Langues Étrangères;CEBELAE;public;Cotonou;;UAC;;;https://recherche-universitaire.uac.bj/wp-content/uploads/2023/11/Annuaire_Statistiques_UAC_2021_2022_29_10_2023.pdf | https://www.uac.bj/wp-content/uploads/2024/11/Quelques_Statistiques_sur_Annee_Academique_2023_2024_UAC_10_09_2024-1.pdf;officielle;Figure dans l'annuaire 2021-2022, mais pas dans les statistiques 2023-2024 ni dans le guide 2026-2027. Activité actuelle à vérifier. Pas de recrutement en licence. Localisation d'après le tableau 2 de l'annuaire UAC 2021-2022.
superieur;chaire;Chaire UNESCO des Droits de la Personne Humaine et de la Démocratie;CHAIRE DPHD;public;Abomey-Calavi;;UAC;;;https://recherche-universitaire.uac.bj/wp-content/uploads/2023/11/Annuaire_Statistiques_UAC_2021_2022_29_10_2023.pdf | https://www.uac.bj/wp-content/uploads/2024/11/Quelques_Statistiques_sur_Annee_Academique_2023_2024_UAC_10_09_2024-1.pdf;officielle;Pas de recrutement en licence. Localisation d'après le tableau 2 de l'annuaire UAC 2021-2022.
superieur;chaire;Chaire Internationale de Physique Mathématique et Applications;CIPMA;public;Abomey-Calavi;;UAC;;;https://recherche-universitaire.uac.bj/wp-content/uploads/2023/11/Annuaire_Statistiques_UAC_2021_2022_29_10_2023.pdf | https://www.uac.bj/wp-content/uploads/2024/11/Quelques_Statistiques_sur_Annee_Academique_2023_2024_UAC_10_09_2024-1.pdf;officielle;Sur le campus d'Abomey-Calavi depuis 2021-2022 (auparavant à Cotonou). Pas de recrutement en licence. Localisation d'après le tableau 2 de l'annuaire UAC 2021-2022.
superieur;chaire;Chaire OMC Commerce International et Développement Inclusif;COMCCIDI;public;Cotonou;;UAC;;;https://recherche-universitaire.uac.bj/wp-content/uploads/2023/11/Annuaire_Statistiques_UAC_2021_2022_29_10_2023.pdf | https://www.uac.bj/wp-content/uploads/2024/11/Quelques_Statistiques_sur_Annee_Academique_2023_2024_UAC_10_09_2024-1.pdf;officielle;Ex-CIDI-OMC. Figure dans l'annuaire 2021-2022, mais pas dans les statistiques 2023-2024. Activité actuelle à vérifier. Pas de recrutement en licence. Localisation d'après le tableau 2 de l'annuaire UAC 2021-2022.
superieur;école doctorale;École Doctorale Pluridisciplinaire Espaces, Cultures et Développement;EDPECD;public;Abomey-Calavi;;UAC;;;https://recherche-universitaire.uac.bj/wp-content/uploads/2023/11/Annuaire_Statistiques_UAC_2021_2022_29_10_2023.pdf | https://www.uac.bj/wp-content/uploads/2024/11/Quelques_Statistiques_sur_Annee_Academique_2023_2024_UAC_10_09_2024-1.pdf;officielle;Pas de recrutement en licence. Localisation d'après le tableau 2 de l'annuaire UAC 2021-2022.
superieur;école doctorale;École Doctorale Pluridisciplinaire Éducation Physique, Sport et Développement Humain;EDPEPSDH;public;Porto-Novo;;UAC;;;https://recherche-universitaire.uac.bj/wp-content/uploads/2023/11/Annuaire_Statistiques_UAC_2021_2022_29_10_2023.pdf | https://www.uac.bj/wp-content/uploads/2024/11/Quelques_Statistiques_sur_Annee_Academique_2023_2024_UAC_10_09_2024-1.pdf;officielle;Pas de recrutement en licence. Localisation d'après le tableau 2 de l'annuaire UAC 2021-2022.
superieur;école doctorale;École Doctorale Sciences Agronomiques et de l'Eau;EDSAE;public;Abomey-Calavi;;UAC;;;https://recherche-universitaire.uac.bj/wp-content/uploads/2023/11/Annuaire_Statistiques_UAC_2021_2022_29_10_2023.pdf | https://www.uac.bj/wp-content/uploads/2024/11/Quelques_Statistiques_sur_Annee_Academique_2023_2024_UAC_10_09_2024-1.pdf;officielle;Pas de recrutement en licence. Localisation d'après le tableau 2 de l'annuaire UAC 2021-2022.
superieur;école doctorale;École Doctorale Sciences de l'Ingénieur;EDSDI;public;Abomey-Calavi;;UAC;;;https://recherche-universitaire.uac.bj/wp-content/uploads/2023/11/Annuaire_Statistiques_UAC_2021_2022_29_10_2023.pdf | https://www.uac.bj/wp-content/uploads/2024/11/Quelques_Statistiques_sur_Annee_Academique_2023_2024_UAC_10_09_2024-1.pdf;officielle;Pas de recrutement en licence. Localisation d'après le tableau 2 de l'annuaire UAC 2021-2022.
superieur;école doctorale;École Doctorale Sciences Exactes et Appliquées;EDSEA;public;Abomey-Calavi;;UAC;;;https://recherche-universitaire.uac.bj/wp-content/uploads/2023/11/Annuaire_Statistiques_UAC_2021_2022_29_10_2023.pdf | https://www.uac.bj/wp-content/uploads/2024/11/Quelques_Statistiques_sur_Annee_Academique_2023_2024_UAC_10_09_2024-1.pdf;officielle;Pas de recrutement en licence. Localisation d'après le tableau 2 de l'annuaire UAC 2021-2022.
superieur;école doctorale;École Doctorale Sciences Économiques et de Gestion;EDSEG;public;Cotonou;;UAC;;;https://recherche-universitaire.uac.bj/wp-content/uploads/2023/11/Annuaire_Statistiques_UAC_2021_2022_29_10_2023.pdf | https://www.uac.bj/wp-content/uploads/2024/11/Quelques_Statistiques_sur_Annee_Academique_2023_2024_UAC_10_09_2024-1.pdf;officielle;Pas de recrutement en licence. Localisation d'après le tableau 2 de l'annuaire UAC 2021-2022.
superieur;école doctorale;École Doctorale des Sciences Juridiques, Politiques et Administratives;EDSJPA;public;Abomey-Calavi;;UAC;;;https://recherche-universitaire.uac.bj/wp-content/uploads/2023/11/Annuaire_Statistiques_UAC_2021_2022_29_10_2023.pdf | https://www.uac.bj/wp-content/uploads/2024/11/Quelques_Statistiques_sur_Annee_Academique_2023_2024_UAC_10_09_2024-1.pdf;officielle;Pas de recrutement en licence. Localisation d'après le tableau 2 de l'annuaire UAC 2021-2022.
superieur;école doctorale;École Doctorale Sciences de la Santé;EDSS;public;Cotonou;;UAC;;;https://recherche-universitaire.uac.bj/wp-content/uploads/2023/11/Annuaire_Statistiques_UAC_2021_2022_29_10_2023.pdf | https://www.uac.bj/wp-content/uploads/2024/11/Quelques_Statistiques_sur_Annee_Academique_2023_2024_UAC_10_09_2024-1.pdf;officielle;Pas de recrutement en licence. Localisation d'après le tableau 2 de l'annuaire UAC 2021-2022.
superieur;école doctorale;École Doctorale Sciences de la Vie et de la Terre;EDSVT;public;Abomey-Calavi;;UAC;;;https://recherche-universitaire.uac.bj/wp-content/uploads/2023/11/Annuaire_Statistiques_UAC_2021_2022_29_10_2023.pdf | https://www.uac.bj/wp-content/uploads/2024/11/Quelques_Statistiques_sur_Annee_Academique_2023_2024_UAC_10_09_2024-1.pdf;officielle;Pas de recrutement en licence. Localisation d'après le tableau 2 de l'annuaire UAC 2021-2022.
superieur;centre universitaire (site);Centre universitaire d'Abomey-Calavi (campus principal);;public;Abomey-Calavi;;UAC;;;https://recherche-universitaire.uac.bj/wp-content/uploads/2023/11/Annuaire_Statistiques_UAC_2021_2022_29_10_2023.pdf | https://www.uac.bj/wp-content/uploads/2024/11/Quelques_Statistiques_sur_Annee_Academique_2023_2024_UAC_10_09_2024-1.pdf;officielle;Ligne de site géographique, pas un établissement. ~80 % des inscrits 2023-2024.
superieur;centre universitaire (site);Centre universitaire de Cotonou;;public;Cotonou;;UAC;;;https://recherche-universitaire.uac.bj/wp-content/uploads/2023/11/Annuaire_Statistiques_UAC_2021_2022_29_10_2023.pdf | https://www.uac.bj/wp-content/uploads/2024/11/Quelques_Statistiques_sur_Annee_Academique_2023_2024_UAC_10_09_2024-1.pdf;officielle;Ligne de site géographique, pas un établissement. FSS, ENEAM, INMeS, CEFORP, CEBELAE, COMCCIDI, EDSEG, EDSS.
superieur;centre universitaire (site);Centre universitaire de Porto-Novo;;public;Porto-Novo;;UAC;;;https://recherche-universitaire.uac.bj/wp-content/uploads/2023/11/Annuaire_Statistiques_UAC_2021_2022_29_10_2023.pdf | https://www.uac.bj/wp-content/uploads/2024/11/Quelques_Statistiques_sur_Annee_Academique_2023_2024_UAC_10_09_2024-1.pdf;officielle;Ligne de site géographique, pas un établissement. ENS, INEPS, EPA, EDPEPSDH.
superieur;centre universitaire (site);Centre universitaire d'Adjarra;;public;Adjarra;;UAC;;;https://recherche-universitaire.uac.bj/wp-content/uploads/2023/11/Annuaire_Statistiques_UAC_2021_2022_29_10_2023.pdf | https://www.uac.bj/wp-content/uploads/2024/11/Quelques_Statistiques_sur_Annee_Academique_2023_2024_UAC_10_09_2024-1.pdf;officielle;Ligne de site géographique, pas un établissement. FLASH-Adjarra.
superieur;centre universitaire (site);Centre universitaire de Dangbo;;public;Dangbo;;UAC;;;https://recherche-universitaire.uac.bj/wp-content/uploads/2023/11/Annuaire_Statistiques_UAC_2021_2022_29_10_2023.pdf | https://www.uac.bj/wp-content/uploads/2024/11/Quelques_Statistiques_sur_Annee_Academique_2023_2024_UAC_10_09_2024-1.pdf;officielle;Ligne de site géographique, pas un établissement. IMSP.
superieur;centre universitaire (site);Centre universitaire de Ouidah;;public;Ouidah;;UAC;;;https://recherche-universitaire.uac.bj/wp-content/uploads/2023/11/Annuaire_Statistiques_UAC_2021_2022_29_10_2023.pdf | https://www.uac.bj/wp-content/uploads/2024/11/Quelques_Statistiques_sur_Annee_Academique_2023_2024_UAC_10_09_2024-1.pdf;officielle;Ligne de site géographique, pas un établissement. IRSP.
superieur;centre universitaire (site);Centre universitaire de Sèmè-Kpodji (Agblangandan);;public;Sèmè-Kpodji;;UAC;;;https://recherche-universitaire.uac.bj/wp-content/uploads/2023/11/Annuaire_Statistiques_UAC_2021_2022_29_10_2023.pdf | https://www.uac.bj/wp-content/uploads/2024/11/Quelques_Statistiques_sur_Annee_Academique_2023_2024_UAC_10_09_2024-1.pdf;officielle;Ligne de site géographique, pas un établissement. HERCI.
superieur;faculté;Faculté d'Agronomie;FA;public;Parakou;;UP;;;https://www.univ-parakou.bj/ | https://enseignementsuperieur.gouv.bj/uploads/document_actualite/4fa961e0a40ad936d2999887d6721e15.pdf | https://fr.wikipedia.org/wiki/Universit%C3%A9_de_Parakou;officielle;Liste des 11 entités tirée des données de l'application univ-parakou.bj. Le site ne donne pas d'adresse par entité : Parakou selon Wikipédia.
superieur;faculté;Faculté de Médecine;FM;public;Parakou;;UP;;;https://www.univ-parakou.bj/ | https://enseignementsuperieur.gouv.bj/uploads/document_actualite/4fa961e0a40ad936d2999887d6721e15.pdf | https://fr.wikipedia.org/wiki/Universit%C3%A9_de_Parakou;officielle;Liste des 11 entités tirée des données de l'application univ-parakou.bj. Le site ne donne pas d'adresse par entité : Parakou selon Wikipédia.
superieur;faculté;Faculté des Sciences Économiques et de Gestion;FASEG;public;Parakou;;UP;;;https://www.univ-parakou.bj/ | https://enseignementsuperieur.gouv.bj/uploads/document_actualite/4fa961e0a40ad936d2999887d6721e15.pdf | https://fr.wikipedia.org/wiki/Universit%C3%A9_de_Parakou;officielle;Ex-FASEG de Savè regroupée à Parakou (décret 2016-638). Liste des 11 entités tirée des données de l'application univ-parakou.bj. Le site ne donne pas d'adresse par entité : Parakou selon Wikipédia.
superieur;faculté;Faculté de Droit et de Science Politique;FDSP;public;Parakou;;UP;;;https://www.univ-parakou.bj/ | https://enseignementsuperieur.gouv.bj/uploads/document_actualite/4fa961e0a40ad936d2999887d6721e15.pdf | https://fr.wikipedia.org/wiki/Universit%C3%A9_de_Parakou;officielle;"Site UP : « de Science Politique » ; guide et décret : « et Sciences Politiques ». Ex-FDSP de Tchaourou regroupée à Parakou (décret 2016-638). Liste des 11 entités tirée des données de l'application univ-parakou.bj. Le site ne donne pas d'adresse par entité : Parakou selon Wikipédia."
superieur;faculté;Faculté des Lettres, Arts et Sciences Humaines;FLASH;public;Parakou;;UP;;;https://www.univ-parakou.bj/ | https://enseignementsuperieur.gouv.bj/uploads/document_actualite/4fa961e0a40ad936d2999887d6721e15.pdf | https://fr.wikipedia.org/wiki/Universit%C3%A9_de_Parakou;officielle;Liste des 11 entités tirée des données de l'application univ-parakou.bj. Le site ne donne pas d'adresse par entité : Parakou selon Wikipédia.
superieur;institut;Institut Universitaire de Technologie;IUT;public;Parakou;;UP;;;https://www.univ-parakou.bj/ | https://enseignementsuperieur.gouv.bj/uploads/document_actualite/4fa961e0a40ad936d2999887d6721e15.pdf | https://fr.wikipedia.org/wiki/Universit%C3%A9_de_Parakou;officielle;Liste des 11 entités tirée des données de l'application univ-parakou.bj. Le site ne donne pas d'adresse par entité : Parakou selon Wikipédia.
superieur;école nationale;École Nationale des Techniciens Supérieurs en Santé Publique et Surveillance Épidémiologique;ENATSE;public;Parakou;;UP;;;https://www.univ-parakou.bj/ | https://enseignementsuperieur.gouv.bj/uploads/document_actualite/4fa961e0a40ad936d2999887d6721e15.pdf | https://fr.wikipedia.org/wiki/Universit%C3%A9_de_Parakou;officielle;"Site UP : « École Nationale des Techniciens en Santé publique… » ; guide MESRS : « … des Techniciens Supérieurs en Santé Publique… ». Liste des 11 entités tirée des données de l'application univ-parakou.bj. Le site ne donne pas d'adresse par entité : Parakou selon Wikipédia."
superieur;école nationale;École Nationale de Statistique, de Planification et de Démographie;ENSPD;public;Parakou;;UP;;;https://www.univ-parakou.bj/ | https://enseignementsuperieur.gouv.bj/uploads/document_actualite/4fa961e0a40ad936d2999887d6721e15.pdf | https://fr.wikipedia.org/wiki/Universit%C3%A9_de_Parakou;officielle;Liste des 11 entités tirée des données de l'application univ-parakou.bj. Le site ne donne pas d'adresse par entité : Parakou selon Wikipédia.
superieur;institut;Institut de Formation en Soins Infirmiers et Obstétricaux;IFSIO;public;Parakou;;UP;;;https://www.univ-parakou.bj/ | https://enseignementsuperieur.gouv.bj/uploads/document_actualite/4fa961e0a40ad936d2999887d6721e15.pdf | https://fr.wikipedia.org/wiki/Universit%C3%A9_de_Parakou;officielle;Liste des 11 entités tirée des données de l'application univ-parakou.bj. Le site ne donne pas d'adresse par entité : Parakou selon Wikipédia.
superieur;école doctorale;École Doctorale des Sciences Agronomiques et de l'Eau;EDSAE;public;Parakou;;UP;;;https://www.univ-parakou.bj/ | https://fr.wikipedia.org/wiki/Universit%C3%A9_de_Parakou;officielle;École doctorale. Liste des 11 entités tirée des données de l'application univ-parakou.bj. Le site ne donne pas d'adresse par entité : Parakou selon Wikipédia.
superieur;école doctorale;École Doctorale Sciences Juridiques, Politiques et Administratives;EDSJPA;public;Parakou;;UP;;;https://www.univ-parakou.bj/ | https://fr.wikipedia.org/wiki/Universit%C3%A9_de_Parakou;officielle;École doctorale. Liste des 11 entités tirée des données de l'application univ-parakou.bj. Le site ne donne pas d'adresse par entité : Parakou selon Wikipédia.
superieur;institut;Institut National Supérieur de Technologie Industrielle;INSTI;public;Lokossa;;UNSTIM;;;https://unstim.bj/formations/les-entit%C3%A9s-de-formation | https://enseignementsuperieur.gouv.bj/uploads/document_actualite/4fa961e0a40ad936d2999887d6721e15.pdf;officielle;Probablement l'ex-IUT de Lokossa, rattaché à l'UNSTIM par le décret 2016-638 (filiation non confirmée par un texte). Localisation d'après la page Entités d'unstim.bj.
superieur;institut;Institut National Supérieur des Classes Préparatoires aux Études d'Ingénieur;INSPEI;public;Abomey;;UNSTIM;;;https://unstim.bj/formations/les-entit%C3%A9s-de-formation | https://enseignementsuperieur.gouv.bj/uploads/document_actualite/4fa961e0a40ad936d2999887d6721e15.pdf;officielle;"Le décret 2016-638 le situait à Savalou ; le site UNSTIM le place aujourd'hui à Abomey (Sogbo-Aliho). Localisation d'après la page Entités d'unstim.bj."
superieur;faculté;Faculté des Sciences et Techniques de Natitingou;FAST-Natitingou;public;Natitingou;;UNSTIM;;;https://unstim.bj/formations/les-entit%C3%A9s-de-formation | https://enseignementsuperieur.gouv.bj/uploads/document_actualite/4fa961e0a40ad936d2999887d6721e15.pdf;officielle;Sigle officiel : FAST (« FAST/Natitingou » dans le guide). Localisation d'après la page Entités d'unstim.bj.
superieur;école nationale supérieure;École Nationale Supérieure des Travaux Publics;ENSTP;public;Abomey;;UNSTIM;;;https://unstim.bj/formations/les-entit%C3%A9s-de-formation | https://enseignementsuperieur.gouv.bj/uploads/document_actualite/4fa961e0a40ad936d2999887d6721e15.pdf;officielle;Localisation d'après la page Entités d'unstim.bj.
superieur;école nationale supérieure;École Nationale Supérieure de Génie Mathématique et Modélisation;ENSGMM;public;Abomey;;UNSTIM;;;https://unstim.bj/formations/les-entit%C3%A9s-de-formation;officielle;Absente du guide MESRS 2026-2027 (pas de recrutement direct de bacheliers). Localisation d'après la page Entités d'unstim.bj.
superieur;école nationale supérieure;École Nationale Supérieure de Génie Énergétique et Procédés;ENSGEP;public;Abomey;;UNSTIM;;;https://unstim.bj/formations/les-entit%C3%A9s-de-formation | https://enseignementsuperieur.gouv.bj/uploads/document_actualite/4fa961e0a40ad936d2999887d6721e15.pdf;officielle;Localisation d'après la page Entités d'unstim.bj.
superieur;école normale supérieure;École Normale Supérieure de l'Enseignement Technique;ENSET;public;Lokossa;;UNSTIM;;;https://unstim.bj/formations/les-entit%C3%A9s-de-formation | https://enseignementsuperieur.gouv.bj/uploads/document_actualite/4fa961e0a40ad936d2999887d6721e15.pdf;officielle;Rattachée à l'UNSTIM par le décret 2016-638. Localisation d'après la page Entités d'unstim.bj.
superieur;école nationale supérieure;École Nationale Supérieure des Biosciences et Biotechnologies Appliquées;ENSBBA;public;Dassa-Zoumé;;UNSTIM;;;https://unstim.bj/formations/les-entit%C3%A9s-de-formation | https://enseignementsuperieur.gouv.bj/uploads/document_actualite/4fa961e0a40ad936d2999887d6721e15.pdf;officielle;Localisation d'après la page Entités d'unstim.bj.
superieur;école normale supérieure;École Normale Supérieure de Natitingou;ENS-Natitingou;public;Natitingou;;UNSTIM;;;https://unstim.bj/formations/les-entit%C3%A9s-de-formation | https://enseignementsuperieur.gouv.bj/uploads/document_actualite/4fa961e0a40ad936d2999887d6721e15.pdf;officielle;Sigle officiel : ENS (« ENS/Natitingou » dans le guide). Rattachée à l'UNSTIM par le décret 2016-638. Localisation d'après la page Entités d'unstim.bj.
superieur;école doctorale;École Doctorale des Sciences, Technologies, Ingénierie et Mathématiques;EDSTIM;public;Abomey;;UNSTIM;;;https://unstim.bj/formations/les-entit%C3%A9s-de-formation;officielle;École doctorale. Localisation d'après la page Entités d'unstim.bj.
superieur;école;École d'Aquaculture;EAq;public;Adjohoun;;UNA;;;https://enseignementsuperieur.gouv.bj/uploads/document_actualite/4fa961e0a40ad936d2999887d6721e15.pdf | https://una.bj/schools | https://fr.wikipedia.org/wiki/Universit%C3%A9_nationale_d'agriculture;officielle;"Localisation d'après Wikipédia FR, cohérente avec les centres Kétou (Idigny, Awaï), Sakété et Adjohoun du décret 2016-638 ; una.bj ne publie pas d'adresse par école."
superieur;école;École d'Horticulture et d'Aménagement des Espaces Verts;EHAEV;public;Kétou;;UNA;;;https://enseignementsuperieur.gouv.bj/uploads/document_actualite/4fa961e0a40ad936d2999887d6721e15.pdf | https://una.bj/schools | https://fr.wikipedia.org/wiki/Universit%C3%A9_nationale_d'agriculture;officielle;"Localisation d'après Wikipédia FR, cohérente avec les centres Kétou (Idigny, Awaï), Sakété et Adjohoun du décret 2016-638 ; una.bj ne publie pas d'adresse par école."
superieur;école;École de Gestion et de Production Végétale et Semencière;EGPVS;public;Kétou;;UNA;;;https://enseignementsuperieur.gouv.bj/uploads/document_actualite/4fa961e0a40ad936d2999887d6721e15.pdf | https://una.bj/schools | https://fr.wikipedia.org/wiki/Universit%C3%A9_nationale_d'agriculture;officielle;"Localisation d'après Wikipédia FR, cohérente avec les centres Kétou (Idigny, Awaï), Sakété et Adjohoun du décret 2016-638 ; una.bj ne publie pas d'adresse par école."
superieur;école;École des Sciences et Techniques de Conservation et de Transformation des Produits Agricoles;ESTCTPA;public;Sakété;;UNA;;;https://enseignementsuperieur.gouv.bj/uploads/document_actualite/4fa961e0a40ad936d2999887d6721e15.pdf | https://una.bj/schools | https://fr.wikipedia.org/wiki/Universit%C3%A9_nationale_d'agriculture;officielle;"Localisation d'après Wikipédia FR, cohérente avec les centres Kétou (Idigny, Awaï), Sakété et Adjohoun du décret 2016-638 ; una.bj ne publie pas d'adresse par école."
superieur;école;École de Génie Rural;EGR;public;;;UNA;;;https://enseignementsuperieur.gouv.bj/uploads/document_actualite/4fa961e0a40ad936d2999887d6721e15.pdf | https://una.bj/schools | https://fr.wikipedia.org/wiki/Universit%C3%A9_nationale_d'agriculture;officielle;LOCALISATION NON TROUVÉE. Présente dans le guide 2026-2027 et ses filières figurent sur una.bj, mais elle manque au menu « Écoles » d'una.bj (8 écoles). Hypothèse non vérifiée : elle succède à l'EMACoM du décret 2016-638.
superieur;école;École de Gestion et d'Exploitation des Systèmes d'Élevage;EGESE;public;Kétou;;UNA;;;https://enseignementsuperieur.gouv.bj/uploads/document_actualite/4fa961e0a40ad936d2999887d6721e15.pdf | https://una.bj/schools | https://fr.wikipedia.org/wiki/Universit%C3%A9_nationale_d'agriculture;officielle;"Localisation d'après Wikipédia FR, cohérente avec les centres Kétou (Idigny, Awaï), Sakété et Adjohoun du décret 2016-638 ; una.bj ne publie pas d'adresse par école."
superieur;école;École d'Agrobusiness et de Politiques Agricoles;EAPA;public;Porto-Novo;;UNA;;;https://enseignementsuperieur.gouv.bj/uploads/document_actualite/4fa961e0a40ad936d2999887d6721e15.pdf | https://una.bj/schools | https://fr.wikipedia.org/wiki/Universit%C3%A9_nationale_d'agriculture;officielle;"Localisation d'après Wikipédia FR, cohérente avec les centres Kétou (Idigny, Awaï), Sakété et Adjohoun du décret 2016-638 ; una.bj ne publie pas d'adresse par école."
superieur;école;École de Sociologie Rurale et de Vulgarisation Agricole;ESRVA;public;Porto-Novo;;UNA;;;https://enseignementsuperieur.gouv.bj/uploads/document_actualite/4fa961e0a40ad936d2999887d6721e15.pdf | https://una.bj/schools | https://fr.wikipedia.org/wiki/Universit%C3%A9_nationale_d'agriculture;officielle;"Localisation d'après Wikipédia FR, cohérente avec les centres Kétou (Idigny, Awaï), Sakété et Adjohoun du décret 2016-638 ; una.bj ne publie pas d'adresse par école."
superieur;école;École de Foresterie Tropicale;EForT;public;Kétou;;UNA;;;https://enseignementsuperieur.gouv.bj/uploads/document_actualite/4fa961e0a40ad936d2999887d6721e15.pdf | https://una.bj/schools | https://fr.wikipedia.org/wiki/Universit%C3%A9_nationale_d'agriculture;officielle;"Appelée « Foresterie et Ingénierie de Bois » sur una.bj et « EFIB » dans le décret 2016-638. Localisation d'après Wikipédia FR, cohérente avec les centres Kétou (Idigny, Awaï), Sakété et Adjohoun du décret 2016-638 ; una.bj ne publie pas d'adresse par école."
superieur;école doctorale;École doctorale de l'UNA (5 formations doctorales);;public;;;UNA;;;https://una.bj/;officielle;Existence attestée par una.bj (« Comité Pédagogique et Scientifique de l'Ecole Doctorale »). Nom officiel, sigle et site non trouvés.
superieur;établissement privé d'enseignement supérieur (EPES);African School of Economics;ASE;prive;;;;;;https://enseignementsuperieur.gouv.bj/uploads/document_actualite/4fa961e0a40ad936d2999887d6721e15.pdf https://enseignementsuperieur.gouv.bj/uploads/universite_directory/85b712cd25f07f6b8487f34bbd4a8659.pdf https://decsup.bj/uploads/communique/document_635.pdf;officielle;"Guide MESRS 2026-2027 : filières en régime d'ouverture ; Guide MESRS 2024-2025 : filières en régime d'ouverture ; Candidats aux examens nationaux (DECSUP) : Licence 2026, Master 2025, Master 2026 (2026-07-30). Commune non indiquée par les sources consultées."
superieur;établissement privé d'enseignement supérieur (EPES);ASSANA-FORMATION;;prive;;;;;;https://enseignementsuperieur.gouv.bj/uploads/universite_directory/85b712cd25f07f6b8487f34bbd4a8659.pdf;officielle;Guide MESRS 2024-2025 : filières en régime d'ouverture (2024-07-29). Commune non indiquée par les sources consultées. Absent du guide 2026-2027.
superieur;établissement privé d'enseignement supérieur (EPES);Centre d'Étude des Relations Internationales et de Géostratégie;CERIG;prive;;;;;;https://enseignementsuperieur.gouv.bj/uploads/document_actualite/4fa961e0a40ad936d2999887d6721e15.pdf;officielle;Guide MESRS 2026-2027 : filières en régime d'ouverture (2026-07-30). Commune non indiquée par les sources consultées. Nouveau dans le guide 2026-2027.
superieur;établissement privé d'enseignement supérieur (EPES);Centre d'Études Touristiques de l'Agence Africaine de Tourisme;CET AAT-IPAAM;prive;;;;;;https://enseignementsuperieur.gouv.bj/uploads/document_actualite/4fa961e0a40ad936d2999887d6721e15.pdf https://enseignementsuperieur.gouv.bj/uploads/universite_directory/85b712cd25f07f6b8487f34bbd4a8659.pdf https://decsup.bj/uploads/communique/document_636.pdf;officielle;"Guide MESRS 2026-2027 : filières en régime d'ouverture ; Guide MESRS 2024-2025 : filières en régime d'ouverture ; Candidats aux examens nationaux (DECSUP) : Licence 2025, Licence 2026, Master 2025, Master 2026 (2026-07-30). Commune non indiquée par les sources consultées."
superieur;établissement privé d'enseignement supérieur (EPES);Centre de Formation Professionnelle aux Métiers des Médias;CFPMM;prive;;;;;;https://enseignementsuperieur.gouv.bj/uploads/universite_directory/85b712cd25f07f6b8487f34bbd4a8659.pdf;officielle;Guide MESRS 2024-2025 : filières en régime d'ouverture (2024-07-29). Commune non indiquée par les sources consultées. Absent du guide 2026-2027.
superieur;établissement privé d'enseignement supérieur (EPES);Centre de Formation Professionnelle et de Perfectionnement;CFPP;prive;;;;;;https://enseignementsuperieur.gouv.bj/uploads/document_actualite/4fa961e0a40ad936d2999887d6721e15.pdf https://enseignementsuperieur.gouv.bj/uploads/universite_directory/85b712cd25f07f6b8487f34bbd4a8659.pdf;officielle;"Guide MESRS 2026-2027 : filières en régime d'ouverture ; Guide MESRS 2024-2025 : filières en régime d'ouverture (2026-07-30). Commune non indiquée par les sources consultées."
superieur;établissement privé d'enseignement supérieur (EPES);Centre de Formation Touristique et Hôtelière;CFTH;prive;;;;;;https://enseignementsuperieur.gouv.bj/uploads/document_actualite/4fa961e0a40ad936d2999887d6721e15.pdf https://enseignementsuperieur.gouv.bj/uploads/universite_directory/85b712cd25f07f6b8487f34bbd4a8659.pdf https://decsup.bj/uploads/communique/document_571.pdf;officielle;"Guide MESRS 2026-2027 : filières agréées + filières en régime d'ouverture ; Guide MESRS 2024-2025 : filières en régime d'ouverture ; Candidats aux examens nationaux (DECSUP) : Licence 2025, Licence 2026 (2026-07-30). Commune non indiquée par les sources consultées. Passe d'ouverture (2024-2025) à une filière agréée (2026-2027)."
superieur;établissement privé d'enseignement supérieur (EPES);Centre des Sciences et de l'Éducation AL WAFAA;;prive;;;;;;https://enseignementsuperieur.gouv.bj/uploads/document_actualite/4fa961e0a40ad936d2999887d6721e15.pdf;officielle;Guide MESRS 2026-2027 : filières en régime d'ouverture (2026-07-30). Commune non indiquée par les sources consultées. Nouveau dans le guide 2026-2027.
superieur;établissement privé d'enseignement supérieur (EPES);Centre International de Formation à l'Expertise Comptable;CIFEC;prive;;;;;;https://enseignementsuperieur.gouv.bj/uploads/document_actualite/4fa961e0a40ad936d2999887d6721e15.pdf https://enseignementsuperieur.gouv.bj/uploads/universite_directory/85b712cd25f07f6b8487f34bbd4a8659.pdf https://decsup.bj/uploads/communique/document_572.pdf;officielle;"Guide MESRS 2026-2027 : filières agréées ; Guide MESRS 2024-2025 : filières agréées ; Candidats aux examens nationaux (DECSUP) : Licence 2025, Licence 2026 (2026-07-30). Commune non indiquée par les sources consultées."
superieur;établissement privé d'enseignement supérieur (EPES);Centre International Universitaire des Meilleurs;;prive;;;;;;https://enseignementsuperieur.gouv.bj/uploads/universite_directory/85b712cd25f07f6b8487f34bbd4a8659.pdf;officielle;Guide MESRS 2024-2025 : filières en régime d'ouverture (2024-07-29). Commune non indiquée par les sources consultées. Absent du guide 2026-2027.
superieur;établissement privé d'enseignement supérieur (EPES);Classes Préparatoires Audacia;CP-A;prive;;;;;;https://enseignementsuperieur.gouv.bj/uploads/document_actualite/4fa961e0a40ad936d2999887d6721e15.pdf https://enseignementsuperieur.gouv.bj/uploads/universite_directory/85b712cd25f07f6b8487f34bbd4a8659.pdf;officielle;"Guide MESRS 2026-2027 : filières en régime d'ouverture ; Guide MESRS 2024-2025 : filières en régime d'ouverture (2026-07-30). Commune non indiquée par les sources consultées. Classes préparatoires."
superieur;établissement privé d'enseignement supérieur (EPES);École de Commerce de Lyon Campus Bénin;;prive;;;;;;https://enseignementsuperieur.gouv.bj/uploads/document_actualite/4fa961e0a40ad936d2999887d6721e15.pdf https://enseignementsuperieur.gouv.bj/uploads/universite_directory/85b712cd25f07f6b8487f34bbd4a8659.pdf;officielle;"Guide MESRS 2026-2027 : filières en régime d'ouverture ; Guide MESRS 2024-2025 : filières en régime d'ouverture (2026-07-30). Commune non indiquée par les sources consultées. Campus local d'une école étrangère."
superieur;établissement privé d'enseignement supérieur (EPES);École de Formation des Enseignants du Secondaire SAPIENTIA;EFES SAPIENTIA;prive;;;;;;https://enseignementsuperieur.gouv.bj/uploads/document_actualite/4fa961e0a40ad936d2999887d6721e15.pdf https://enseignementsuperieur.gouv.bj/uploads/universite_directory/85b712cd25f07f6b8487f34bbd4a8659.pdf https://decsup.bj/uploads/communique/document_638.pdf;officielle;"Guide MESRS 2026-2027 : filières agréées + filières en régime d'ouverture ; Guide MESRS 2024-2025 : filières agréées + filières en régime d'ouverture ; Candidats aux examens nationaux (DECSUP) : Licence 2025, Licence 2026, Master 2025, Master 2026 (2026-07-30). Commune non indiquée par les sources consultées. Formations BAPES."
superieur;établissement privé d'enseignement supérieur (EPES);École Internationale de Graphisme;EIG;prive;;;;;;https://enseignementsuperieur.gouv.bj/uploads/document_actualite/4fa961e0a40ad936d2999887d6721e15.pdf;officielle;Guide MESRS 2026-2027 : filières en régime d'ouverture (2026-07-30). Commune non indiquée par les sources consultées. Nouveau dans le guide 2026-2027.
superieur;établissement privé d'enseignement supérieur (EPES);École Internationale de Théâtre du Bénin;EITB;prive;;;;;;https://enseignementsuperieur.gouv.bj/uploads/document_actualite/4fa961e0a40ad936d2999887d6721e15.pdf https://enseignementsuperieur.gouv.bj/uploads/universite_directory/85b712cd25f07f6b8487f34bbd4a8659.pdf https://decsup.bj/uploads/communique/document_157.pdf;officielle;"Guide MESRS 2026-2027 : filières en régime d'ouverture ; Guide MESRS 2024-2025 : filières en régime d'ouverture ; Candidats aux examens nationaux (DECSUP) : Licence 2025 (2026-07-30). Commune non indiquée par les sources consultées."
superieur;établissement privé d'enseignement supérieur (EPES);École PIGIER Bénin;PIGIER BENIN;prive;Cotonou | Abomey-Calavi;;;;;https://enseignementsuperieur.gouv.bj/uploads/document_actualite/4fa961e0a40ad936d2999887d6721e15.pdf https://enseignementsuperieur.gouv.bj/uploads/universite_directory/85b712cd25f07f6b8487f34bbd4a8659.pdf https://decsup.bj/uploads/communique/document_669.pdf;officielle;"Guide MESRS 2026-2027 : filières agréées + filières en régime d'ouverture ; Guide MESRS 2024-2025 : filières agréées + filières en régime d'ouverture ; Candidats aux examens nationaux (DECSUP) : Licence 2025, Licence 2026, Master 2025, Master 2026 (2026-07-30). Guide 2024-2025 : « Ecole PIGIER BENIN (Cotonou et Abomey-Calavi) » ; site de Calavi aussi dans DECSUP Master 2026."
superieur;établissement privé d'enseignement supérieur (EPES);École Polytechnique Universitaire des Métiers d'Avenir;EPUMA;prive;;;;;;https://enseignementsuperieur.gouv.bj/uploads/document_actualite/4fa961e0a40ad936d2999887d6721e15.pdf https://enseignementsuperieur.gouv.bj/uploads/universite_directory/85b712cd25f07f6b8487f34bbd4a8659.pdf;officielle;"Guide MESRS 2026-2027 : filières en régime d'ouverture ; Guide MESRS 2024-2025 : filières en régime d'ouverture (2026-07-30). Commune non indiquée par les sources consultées."
superieur;établissement privé d'enseignement supérieur (EPES);École Professionnelle Salésienne Saint Jean Bosco;;prive;;;;;;https://enseignementsuperieur.gouv.bj/uploads/universite_directory/85b712cd25f07f6b8487f34bbd4a8659.pdf;officielle;Guide MESRS 2024-2025 : filières en régime d'ouverture (2024-07-29). Commune non indiquée par les sources consultées. Absent du guide 2026-2027.
superieur;établissement privé d'enseignement supérieur (EPES);École Supérieure d'Administration et d'Économie;ESAE;prive;;;;;;https://enseignementsuperieur.gouv.bj/uploads/document_actualite/4fa961e0a40ad936d2999887d6721e15.pdf https://enseignementsuperieur.gouv.bj/uploads/universite_directory/85b712cd25f07f6b8487f34bbd4a8659.pdf https://decsup.bj/uploads/communique/document_639.pdf;officielle;"Guide MESRS 2026-2027 : filières agréées + filières en régime d'ouverture ; Guide MESRS 2024-2025 : filières agréées ; Candidats aux examens nationaux (DECSUP) : Licence 2025, Licence 2026, Master 2025, Master 2026 (2026-07-30). Commune non indiquée par les sources consultées."
superieur;établissement privé d'enseignement supérieur (EPES);École Supérieure d'Enseignement Professionnel Le Berger;ESEP LE BERGER;prive;Cotonou;;;;;https://enseignementsuperieur.gouv.bj/uploads/document_actualite/4fa961e0a40ad936d2999887d6721e15.pdf https://enseignementsuperieur.gouv.bj/uploads/universite_directory/85b712cd25f07f6b8487f34bbd4a8659.pdf https://decsup.bj/uploads/communique/document_641.pdf https://decsup.bj/uploads/communique/document_163.pdf;officielle;"Guide MESRS 2026-2027 : filières agréées + filières en régime d'ouverture ; Guide MESRS 2024-2025 : filières agréées + filières en régime d'ouverture ; Candidats aux examens nationaux (DECSUP) : Licence 2025, Licence 2026, Master 2025, Master 2026 (2026-07-30)."
superieur;établissement privé d'enseignement supérieur (EPES);École Supérieure d'Entrepreneuriat et de la Prospérité;ESPERANZA;prive;;;;;;https://enseignementsuperieur.gouv.bj/uploads/document_actualite/4fa961e0a40ad936d2999887d6721e15.pdf https://enseignementsuperieur.gouv.bj/uploads/universite_directory/85b712cd25f07f6b8487f34bbd4a8659.pdf https://decsup.bj/uploads/communique/document_587.pdf;officielle;"Guide MESRS 2026-2027 : filières agréées + filières en régime d'ouverture ; Guide MESRS 2024-2025 : filières agréées + filières en régime d'ouverture ; Candidats aux examens nationaux (DECSUP) : Licence 2025, Licence 2026 (2026-07-30). Commune non indiquée par les sources consultées."
superieur;établissement privé d'enseignement supérieur (EPES);École Supérieure d'Expertise Comptable;ESEC;prive;;;;;;https://enseignementsuperieur.gouv.bj/uploads/document_actualite/4fa961e0a40ad936d2999887d6721e15.pdf https://enseignementsuperieur.gouv.bj/uploads/universite_directory/85b712cd25f07f6b8487f34bbd4a8659.pdf https://decsup.bj/uploads/communique/document_581.pdf;officielle;"Guide MESRS 2026-2027 : filières agréées ; Guide MESRS 2024-2025 : filières agréées ; Candidats aux examens nationaux (DECSUP) : Licence 2025, Licence 2026 (2026-07-30). Commune non indiquée par les sources consultées."
superieur;établissement privé d'enseignement supérieur (EPES);École Supérieure d'Ingénierie Sainte Marie Stella;;prive;;;;;;https://enseignementsuperieur.gouv.bj/uploads/document_actualite/4fa961e0a40ad936d2999887d6721e15.pdf https://enseignementsuperieur.gouv.bj/uploads/universite_directory/85b712cd25f07f6b8487f34bbd4a8659.pdf;officielle;"Guide MESRS 2026-2027 : filières agréées ; Guide MESRS 2024-2025 : filières en régime d'ouverture (2026-07-30). Commune non indiquée par les sources consultées. Classe préparatoire au cycle d'ingénieur. Figure en 2024-2025 sous « CP Marie Stella » (régime ouverture) : rapprochement probable, non confirmé par un texte."
superieur;établissement privé d'enseignement supérieur (EPES);École Supérieure de Formation des Acteurs de l'Audiovisuel, des Métiers des Médias et du Multimédia;;prive;;;;;;https://decsup.bj/uploads/communique/document_165.pdf;officielle;Candidats aux examens nationaux (DECSUP) : Licence 2025 (2025-08). Commune non indiquée par les sources consultées. Vu uniquement dans une liste DECSUP Licence 2025 (filière Journalisme). Doublon probable d'ESFAM-BENIN (même initiales), non confirmé.
superieur;établissement privé d'enseignement supérieur (EPES);École Supérieure de Gestion et de Technologie;ESGT;prive;;;;;;https://enseignementsuperieur.gouv.bj/uploads/document_actualite/4fa961e0a40ad936d2999887d6721e15.pdf https://enseignementsuperieur.gouv.bj/uploads/universite_directory/85b712cd25f07f6b8487f34bbd4a8659.pdf https://decsup.bj/uploads/communique/document_644.pdf;officielle;"Guide MESRS 2026-2027 : filières en régime d'ouverture ; Guide MESRS 2024-2025 : filières en régime d'ouverture ; Candidats aux examens nationaux (DECSUP) : Licence 2025, Licence 2026, Master 2025, Master 2026 (2026-07-30). Commune non indiquée par les sources consultées."
superieur;établissement privé d'enseignement supérieur (EPES);École Supérieure de Gestion SERENA;ESG SERENA;prive;;;;;;https://enseignementsuperieur.gouv.bj/uploads/universite_directory/85b712cd25f07f6b8487f34bbd4a8659.pdf;officielle;Guide MESRS 2024-2025 : filières agréées (2024-07-29). Commune non indiquée par les sources consultées. Absent du guide 2026-2027 (radiation non attestée : absence seulement).
superieur;établissement privé d'enseignement supérieur (EPES);École Supérieure de Gestion, d'Informatique et des Sciences;ESGIS;prive;Cotonou;;;;;https://enseignementsuperieur.gouv.bj/uploads/document_actualite/4fa961e0a40ad936d2999887d6721e15.pdf https://enseignementsuperieur.gouv.bj/uploads/universite_directory/85b712cd25f07f6b8487f34bbd4a8659.pdf https://decsup.bj/uploads/communique/document_643.pdf https://decsup.bj/uploads/communique/document_167.pdf;officielle;"Guide MESRS 2026-2027 : filières agréées + filières en régime d'ouverture ; Guide MESRS 2024-2025 : filières agréées + filières en régime d'ouverture ; Candidats aux examens nationaux (DECSUP) : Licence 2025, Licence 2026, Master 2025, Master 2026 (2026-07-30). Libellé DECSUP 2025 complet : « ESGIS - COTONOU »."
superieur;établissement privé d'enseignement supérieur (EPES);École Supérieure de Génie Civil Verechaguine A.K.;ESGC-VAK;prive;;;;;;https://enseignementsuperieur.gouv.bj/uploads/document_actualite/4fa961e0a40ad936d2999887d6721e15.pdf https://enseignementsuperieur.gouv.bj/uploads/universite_directory/85b712cd25f07f6b8487f34bbd4a8659.pdf https://decsup.bj/uploads/communique/document_642.pdf;officielle;"Guide MESRS 2026-2027 : filières agréées + filières en régime d'ouverture ; Guide MESRS 2024-2025 : filières agréées ; Candidats aux examens nationaux (DECSUP) : Licence 2025, Licence 2026, Master 2025, Master 2026 (2026-07-30). Commune non indiquée par les sources consultées."
superieur;établissement privé d'enseignement supérieur (EPES);École Supérieure de Génie Télécoms et TIC – Ecce Homo;ESGTIC – Ecce Homo;prive;;;;;;https://enseignementsuperieur.gouv.bj/uploads/document_actualite/4fa961e0a40ad936d2999887d6721e15.pdf https://enseignementsuperieur.gouv.bj/uploads/universite_directory/85b712cd25f07f6b8487f34bbd4a8659.pdf;officielle;"Guide MESRS 2026-2027 : filières agréées ; Guide MESRS 2024-2025 : filières agréées (2026-07-30). Commune non indiquée par les sources consultées. Aucune liste de candidats DECSUP repérée sous ce nom (2025-2026)."
superieur;établissement privé d'enseignement supérieur (EPES);École Supérieure de Journalisme et de Communication;ESJC/UAFPJ;prive;;;;;;https://enseignementsuperieur.gouv.bj/uploads/universite_directory/85b712cd25f07f6b8487f34bbd4a8659.pdf;officielle;Guide MESRS 2024-2025 : filières en régime d'ouverture (2024-07-29). Commune non indiquée par les sources consultées. Absent du guide 2026-2027.
superieur;établissement privé d'enseignement supérieur (EPES);École Supérieure de Management;ESM-Bénin;prive;Cotonou (Akpakpa) | Abomey-Calavi | Bohicon | Djougou | Lokossa | Parakou | Porto-Novo;;;;;https://enseignementsuperieur.gouv.bj/uploads/document_actualite/4fa961e0a40ad936d2999887d6721e15.pdf https://enseignementsuperieur.gouv.bj/uploads/universite_directory/85b712cd25f07f6b8487f34bbd4a8659.pdf https://decsup.bj/uploads/communique/document_646.pdf https://decsup.bj/uploads/communique/document_170.pdf https://decsup.bj/uploads/communique/document_173.pdf https://decsup.bj/uploads/communique/document_172.pdf https://decsup.bj/uploads/communique/document_175.pdf https://decsup.bj/uploads/communique/document_177.pdf https://decsup.bj/uploads/communique/document_178.pdf https://decsup.bj/uploads/communique/document_179.pdf;officielle;"Guide MESRS 2026-2027 : filières agréées + filières en régime d'ouverture ; Guide MESRS 2024-2025 : filières agréées + filières en régime d'ouverture ; Candidats aux examens nationaux (DECSUP) : Licence 2025, Licence 2026, Master 2025, Master 2026 (2026-07-30). 7 sites dans les listes DECSUP. Siège non précisé par la source."
superieur;établissement privé d'enseignement supérieur (EPES);École Supérieure de Management, de Tourisme et Hôtellerie Restauration Bénin;ESMATH BENIN;prive;;;;;;https://enseignementsuperieur.gouv.bj/uploads/document_actualite/4fa961e0a40ad936d2999887d6721e15.pdf https://enseignementsuperieur.gouv.bj/uploads/universite_directory/85b712cd25f07f6b8487f34bbd4a8659.pdf https://decsup.bj/uploads/communique/document_584.pdf;officielle;"Guide MESRS 2026-2027 : filières agréées ; Guide MESRS 2024-2025 : filières en régime d'ouverture ; Candidats aux examens nationaux (DECSUP) : Licence 2025, Licence 2026 (2026-07-30). Commune non indiquée par les sources consultées."
superieur;établissement privé d'enseignement supérieur (EPES);École Supérieure de Techniques Industrielles et de Management;ESTIM;prive;;;;;;https://enseignementsuperieur.gouv.bj/uploads/document_actualite/4fa961e0a40ad936d2999887d6721e15.pdf https://enseignementsuperieur.gouv.bj/uploads/universite_directory/85b712cd25f07f6b8487f34bbd4a8659.pdf;officielle;"Guide MESRS 2026-2027 : filières en régime d'ouverture ; Guide MESRS 2024-2025 : filières en régime d'ouverture (2026-07-30). Commune non indiquée par les sources consultées."
superieur;établissement privé d'enseignement supérieur (EPES);École Supérieure de Technologie et de Gestion;ESTG;prive;;;;;;https://enseignementsuperieur.gouv.bj/uploads/document_actualite/4fa961e0a40ad936d2999887d6721e15.pdf https://enseignementsuperieur.gouv.bj/uploads/universite_directory/85b712cd25f07f6b8487f34bbd4a8659.pdf https://decsup.bj/uploads/communique/document_653.pdf;officielle;"Guide MESRS 2026-2027 : filières agréées + filières en régime d'ouverture ; Guide MESRS 2024-2025 : filières agréées + filières en régime d'ouverture ; Candidats aux examens nationaux (DECSUP) : Licence 2025, Licence 2026, Master 2025, Master 2026 (2026-07-30). Commune non indiquée par les sources consultées. Écrit « École Supérieur de Teschnologie et de Gestion » dans la liste ouverture (coquille officielle)."
superieur;établissement privé d'enseignement supérieur (EPES);École Supérieure des Cadres du Funéraire;;prive;;;;;;https://enseignementsuperieur.gouv.bj/uploads/document_actualite/4fa961e0a40ad936d2999887d6721e15.pdf https://enseignementsuperieur.gouv.bj/uploads/universite_directory/85b712cd25f07f6b8487f34bbd4a8659.pdf;officielle;"Guide MESRS 2026-2027 : filières en régime d'ouverture ; Guide MESRS 2024-2025 : filières en régime d'ouverture (2026-07-30). Commune non indiquée par les sources consultées. Formations funéraires (thanatopraxie, directeurs de pompes funèbres)."
superieur;établissement privé d'enseignement supérieur (EPES);École Supérieure des Cadres et Techniciens;ESCT;prive;;;;;;https://enseignementsuperieur.gouv.bj/uploads/document_actualite/4fa961e0a40ad936d2999887d6721e15.pdf https://enseignementsuperieur.gouv.bj/uploads/universite_directory/85b712cd25f07f6b8487f34bbd4a8659.pdf https://decsup.bj/uploads/communique/document_580.pdf;officielle;"Guide MESRS 2026-2027 : filières en régime d'ouverture ; Guide MESRS 2024-2025 : filières en régime d'ouverture ; Candidats aux examens nationaux (DECSUP) : Licence 2025, Licence 2026 (2026-07-30). Commune non indiquée par les sources consultées."
superieur;établissement privé d'enseignement supérieur (EPES);École Supérieure des Élites du Numérique et de la Gestion;ESENG;prive;;;;;;https://enseignementsuperieur.gouv.bj/uploads/document_actualite/4fa961e0a40ad936d2999887d6721e15.pdf;officielle;Guide MESRS 2026-2027 : filières en régime d'ouverture (2026-07-30). Commune non indiquée par les sources consultées. Nouveau dans le guide 2026-2027.
superieur;établissement privé d'enseignement supérieur (EPES);École Supérieure des Ingénieurs Géomètres Topographes;ESIGT;prive;;;;;;https://enseignementsuperieur.gouv.bj/uploads/document_actualite/4fa961e0a40ad936d2999887d6721e15.pdf https://enseignementsuperieur.gouv.bj/uploads/universite_directory/85b712cd25f07f6b8487f34bbd4a8659.pdf https://decsup.bj/uploads/communique/document_645.pdf;officielle;"Guide MESRS 2026-2027 : filières en régime d'ouverture ; Guide MESRS 2024-2025 : filières en régime d'ouverture ; Candidats aux examens nationaux (DECSUP) : Licence 2025, Licence 2026, Master 2025, Master 2026 (2026-07-30). Commune non indiquée par les sources consultées."
superieur;établissement privé d'enseignement supérieur (EPES);École Supérieure des Métiers des Énergies Renouvelables;ESMER;prive;;;;;;https://enseignementsuperieur.gouv.bj/uploads/document_actualite/4fa961e0a40ad936d2999887d6721e15.pdf https://enseignementsuperieur.gouv.bj/uploads/universite_directory/85b712cd25f07f6b8487f34bbd4a8659.pdf https://decsup.bj/uploads/communique/document_647.pdf;officielle;"Guide MESRS 2026-2027 : filières agréées ; Guide MESRS 2024-2025 : filières agréées ; Candidats aux examens nationaux (DECSUP) : Licence 2025, Licence 2026, Master 2025, Master 2026 (2026-07-30). Commune non indiquée par les sources consultées."
superieur;établissement privé d'enseignement supérieur (EPES);École Supérieure des Sciences du Commerce et d'Administration des Entreprises;ESCAE-BENIN;prive;Porto-Novo | Abomey-Calavi (Tankpè);;;;;https://enseignementsuperieur.gouv.bj/uploads/document_actualite/4fa961e0a40ad936d2999887d6721e15.pdf https://enseignementsuperieur.gouv.bj/uploads/universite_directory/85b712cd25f07f6b8487f34bbd4a8659.pdf https://decsup.bj/uploads/communique/document_640.pdf https://decsup.bj/uploads/communique/document_578.pdf https://decsup.bj/uploads/communique/document_579.pdf;officielle;"Guide MESRS 2026-2027 : filières agréées + filières en régime d'ouverture ; Guide MESRS 2024-2025 : filières en régime d'ouverture ; Candidats aux examens nationaux (DECSUP) : Licence 2025, Licence 2026, Master 2025, Master 2026 (2026-07-30). Le guide écrit « École Supérieure de Commerce et d'Administration des Entreprises » ; DECSUP : « des Sciences du Commerce… ». Tankpè rattaché à Abomey-Calavi par nous (la source ne donne que le quartier)."
superieur;établissement privé d'enseignement supérieur (EPES);École Supérieure des Sciences et Technologies de Lokossa;ESST-L;prive;Lokossa;;;;;https://enseignementsuperieur.gouv.bj/uploads/document_actualite/4fa961e0a40ad936d2999887d6721e15.pdf https://enseignementsuperieur.gouv.bj/uploads/universite_directory/85b712cd25f07f6b8487f34bbd4a8659.pdf https://decsup.bj/uploads/communique/document_651.pdf;officielle;"Guide MESRS 2026-2027 : filières en régime d'ouverture ; Guide MESRS 2024-2025 : filières en régime d'ouverture ; Candidats aux examens nationaux (DECSUP) : Master 2026 (2026-07-30). Commune tirée du nom de l'établissement."
superieur;établissement privé d'enseignement supérieur (EPES);École Supérieure des Techniques d'Administration et de Gestion Saint Christophe;ESTAG-SC;prive;;;;;;https://enseignementsuperieur.gouv.bj/uploads/document_actualite/4fa961e0a40ad936d2999887d6721e15.pdf https://enseignementsuperieur.gouv.bj/uploads/universite_directory/85b712cd25f07f6b8487f34bbd4a8659.pdf https://decsup.bj/uploads/communique/document_652.pdf;officielle;"Guide MESRS 2026-2027 : filières en régime d'ouverture ; Guide MESRS 2024-2025 : filières en régime d'ouverture ; Candidats aux examens nationaux (DECSUP) : Licence 2025, Licence 2026, Master 2025, Master 2026 (2026-07-30). Commune non indiquée par les sources consultées. Guide : « ESTAG » ; DECSUP : « ESTAG - Saint Christophe »."
superieur;établissement privé d'enseignement supérieur (EPES);École Supérieure des Technologies Avancées et de Management;ESTAM;prive;;;;;;https://enseignementsuperieur.gouv.bj/uploads/document_actualite/4fa961e0a40ad936d2999887d6721e15.pdf https://enseignementsuperieur.gouv.bj/uploads/universite_directory/85b712cd25f07f6b8487f34bbd4a8659.pdf https://decsup.bj/uploads/communique/document_591.pdf;officielle;"Guide MESRS 2026-2027 : filières en régime d'ouverture ; Guide MESRS 2024-2025 : filières en régime d'ouverture ; Candidats aux examens nationaux (DECSUP) : Licence 2026 (2026-07-30). Commune non indiquée par les sources consultées."
superieur;établissement privé d'enseignement supérieur (EPES);École Supérieure Jean Michel Le Faucon;ESJMF;prive;;;;;;https://enseignementsuperieur.gouv.bj/uploads/document_actualite/4fa961e0a40ad936d2999887d6721e15.pdf https://enseignementsuperieur.gouv.bj/uploads/universite_directory/85b712cd25f07f6b8487f34bbd4a8659.pdf https://decsup.bj/uploads/communique/document_576.pdf;officielle;"Guide MESRS 2026-2027 : filières agréées + filières en régime d'ouverture ; Guide MESRS 2024-2025 : filières agréées + filières en régime d'ouverture ; Candidats aux examens nationaux (DECSUP) : Licence 2025, Licence 2026 (2026-07-30). Commune non indiquée par les sources consultées. DECSUP : « École Supérieure Le Faucon (ESF) »."
superieur;établissement privé d'enseignement supérieur (EPES);École Supérieure La Pratique;ES-LA PRATIQUE;prive;;;;;;https://enseignementsuperieur.gouv.bj/uploads/document_actualite/4fa961e0a40ad936d2999887d6721e15.pdf;officielle;Guide MESRS 2026-2027 : filières en régime d'ouverture (2026-07-30). Commune non indiquée par les sources consultées. Nouveau dans le guide 2026-2027.
superieur;établissement privé d'enseignement supérieur (EPES);École Supérieure Panafricaine de Management Appliqué;ESPAM;prive;;;;;;https://enseignementsuperieur.gouv.bj/uploads/document_actualite/4fa961e0a40ad936d2999887d6721e15.pdf https://enseignementsuperieur.gouv.bj/uploads/universite_directory/85b712cd25f07f6b8487f34bbd4a8659.pdf https://decsup.bj/uploads/communique/document_648.pdf;officielle;"Guide MESRS 2026-2027 : filières en régime d'ouverture ; Guide MESRS 2024-2025 : filières en régime d'ouverture ; Candidats aux examens nationaux (DECSUP) : Licence 2025, Master 2025, Master 2026 (2026-07-30). Commune non indiquée par les sources consultées."
superieur;établissement privé d'enseignement supérieur (EPES);École Supérieure Polytechnique;ESP;prive;;;;;;https://enseignementsuperieur.gouv.bj/uploads/document_actualite/4fa961e0a40ad936d2999887d6721e15.pdf https://enseignementsuperieur.gouv.bj/uploads/universite_directory/85b712cd25f07f6b8487f34bbd4a8659.pdf;officielle;"Guide MESRS 2026-2027 : filières en régime d'ouverture ; Guide MESRS 2024-2025 : filières en régime d'ouverture (2026-07-30). Commune non indiquée par les sources consultées. Classes préparatoires (CPC, CPS). Nom générique : ne pas confondre avec l'ESP Le Pharaon ni avec l'EPAC publique."
superieur;établissement privé d'enseignement supérieur (EPES);École Supérieure Polytechnique Le Pharaon;ESP Pharaon;prive;Abomey-Calavi (Tankpè);;;;;https://enseignementsuperieur.gouv.bj/uploads/document_actualite/4fa961e0a40ad936d2999887d6721e15.pdf https://enseignementsuperieur.gouv.bj/uploads/universite_directory/85b712cd25f07f6b8487f34bbd4a8659.pdf https://decsup.bj/uploads/communique/document_586.pdf https://decsup.bj/uploads/communique/document_183.pdf;officielle;"Guide MESRS 2026-2027 : filières en régime d'ouverture ; Guide MESRS 2024-2025 : filières en régime d'ouverture ; Candidats aux examens nationaux (DECSUP) : Licence 2025, Licence 2026 (2026-07-30). Tankpè rattaché à Abomey-Calavi par nous (la source ne donne que la localité)."
superieur;établissement privé d'enseignement supérieur (EPES);École Supérieure pour la Formation et le Recyclage d'Enseignants;ESFRE;prive;;;;;;https://enseignementsuperieur.gouv.bj/uploads/document_actualite/4fa961e0a40ad936d2999887d6721e15.pdf https://enseignementsuperieur.gouv.bj/uploads/universite_directory/85b712cd25f07f6b8487f34bbd4a8659.pdf;officielle;"Guide MESRS 2026-2027 : filières en régime d'ouverture ; Guide MESRS 2024-2025 : filières en régime d'ouverture (2026-07-30). Commune non indiquée par les sources consultées."
superieur;établissement privé d'enseignement supérieur (EPES);École Supérieure Privée des Sciences Agronomiques Kigani Dada de Kpessou;ESPSA/K.D-K;prive;;;;;;https://enseignementsuperieur.gouv.bj/uploads/document_actualite/4fa961e0a40ad936d2999887d6721e15.pdf;officielle;Guide MESRS 2026-2027 : filières en régime d'ouverture (2026-07-30). Commune non indiquée par les sources consultées. Nouveau dans le guide 2026-2027.
superieur;établissement privé d'enseignement supérieur (EPES);École Supérieure Saint-Louis d'Afrique;;prive;;;;;;https://enseignementsuperieur.gouv.bj/uploads/universite_directory/85b712cd25f07f6b8487f34bbd4a8659.pdf;officielle;Guide MESRS 2024-2025 : filières en régime d'ouverture (2024-07-29). Commune non indiquée par les sources consultées. Absent du guide 2026-2027.
superieur;établissement privé d'enseignement supérieur (EPES);École Supérieure Sainte Félicité;ESSF;prive;;;;;;https://enseignementsuperieur.gouv.bj/uploads/document_actualite/4fa961e0a40ad936d2999887d6721e15.pdf https://enseignementsuperieur.gouv.bj/uploads/universite_directory/85b712cd25f07f6b8487f34bbd4a8659.pdf https://decsup.bj/uploads/communique/document_650.pdf;officielle;"Guide MESRS 2026-2027 : filières agréées + filières en régime d'ouverture ; Guide MESRS 2024-2025 : filières agréées + filières en régime d'ouverture ; Candidats aux examens nationaux (DECSUP) : Licence 2025, Licence 2026, Master 2025, Master 2026 (2026-07-30). Commune non indiquée par les sources consultées."
superieur;établissement privé d'enseignement supérieur (EPES);École Supérieure Universitaire St Clements and Commonwealth;;prive;;;;;;https://enseignementsuperieur.gouv.bj/uploads/document_actualite/4fa961e0a40ad936d2999887d6721e15.pdf https://enseignementsuperieur.gouv.bj/uploads/universite_directory/85b712cd25f07f6b8487f34bbd4a8659.pdf;officielle;"Guide MESRS 2026-2027 : filières en régime d'ouverture ; Guide MESRS 2024-2025 : filières en régime d'ouverture (2026-07-30). Commune non indiquée par les sources consultées."
superieur;établissement privé d'enseignement supérieur (EPES);EPS « La Cité »;;prive;;;;;;https://enseignementsuperieur.gouv.bj/uploads/universite_directory/85b712cd25f07f6b8487f34bbd4a8659.pdf;officielle;Guide MESRS 2024-2025 : filières en régime d'ouverture (2024-07-29). Commune non indiquée par les sources consultées. Absent du guide 2026-2027.
superieur;établissement privé d'enseignement supérieur (EPES);ESFAM-BENIN;ESFAM-BENIN;prive;;;;;;https://enseignementsuperieur.gouv.bj/uploads/document_actualite/4fa961e0a40ad936d2999887d6721e15.pdf https://enseignementsuperieur.gouv.bj/uploads/universite_directory/85b712cd25f07f6b8487f34bbd4a8659.pdf;officielle;"Guide MESRS 2026-2027 : filières en régime d'ouverture ; Guide MESRS 2024-2025 : filières en régime d'ouverture (2026-07-30). Commune non indiquée par les sources consultées. Nom développé non donné par le guide. DECSUP 2025 liste une « École Supérieure de Formation des Acteurs de l'Audiovisuel, des Métiers des Médias et du Multimédia » (doc 165) : correspondance probable avec ESFAM, non confirmée."
superieur;établissement privé d'enseignement supérieur (EPES);GNON GANI;;prive;;;;;;https://enseignementsuperieur.gouv.bj/uploads/document_actualite/4fa961e0a40ad936d2999887d6721e15.pdf;officielle;Guide MESRS 2026-2027 : filières en régime d'ouverture (2026-07-30). Commune non indiquée par les sources consultées. Nom seul dans le guide 2026-2027 (type d'établissement non précisé).
superieur;établissement privé d'enseignement supérieur (EPES);Haute École d'Industrie et de Management WELDIOS;HEIM WELDIOS;prive;;;;;;https://enseignementsuperieur.gouv.bj/uploads/document_actualite/4fa961e0a40ad936d2999887d6721e15.pdf https://enseignementsuperieur.gouv.bj/uploads/universite_directory/85b712cd25f07f6b8487f34bbd4a8659.pdf https://decsup.bj/uploads/communique/document_595.pdf;officielle;"Guide MESRS 2026-2027 : filières en régime d'ouverture ; Guide MESRS 2024-2025 : filières en régime d'ouverture ; Candidats aux examens nationaux (DECSUP) : Licence 2025, Licence 2026 (2026-07-30). Commune non indiquée par les sources consultées."
superieur;établissement privé d'enseignement supérieur (EPES);Haute École de Commerce et de Management;HECM;prive;Cotonou | Cotonou (Akpakpa) | Cotonou (Atrokpocodji) | Abomey-Calavi | Bohicon | Parakou | Porto-Novo | Natitingou | Kandi;;;;;https://enseignementsuperieur.gouv.bj/uploads/document_actualite/4fa961e0a40ad936d2999887d6721e15.pdf https://enseignementsuperieur.gouv.bj/uploads/universite_directory/85b712cd25f07f6b8487f34bbd4a8659.pdf https://decsup.bj/uploads/communique/document_654.pdf https://decsup.bj/uploads/communique/document_191.pdf https://decsup.bj/uploads/communique/document_187.pdf https://decsup.bj/uploads/communique/document_188.pdf https://decsup.bj/uploads/communique/document_190.pdf https://decsup.bj/uploads/communique/document_189.pdf https://decsup.bj/uploads/communique/document_193.pdf https://decsup.bj/uploads/communique/document_194.pdf https://decsup.bj/uploads/communique/document_192.pdf https://decsup.bj/uploads/communique/document_628.pdf;officielle;"Guide MESRS 2026-2027 : filières agréées + filières en régime d'ouverture ; Guide MESRS 2024-2025 : filières agréées + filières en régime d'ouverture ; Candidats aux examens nationaux (DECSUP) : Licence 2025, Licence 2026, Master 2025, Master 2026 (2026-07-30). 9 sites dans les listes DECSUP. Akpakpa et Atrokpocodji : quartiers de Cotonou (rattachement fait par nous)."
superieur;établissement privé d'enseignement supérieur (EPES);Haute École de Gestion et de Journalisme de Bohicon;HEGJ;prive;Bohicon;;;;;https://enseignementsuperieur.gouv.bj/uploads/document_actualite/4fa961e0a40ad936d2999887d6721e15.pdf https://enseignementsuperieur.gouv.bj/uploads/universite_directory/85b712cd25f07f6b8487f34bbd4a8659.pdf https://decsup.bj/uploads/communique/document_594.pdf https://decsup.bj/uploads/communique/document_195.pdf;officielle;"Guide MESRS 2026-2027 : filières agréées + filières en régime d'ouverture ; Guide MESRS 2024-2025 : filières agréées + filières en régime d'ouverture ; Candidats aux examens nationaux (DECSUP) : Licence 2025, Licence 2026 (2026-07-30)."
superieur;établissement privé d'enseignement supérieur (EPES);Haute École de Gestion et de Technologie;HEGT;prive;;;;;;https://enseignementsuperieur.gouv.bj/uploads/universite_directory/85b712cd25f07f6b8487f34bbd4a8659.pdf;officielle;Guide MESRS 2024-2025 : filières en régime d'ouverture (2024-07-29). Commune non indiquée par les sources consultées. Absent du guide 2026-2027.
superieur;établissement privé d'enseignement supérieur (EPES);Haute École des Métiers Techniques;HECOMET;prive;;;;;;https://enseignementsuperieur.gouv.bj/uploads/document_actualite/4fa961e0a40ad936d2999887d6721e15.pdf https://enseignementsuperieur.gouv.bj/uploads/universite_directory/85b712cd25f07f6b8487f34bbd4a8659.pdf https://decsup.bj/uploads/communique/document_593.pdf;officielle;"Guide MESRS 2026-2027 : filières en régime d'ouverture ; Guide MESRS 2024-2025 : filières en régime d'ouverture ; Candidats aux examens nationaux (DECSUP) : Licence 2025, Licence 2026 (2026-07-30). Commune non indiquée par les sources consultées."
superieur;établissement privé d'enseignement supérieur (EPES);Haute École du Numérique et des Sciences des Affaires;HENSA;prive;;;;;;https://enseignementsuperieur.gouv.bj/uploads/document_actualite/4fa961e0a40ad936d2999887d6721e15.pdf https://enseignementsuperieur.gouv.bj/uploads/universite_directory/85b712cd25f07f6b8487f34bbd4a8659.pdf https://decsup.bj/uploads/communique/document_596.pdf;officielle;"Guide MESRS 2026-2027 : filières en régime d'ouverture ; Guide MESRS 2024-2025 : filières en régime d'ouverture ; Candidats aux examens nationaux (DECSUP) : Licence 2025, Licence 2026 (2026-07-30). Commune non indiquée par les sources consultées."
superieur;établissement privé d'enseignement supérieur (EPES);Houdégbé North American University Bénin;HNAUB;prive;;;;;;https://enseignementsuperieur.gouv.bj/uploads/universite_directory/85b712cd25f07f6b8487f34bbd4a8659.pdf;officielle;Guide MESRS 2024-2025 : filières en régime d'ouverture (2024-07-29). Commune non indiquée par les sources consultées. Absent du guide 2026-2027.
superieur;établissement privé d'enseignement supérieur (EPES);Institut Africain des Technologies Futuristes;IATF;prive;;;;;;https://enseignementsuperieur.gouv.bj/uploads/document_actualite/4fa961e0a40ad936d2999887d6721e15.pdf;officielle;Guide MESRS 2026-2027 : filières en régime d'ouverture (2026-07-30). Commune non indiquée par les sources consultées. Nouveau dans le guide 2026-2027.
superieur;établissement privé d'enseignement supérieur (EPES);Institut Africain Ibn Batouta;IAIB;prive;;;;;;https://enseignementsuperieur.gouv.bj/uploads/document_actualite/4fa961e0a40ad936d2999887d6721e15.pdf https://enseignementsuperieur.gouv.bj/uploads/universite_directory/85b712cd25f07f6b8487f34bbd4a8659.pdf https://decsup.bj/uploads/communique/document_597.pdf;officielle;"Guide MESRS 2026-2027 : filières en régime d'ouverture ; Guide MESRS 2024-2025 : filières en régime d'ouverture ; Candidats aux examens nationaux (DECSUP) : Licence 2025, Licence 2026 (2026-07-30). Commune non indiquée par les sources consultées."
superieur;établissement privé d'enseignement supérieur (EPES);Institut CERCO;CERCO;prive;;;;;;https://enseignementsuperieur.gouv.bj/uploads/document_actualite/4fa961e0a40ad936d2999887d6721e15.pdf https://enseignementsuperieur.gouv.bj/uploads/universite_directory/85b712cd25f07f6b8487f34bbd4a8659.pdf https://decsup.bj/uploads/communique/document_358.pdf;officielle;"Guide MESRS 2026-2027 : filières en régime d'ouverture ; Guide MESRS 2024-2025 : filières en régime d'ouverture ; Candidats aux examens nationaux (DECSUP) : Licence 2025, Master 2025 (2026-07-30). Commune non indiquée par les sources consultées."
superieur;établissement privé d'enseignement supérieur (EPES);Institut de Formations Avancées TOSSI;IFA TOSSI;prive;;;;;;https://enseignementsuperieur.gouv.bj/uploads/document_actualite/4fa961e0a40ad936d2999887d6721e15.pdf https://enseignementsuperieur.gouv.bj/uploads/universite_directory/85b712cd25f07f6b8487f34bbd4a8659.pdf https://decsup.bj/uploads/communique/document_708.pdf;officielle;"Guide MESRS 2026-2027 : filières en régime d'ouverture ; Guide MESRS 2024-2025 : filières en régime d'ouverture ; Candidats aux examens nationaux (DECSUP) : Licence 2025, Licence 2026, Master 2025, Master 2026 (2026-07-30). Commune non indiquée par les sources consultées. DECSUP 2026 : « ENS IFA TOSSI ». Formations BAPES."
superieur;établissement privé d'enseignement supérieur (EPES);Institut des Sciences et Technologies Mattéo Ricci;ISTMR;prive;;;;;;https://enseignementsuperieur.gouv.bj/uploads/document_actualite/4fa961e0a40ad936d2999887d6721e15.pdf;officielle;Guide MESRS 2026-2027 : filières en régime d'ouverture (2026-07-30). Commune non indiquée par les sources consultées. Nouveau dans le guide 2026-2027.
superieur;établissement privé d'enseignement supérieur (EPES);Institut Falah des Sciences Islamiques et de la Langue Arabe;IFSILA;prive;;;;;;https://enseignementsuperieur.gouv.bj/uploads/document_actualite/4fa961e0a40ad936d2999887d6721e15.pdf;officielle;Guide MESRS 2026-2027 : filières en régime d'ouverture (2026-07-30). Commune non indiquée par les sources consultées. Nouveau dans le guide 2026-2027.
superieur;établissement privé d'enseignement supérieur (EPES);Institut Interafricain de Formation en Gestion, Informatique et Tourisme;IIFGIT;prive;;;;;;https://enseignementsuperieur.gouv.bj/uploads/document_actualite/4fa961e0a40ad936d2999887d6721e15.pdf https://enseignementsuperieur.gouv.bj/uploads/universite_directory/85b712cd25f07f6b8487f34bbd4a8659.pdf https://decsup.bj/uploads/communique/document_598.pdf;officielle;"Guide MESRS 2026-2027 : filières en régime d'ouverture ; Guide MESRS 2024-2025 : filières en régime d'ouverture ; Candidats aux examens nationaux (DECSUP) : Licence 2025, Licence 2026 (2026-07-30). Commune non indiquée par les sources consultées."
superieur;établissement privé d'enseignement supérieur (EPES);Institut International de Finance, Management et d'Expertise Comptable;IIFMEC;prive;;;;;;https://enseignementsuperieur.gouv.bj/uploads/universite_directory/85b712cd25f07f6b8487f34bbd4a8659.pdf;officielle;Guide MESRS 2024-2025 : filières en régime d'ouverture (2024-07-29). Commune non indiquée par les sources consultées. Absent du guide 2026-2027.
superieur;établissement privé d'enseignement supérieur (EPES);Institut International de Management;IIM;prive;Cotonou;;;;;https://enseignementsuperieur.gouv.bj/uploads/document_actualite/4fa961e0a40ad936d2999887d6721e15.pdf https://enseignementsuperieur.gouv.bj/uploads/universite_directory/85b712cd25f07f6b8487f34bbd4a8659.pdf https://decsup.bj/uploads/communique/document_655.pdf https://decsup.bj/uploads/communique/document_203.pdf;officielle;"Guide MESRS 2026-2027 : filières agréées ; Guide MESRS 2024-2025 : filières agréées ; Candidats aux examens nationaux (DECSUP) : Licence 2025, Licence 2026, Master 2025, Master 2026 (2026-07-30)."
superieur;établissement privé d'enseignement supérieur (EPES);Institut Jean Paul II de Philosophie et de Sciences Humaines;;prive;;;;;;https://enseignementsuperieur.gouv.bj/uploads/document_actualite/4fa961e0a40ad936d2999887d6721e15.pdf https://enseignementsuperieur.gouv.bj/uploads/universite_directory/85b712cd25f07f6b8487f34bbd4a8659.pdf https://decsup.bj/uploads/communique/document_656.pdf;officielle;"Guide MESRS 2026-2027 : filières agréées ; Guide MESRS 2024-2025 : filières agréées ; Candidats aux examens nationaux (DECSUP) : Licence 2025, Licence 2026, Master 2025, Master 2026 (2026-07-30). Commune non indiquée par les sources consultées."
superieur;établissement privé d'enseignement supérieur (EPES);Institut Polytechnique Le Citoyen;IP LE CITOYEN;prive;;;;;;https://enseignementsuperieur.gouv.bj/uploads/document_actualite/4fa961e0a40ad936d2999887d6721e15.pdf https://enseignementsuperieur.gouv.bj/uploads/universite_directory/85b712cd25f07f6b8487f34bbd4a8659.pdf https://decsup.bj/uploads/communique/document_649.pdf;officielle;"Guide MESRS 2026-2027 : filières en régime d'ouverture ; Guide MESRS 2024-2025 : filières en régime d'ouverture ; Candidats aux examens nationaux (DECSUP) : Licence 2025, Licence 2026, Master 2025, Master 2026 (2026-07-30). Commune non indiquée par les sources consultées. DECSUP : « École Supérieure de Pédagogie et de Management (ESPM/IP-Le Citoyen) »."
superieur;établissement privé d'enseignement supérieur (EPES);Institut Polytechnique Paul Hazoumè;IPPH;prive;;;;;;https://enseignementsuperieur.gouv.bj/uploads/document_actualite/4fa961e0a40ad936d2999887d6721e15.pdf https://enseignementsuperieur.gouv.bj/uploads/universite_directory/85b712cd25f07f6b8487f34bbd4a8659.pdf;officielle;"Guide MESRS 2026-2027 : filières en régime d'ouverture ; Guide MESRS 2024-2025 : filières en régime d'ouverture (2026-07-30). Commune non indiquée par les sources consultées."
superieur;établissement privé d'enseignement supérieur (EPES);Institut Régional de Formation Professionnelle;IRFP;prive;;;;;;https://enseignementsuperieur.gouv.bj/uploads/document_actualite/4fa961e0a40ad936d2999887d6721e15.pdf https://enseignementsuperieur.gouv.bj/uploads/universite_directory/85b712cd25f07f6b8487f34bbd4a8659.pdf;officielle;"Guide MESRS 2026-2027 : filières en régime d'ouverture ; Guide MESRS 2024-2025 : filières en régime d'ouverture (2026-07-30). Commune non indiquée par les sources consultées."
superieur;établissement privé d'enseignement supérieur (EPES);Institut Régional Supérieur des Beaux-Arts, de la Culture et de la Communication;IRSBAC.COM;prive;;;;;;https://enseignementsuperieur.gouv.bj/uploads/document_actualite/4fa961e0a40ad936d2999887d6721e15.pdf https://enseignementsuperieur.gouv.bj/uploads/universite_directory/85b712cd25f07f6b8487f34bbd4a8659.pdf https://decsup.bj/uploads/communique/document_658.pdf;officielle;"Guide MESRS 2026-2027 : filières agréées + filières en régime d'ouverture ; Guide MESRS 2024-2025 : filières en régime d'ouverture ; Candidats aux examens nationaux (DECSUP) : Licence 2025, Licence 2026, Master 2025, Master 2026 (2026-07-30). Commune non indiquée par les sources consultées."
superieur;établissement privé d'enseignement supérieur (EPES);Institut Supérieur Agro-Pastoral de Biotechnologie et de l'Environnement;ISAPAB;prive;;;;;;https://enseignementsuperieur.gouv.bj/uploads/document_actualite/4fa961e0a40ad936d2999887d6721e15.pdf https://enseignementsuperieur.gouv.bj/uploads/universite_directory/85b712cd25f07f6b8487f34bbd4a8659.pdf https://decsup.bj/uploads/communique/document_604.pdf;officielle;"Guide MESRS 2026-2027 : filières en régime d'ouverture ; Guide MESRS 2024-2025 : filières en régime d'ouverture ; Candidats aux examens nationaux (DECSUP) : Licence 2025, Licence 2026 (2026-07-30). Commune non indiquée par les sources consultées."
superieur;établissement privé d'enseignement supérieur (EPES);Institut Supérieur d'Expertise et de Gestion;ISEG;prive;Cotonou;;;;;https://enseignementsuperieur.gouv.bj/uploads/document_actualite/4fa961e0a40ad936d2999887d6721e15.pdf https://enseignementsuperieur.gouv.bj/uploads/universite_directory/85b712cd25f07f6b8487f34bbd4a8659.pdf https://decsup.bj/uploads/communique/document_660.pdf https://decsup.bj/uploads/communique/document_606.pdf;officielle;"Guide MESRS 2026-2027 : filières agréées + filières en régime d'ouverture ; Guide MESRS 2024-2025 : filières agréées + filières en régime d'ouverture ; Candidats aux examens nationaux (DECSUP) : Licence 2025, Licence 2026, Master 2025, Master 2026 (2026-07-30)."
superieur;établissement privé d'enseignement supérieur (EPES);Institut Supérieur de Communication et de Gestion;ISCG;prive;;;;;;https://enseignementsuperieur.gouv.bj/uploads/document_actualite/4fa961e0a40ad936d2999887d6721e15.pdf https://enseignementsuperieur.gouv.bj/uploads/universite_directory/85b712cd25f07f6b8487f34bbd4a8659.pdf https://decsup.bj/uploads/communique/document_659.pdf;officielle;"Guide MESRS 2026-2027 : filières agréées + filières en régime d'ouverture ; Guide MESRS 2024-2025 : filières agréées + filières en régime d'ouverture ; Candidats aux examens nationaux (DECSUP) : Licence 2025, Licence 2026, Master 2025, Master 2026 (2026-07-30). Commune non indiquée par les sources consultées."
superieur;établissement privé d'enseignement supérieur (EPES);Institut Supérieur de Communication, d'Organisation et de Management;ISCOM;prive;;;;;;https://enseignementsuperieur.gouv.bj/uploads/document_actualite/4fa961e0a40ad936d2999887d6721e15.pdf https://enseignementsuperieur.gouv.bj/uploads/universite_directory/85b712cd25f07f6b8487f34bbd4a8659.pdf https://decsup.bj/uploads/communique/document_209.pdf;officielle;"Guide MESRS 2026-2027 : filières en régime d'ouverture ; Guide MESRS 2024-2025 : filières en régime d'ouverture ; Candidats aux examens nationaux (DECSUP) : Licence 2025 (2026-07-30). Commune non indiquée par les sources consultées."
superieur;établissement privé d'enseignement supérieur (EPES);Institut Supérieur de Formation des Éducateurs Spécialisés Laura Vicuña;ISFES-LV;prive;;;;;;https://enseignementsuperieur.gouv.bj/uploads/document_actualite/4fa961e0a40ad936d2999887d6721e15.pdf https://enseignementsuperieur.gouv.bj/uploads/universite_directory/85b712cd25f07f6b8487f34bbd4a8659.pdf https://decsup.bj/uploads/communique/document_211.pdf;officielle;"Guide MESRS 2026-2027 : filières agréées ; Guide MESRS 2024-2025 : filières agréées ; Candidats aux examens nationaux (DECSUP) : Licence 2025 (2026-07-30). Commune non indiquée par les sources consultées."
superieur;établissement privé d'enseignement supérieur (EPES);Institut Supérieur de Formation Professionnelle;ISFOP;prive;;;;;;https://enseignementsuperieur.gouv.bj/uploads/universite_directory/85b712cd25f07f6b8487f34bbd4a8659.pdf;officielle;Guide MESRS 2024-2025 : filières en régime d'ouverture (2024-07-29). Commune non indiquée par les sources consultées. Absent du guide 2026-2027. Wikipédia (en) mentionne une « ISFOP Benin University » : non vérifié.
superieur;établissement privé d'enseignement supérieur (EPES);Institut Supérieur de Formation Professionnelle et d'Appui à la Sécurité Économique;IS FOPASE;prive;Cotonou;;;;;https://enseignementsuperieur.gouv.bj/uploads/document_actualite/4fa961e0a40ad936d2999887d6721e15.pdf https://enseignementsuperieur.gouv.bj/uploads/universite_directory/85b712cd25f07f6b8487f34bbd4a8659.pdf https://decsup.bj/uploads/communique/document_603.pdf https://decsup.bj/uploads/communique/document_212.pdf;officielle;"Guide MESRS 2026-2027 : filières en régime d'ouverture ; Guide MESRS 2024-2025 : filières en régime d'ouverture ; Candidats aux examens nationaux (DECSUP) : Licence 2025, Licence 2026 (2026-07-30)."
superieur;établissement privé d'enseignement supérieur (EPES);Institut Supérieur de Génie Civil et de Gestion;ISGG;prive;;;;;;https://enseignementsuperieur.gouv.bj/uploads/document_actualite/4fa961e0a40ad936d2999887d6721e15.pdf https://enseignementsuperieur.gouv.bj/uploads/universite_directory/85b712cd25f07f6b8487f34bbd4a8659.pdf https://decsup.bj/uploads/communique/document_608.pdf;officielle;"Guide MESRS 2026-2027 : filières en régime d'ouverture ; Guide MESRS 2024-2025 : filières en régime d'ouverture ; Candidats aux examens nationaux (DECSUP) : Licence 2025, Licence 2026 (2026-07-30). Commune non indiquée par les sources consultées."
superieur;établissement privé d'enseignement supérieur (EPES);Institut Supérieur de l'Afrique de l'Ouest;ISAO;prive;;;;;;https://enseignementsuperieur.gouv.bj/uploads/document_actualite/4fa961e0a40ad936d2999887d6721e15.pdf https://enseignementsuperieur.gouv.bj/uploads/universite_directory/85b712cd25f07f6b8487f34bbd4a8659.pdf;officielle;"Guide MESRS 2026-2027 : filières en régime d'ouverture ; Guide MESRS 2024-2025 : filières en régime d'ouverture (2026-07-30). Commune non indiquée par les sources consultées."
superieur;établissement privé d'enseignement supérieur (EPES);Institut Supérieur de Management Adonaï;ISM Adonaï;prive;Cotonou | Abomey-Calavi | Parakou | Porto-Novo | Pobè;;;;;https://enseignementsuperieur.gouv.bj/uploads/document_actualite/4fa961e0a40ad936d2999887d6721e15.pdf https://enseignementsuperieur.gouv.bj/uploads/universite_directory/85b712cd25f07f6b8487f34bbd4a8659.pdf https://decsup.bj/uploads/communique/document_661.pdf https://decsup.bj/uploads/communique/document_219.pdf https://decsup.bj/uploads/communique/document_218.pdf https://decsup.bj/uploads/communique/document_220.pdf https://decsup.bj/uploads/communique/document_222.pdf https://decsup.bj/uploads/communique/document_221.pdf;officielle;"Guide MESRS 2026-2027 : filières agréées + filières en régime d'ouverture ; Guide MESRS 2024-2025 : filières agréées + filières en régime d'ouverture ; Candidats aux examens nationaux (DECSUP) : Licence 2025, Licence 2026, Master 2025, Master 2026 (2026-07-30). 5 sites DECSUP ; libellé 2026 « ISM-ADONAI CI » non élucidé."
superieur;établissement privé d'enseignement supérieur (EPES);Institut Supérieur de Management et de Technologies Saint Salomon;ISMT-ST SALOMON;prive;Abomey-Calavi (Hêvié);;;;;https://enseignementsuperieur.gouv.bj/uploads/document_actualite/4fa961e0a40ad936d2999887d6721e15.pdf https://enseignementsuperieur.gouv.bj/uploads/universite_directory/85b712cd25f07f6b8487f34bbd4a8659.pdf https://decsup.bj/uploads/communique/document_612.pdf;officielle;"Guide MESRS 2026-2027 : filières agréées + filières en régime d'ouverture ; Guide MESRS 2024-2025 : filières agréées + filières en régime d'ouverture ; Candidats aux examens nationaux (DECSUP) : Licence 2025, Licence 2026 (2026-07-30). Hêvié rattaché à Abomey-Calavi par nous."
superieur;établissement privé d'enseignement supérieur (EPES);Institut Supérieur de Mathématiques de la Décision;ISMADE;prive;;;;;;https://enseignementsuperieur.gouv.bj/uploads/document_actualite/4fa961e0a40ad936d2999887d6721e15.pdf https://enseignementsuperieur.gouv.bj/uploads/universite_directory/85b712cd25f07f6b8487f34bbd4a8659.pdf https://decsup.bj/uploads/communique/document_662.pdf;officielle;"Guide MESRS 2026-2027 : filières en régime d'ouverture ; Guide MESRS 2024-2025 : filières en régime d'ouverture ; Candidats aux examens nationaux (DECSUP) : Licence 2025, Licence 2026, Master 2026 (2026-07-30). Commune non indiquée par les sources consultées."
superieur;établissement privé d'enseignement supérieur (EPES);Institut Supérieur des Métiers de l'Audiovisuel;ISMA;prive;Cotonou;;;;;https://enseignementsuperieur.gouv.bj/uploads/document_actualite/4fa961e0a40ad936d2999887d6721e15.pdf https://enseignementsuperieur.gouv.bj/uploads/universite_directory/85b712cd25f07f6b8487f34bbd4a8659.pdf https://decsup.bj/uploads/communique/document_663.pdf https://decsup.bj/uploads/communique/document_216.pdf;officielle;"Guide MESRS 2026-2027 : filières agréées ; Guide MESRS 2024-2025 : filières agréées ; Candidats aux examens nationaux (DECSUP) : Licence 2025, Licence 2026, Master 2025, Master 2026 (2026-07-30)."
superieur;établissement privé d'enseignement supérieur (EPES);Institut Supérieur des Sciences de l'Information et de la Communication;ISSIC;prive;;;;;;https://enseignementsuperieur.gouv.bj/uploads/universite_directory/85b712cd25f07f6b8487f34bbd4a8659.pdf;officielle;Guide MESRS 2024-2025 : filières en régime d'ouverture (2024-07-29). Commune non indiquée par les sources consultées. Absent du guide 2026-2027.
superieur;établissement privé d'enseignement supérieur (EPES);Institut Supérieur Golden Academy;ISGA;prive;;;;;;https://enseignementsuperieur.gouv.bj/uploads/document_actualite/4fa961e0a40ad936d2999887d6721e15.pdf https://enseignementsuperieur.gouv.bj/uploads/universite_directory/85b712cd25f07f6b8487f34bbd4a8659.pdf https://decsup.bj/uploads/communique/document_607.pdf;officielle;"Guide MESRS 2026-2027 : filières agréées ; Guide MESRS 2024-2025 : filières agréées ; Candidats aux examens nationaux (DECSUP) : Licence 2025, Licence 2026 (2026-07-30). Commune non indiquée par les sources consultées."
superieur;établissement privé d'enseignement supérieur (EPES);Institut Supérieur Hill-City University Bénin;IS HCUB;prive;;;;;;https://enseignementsuperieur.gouv.bj/uploads/document_actualite/4fa961e0a40ad936d2999887d6721e15.pdf https://enseignementsuperieur.gouv.bj/uploads/universite_directory/85b712cd25f07f6b8487f34bbd4a8659.pdf https://decsup.bj/uploads/communique/document_609.pdf;officielle;"Guide MESRS 2026-2027 : filières en régime d'ouverture ; Guide MESRS 2024-2025 : filières en régime d'ouverture ; Candidats aux examens nationaux (DECSUP) : Licence 2025, Licence 2026 (2026-07-30). Commune non indiquée par les sources consultées. Le guide écrit « Institut Supérieur HCUB » ; nom développé tiré de DECSUP."
superieur;établissement privé d'enseignement supérieur (EPES);Institut Supérieur la Nouvelle Espérance;ISNE;prive;;;;;;https://enseignementsuperieur.gouv.bj/uploads/document_actualite/4fa961e0a40ad936d2999887d6721e15.pdf https://enseignementsuperieur.gouv.bj/uploads/universite_directory/85b712cd25f07f6b8487f34bbd4a8659.pdf;officielle;"Guide MESRS 2026-2027 : filières en régime d'ouverture ; Guide MESRS 2024-2025 : filières en régime d'ouverture (2026-07-30). Commune non indiquée par les sources consultées."
superieur;établissement privé d'enseignement supérieur (EPES);Institut Supérieur Notre Dame d'Afrique;ISNDA;prive;;;;;;https://enseignementsuperieur.gouv.bj/uploads/document_actualite/4fa961e0a40ad936d2999887d6721e15.pdf https://enseignementsuperieur.gouv.bj/uploads/universite_directory/85b712cd25f07f6b8487f34bbd4a8659.pdf https://decsup.bj/uploads/communique/document_664.pdf;officielle;"Guide MESRS 2026-2027 : filières en régime d'ouverture ; Guide MESRS 2024-2025 : filières en régime d'ouverture ; Candidats aux examens nationaux (DECSUP) : Licence 2026, Master 2026 (2026-07-30). Commune non indiquée par les sources consultées."
superieur;établissement privé d'enseignement supérieur (EPES);Institut Supérieur Saint Paul de Tarse;ISSPT;prive;;;;;;https://enseignementsuperieur.gouv.bj/uploads/document_actualite/4fa961e0a40ad936d2999887d6721e15.pdf https://enseignementsuperieur.gouv.bj/uploads/universite_directory/85b712cd25f07f6b8487f34bbd4a8659.pdf https://decsup.bj/uploads/communique/document_614.pdf;officielle;"Guide MESRS 2026-2027 : filières agréées + filières en régime d'ouverture ; Guide MESRS 2024-2025 : filières en régime d'ouverture ; Candidats aux examens nationaux (DECSUP) : Licence 2025, Licence 2026 (2026-07-30). Commune non indiquée par les sources consultées."
superieur;établissement privé d'enseignement supérieur (EPES);Institut Universitaire Africain du Bénin;IUAB;prive;;;;;;https://enseignementsuperieur.gouv.bj/uploads/document_actualite/4fa961e0a40ad936d2999887d6721e15.pdf https://enseignementsuperieur.gouv.bj/uploads/universite_directory/85b712cd25f07f6b8487f34bbd4a8659.pdf;officielle;"Guide MESRS 2026-2027 : filières en régime d'ouverture ; Guide MESRS 2024-2025 : filières en régime d'ouverture (2026-07-30). Commune non indiquée par les sources consultées."
superieur;établissement privé d'enseignement supérieur (EPES);Institut Universitaire Courage;;prive;;;;;;https://enseignementsuperieur.gouv.bj/uploads/universite_directory/85b712cd25f07f6b8487f34bbd4a8659.pdf;officielle;Guide MESRS 2024-2025 : filières en régime d'ouverture (2024-07-29). Commune non indiquée par les sources consultées. Absent du guide 2026-2027.
superieur;établissement privé d'enseignement supérieur (EPES);Institut Universitaire d'Enseignement Professionnel spécialisé dans les Métiers de l'Agriculture de Govié;IUEP Govié;prive;;;;;;https://enseignementsuperieur.gouv.bj/uploads/document_actualite/4fa961e0a40ad936d2999887d6721e15.pdf https://enseignementsuperieur.gouv.bj/uploads/universite_directory/85b712cd25f07f6b8487f34bbd4a8659.pdf;officielle;"Guide MESRS 2026-2027 : filières en régime d'ouverture ; Guide MESRS 2024-2025 : filières en régime d'ouverture (2026-07-30). Commune non indiquée par les sources consultées. Privé selon le guide (rubrique EPES). Localité Govié citée dans le nom ; commune non précisée par la source. Ne pas confondre avec l'IUEP public (rubrique V du guide)."
superieur;établissement privé d'enseignement supérieur (EPES);Institut Universitaire de Bohicon;IUBO;prive;Bohicon;;;;;https://enseignementsuperieur.gouv.bj/uploads/document_actualite/4fa961e0a40ad936d2999887d6721e15.pdf https://enseignementsuperieur.gouv.bj/uploads/universite_directory/85b712cd25f07f6b8487f34bbd4a8659.pdf https://decsup.bj/uploads/communique/document_665.pdf;officielle;"Guide MESRS 2026-2027 : filières en régime d'ouverture ; Guide MESRS 2024-2025 : filières en régime d'ouverture ; Candidats aux examens nationaux (DECSUP) : Licence 2025, Licence 2026, Master 2025, Master 2026 (2026-07-30). Commune tirée du nom."
superieur;établissement privé d'enseignement supérieur (EPES);Institut Universitaire de Formation et d'Immersion Professionnelle;IUFIP;prive;;;;;;https://enseignementsuperieur.gouv.bj/uploads/document_actualite/4fa961e0a40ad936d2999887d6721e15.pdf;officielle;Guide MESRS 2026-2027 : filières en régime d'ouverture (2026-07-30). Commune non indiquée par les sources consultées. Nouveau dans le guide 2026-2027.
superieur;établissement privé d'enseignement supérieur (EPES);Institut Universitaire de Langue et des Sciences;;prive;;;;;;https://enseignementsuperieur.gouv.bj/uploads/document_actualite/4fa961e0a40ad936d2999887d6721e15.pdf https://enseignementsuperieur.gouv.bj/uploads/universite_directory/85b712cd25f07f6b8487f34bbd4a8659.pdf;officielle;"Guide MESRS 2026-2027 : filières en régime d'ouverture ; Guide MESRS 2024-2025 : filières en régime d'ouverture (2026-07-30). Commune non indiquée par les sources consultées."
superieur;établissement privé d'enseignement supérieur (EPES);Institut Universitaire des Métiers d'Avenir;IUMA;prive;Cotonou;;;;;https://enseignementsuperieur.gouv.bj/uploads/document_actualite/4fa961e0a40ad936d2999887d6721e15.pdf https://enseignementsuperieur.gouv.bj/uploads/universite_directory/85b712cd25f07f6b8487f34bbd4a8659.pdf https://decsup.bj/uploads/communique/document_666.pdf https://decsup.bj/uploads/communique/document_227.pdf;officielle;"Guide MESRS 2026-2027 : filières en régime d'ouverture ; Guide MESRS 2024-2025 : filières en régime d'ouverture ; Candidats aux examens nationaux (DECSUP) : Licence 2025, Licence 2026, Master 2025, Master 2026 (2026-07-30)."
superieur;établissement privé d'enseignement supérieur (EPES);Institut Universitaire des Sciences Économiques et Biologiques Appliquées;IUSEBA;prive;Parakou;;;;;https://enseignementsuperieur.gouv.bj/uploads/document_actualite/4fa961e0a40ad936d2999887d6721e15.pdf https://enseignementsuperieur.gouv.bj/uploads/universite_directory/85b712cd25f07f6b8487f34bbd4a8659.pdf https://decsup.bj/uploads/communique/document_620.pdf https://decsup.bj/uploads/communique/document_231.pdf;officielle;"Guide MESRS 2026-2027 : filières agréées + filières en régime d'ouverture ; Guide MESRS 2024-2025 : filières agréées ; Candidats aux examens nationaux (DECSUP) : Licence 2025, Licence 2026 (2026-07-30)."
superieur;établissement privé d'enseignement supérieur (EPES);Institut Universitaire des Sciences et Techniques Ajavon Sébastien;IUST-AS;prive;;;;;;https://enseignementsuperieur.gouv.bj/uploads/document_actualite/4fa961e0a40ad936d2999887d6721e15.pdf https://enseignementsuperieur.gouv.bj/uploads/universite_directory/85b712cd25f07f6b8487f34bbd4a8659.pdf https://decsup.bj/uploads/communique/document_621.pdf;officielle;"Guide MESRS 2026-2027 : filières en régime d'ouverture ; Guide MESRS 2024-2025 : filières en régime d'ouverture ; Candidats aux examens nationaux (DECSUP) : Licence 2025, Licence 2026 (2026-07-30). Commune non indiquée par les sources consultées."
superieur;établissement privé d'enseignement supérieur (EPES);Institut Universitaire du Bénin;IUB;prive;;;;;;https://enseignementsuperieur.gouv.bj/uploads/document_actualite/4fa961e0a40ad936d2999887d6721e15.pdf https://enseignementsuperieur.gouv.bj/uploads/universite_directory/85b712cd25f07f6b8487f34bbd4a8659.pdf;officielle;"Guide MESRS 2026-2027 : filières en régime d'ouverture ; Guide MESRS 2024-2025 : filières en régime d'ouverture (2026-07-30). Commune non indiquée par les sources consultées. Homonymie possible avec d'autres « IUB »."
superieur;établissement privé d'enseignement supérieur (EPES);Institut Universitaire du Professorat et de Management;IUPM;prive;;;;;;https://enseignementsuperieur.gouv.bj/uploads/document_actualite/4fa961e0a40ad936d2999887d6721e15.pdf https://enseignementsuperieur.gouv.bj/uploads/universite_directory/85b712cd25f07f6b8487f34bbd4a8659.pdf;officielle;"Guide MESRS 2026-2027 : filières en régime d'ouverture ; Guide MESRS 2024-2025 : filières en régime d'ouverture (2026-07-30). Commune non indiquée par les sources consultées."
superieur;établissement privé d'enseignement supérieur (EPES);Institut Universitaire EDEXCEL;IU-EDEXCEL;prive;;;;;;https://enseignementsuperieur.gouv.bj/uploads/document_actualite/4fa961e0a40ad936d2999887d6721e15.pdf https://enseignementsuperieur.gouv.bj/uploads/universite_directory/85b712cd25f07f6b8487f34bbd4a8659.pdf https://decsup.bj/uploads/communique/document_574.pdf;officielle;"Guide MESRS 2026-2027 : filières en régime d'ouverture ; Guide MESRS 2024-2025 : filières en régime d'ouverture ; Candidats aux examens nationaux (DECSUP) : Licence 2025, Licence 2026 (2026-07-30). Commune non indiquée par les sources consultées. UNEPES le nomme « EDEXCEL Université »."
superieur;établissement privé d'enseignement supérieur (EPES);Institut Universitaire la Grâce (ex-ECOTES Bénin);IUG / ECOTES;prive;;;;;;https://enseignementsuperieur.gouv.bj/uploads/document_actualite/4fa961e0a40ad936d2999887d6721e15.pdf https://enseignementsuperieur.gouv.bj/uploads/universite_directory/85b712cd25f07f6b8487f34bbd4a8659.pdf https://decsup.bj/uploads/communique/document_637.pdf;officielle;"Guide MESRS 2026-2027 : filières en régime d'ouverture ; Guide MESRS 2024-2025 : filières en régime d'ouverture ; Candidats aux examens nationaux (DECSUP) : Licence 2025, Licence 2026, Master 2025, Master 2026 (2026-07-30). Commune non indiquée par les sources consultées. Ex-ECOTES Bénin selon UNEPES (https://www.unepesbenin.org/membres.html). Le statut 2024-2025 est celui d'« École de Techniciens Supérieurs du Bénin (ECOTES) » (ouverture) ; ECOTES apparaît encore sous ce nom dans les listes DECSUP 2026. Fusion IUG/ECOTES à confirmer."
superieur;établissement privé d'enseignement supérieur (EPES);Institut Universitaire le Grand Berger du Bénin;;prive;;;;;;https://enseignementsuperieur.gouv.bj/uploads/document_actualite/4fa961e0a40ad936d2999887d6721e15.pdf https://enseignementsuperieur.gouv.bj/uploads/universite_directory/85b712cd25f07f6b8487f34bbd4a8659.pdf;officielle;"Guide MESRS 2026-2027 : filières en régime d'ouverture ; Guide MESRS 2024-2025 : filières en régime d'ouverture (2026-07-30). Commune non indiquée par les sources consultées."
superieur;établissement privé d'enseignement supérieur (EPES);Institut Universitaire Les Cours Sonou;LCS;prive;Cotonou | Abomey-Calavi | Parakou | Porto-Novo;;;;;https://enseignementsuperieur.gouv.bj/uploads/document_actualite/4fa961e0a40ad936d2999887d6721e15.pdf https://enseignementsuperieur.gouv.bj/uploads/universite_directory/85b712cd25f07f6b8487f34bbd4a8659.pdf https://decsup.bj/uploads/communique/document_668.pdf https://decsup.bj/uploads/communique/document_234.pdf https://decsup.bj/uploads/communique/document_233.pdf https://decsup.bj/uploads/communique/document_235.pdf https://decsup.bj/uploads/communique/document_236.pdf;officielle;"Guide MESRS 2026-2027 : filières agréées + filières en régime d'ouverture ; Guide MESRS 2024-2025 : filières agréées + filières en régime d'ouverture ; Candidats aux examens nationaux (DECSUP) : Licence 2025, Licence 2026, Master 2025, Master 2026 (2026-07-30). 4 sites DECSUP."
superieur;établissement privé d'enseignement supérieur (EPES);Institut Universitaire MatheFineco;IUM;prive;;;;;;https://enseignementsuperieur.gouv.bj/uploads/document_actualite/4fa961e0a40ad936d2999887d6721e15.pdf https://enseignementsuperieur.gouv.bj/uploads/universite_directory/85b712cd25f07f6b8487f34bbd4a8659.pdf https://decsup.bj/uploads/communique/document_617.pdf;officielle;"Guide MESRS 2026-2027 : filières agréées + filières en régime d'ouverture ; Guide MESRS 2024-2025 : filières en régime d'ouverture ; Candidats aux examens nationaux (DECSUP) : Licence 2025, Licence 2026 (2026-07-30). Commune non indiquée par les sources consultées. Graphies : MATHFINECO / MatheFineco."
superieur;établissement privé d'enseignement supérieur (EPES);Institut Universitaire Panafricain;IUP;prive;Porto-Novo;;;;;https://enseignementsuperieur.gouv.bj/uploads/document_actualite/4fa961e0a40ad936d2999887d6721e15.pdf https://enseignementsuperieur.gouv.bj/uploads/universite_directory/85b712cd25f07f6b8487f34bbd4a8659.pdf https://decsup.bj/uploads/communique/document_667.pdf https://decsup.bj/uploads/communique/document_229.pdf;officielle;"Guide MESRS 2026-2027 : filières agréées + filières en régime d'ouverture ; Guide MESRS 2024-2025 : filières agréées + filières en régime d'ouverture ; Candidats aux examens nationaux (DECSUP) : Licence 2025, Licence 2026, Master 2025, Master 2026 (2026-07-30)."
superieur;établissement privé d'enseignement supérieur (EPES);Institut Universitaire Saints Adrien et Anselme;IUSAA;prive;;;;;;https://enseignementsuperieur.gouv.bj/uploads/document_actualite/4fa961e0a40ad936d2999887d6721e15.pdf https://enseignementsuperieur.gouv.bj/uploads/universite_directory/85b712cd25f07f6b8487f34bbd4a8659.pdf https://decsup.bj/uploads/communique/document_619.pdf;officielle;"Guide MESRS 2026-2027 : filières en régime d'ouverture ; Guide MESRS 2024-2025 : filières en régime d'ouverture ; Candidats aux examens nationaux (DECSUP) : Licence 2025, Licence 2026 (2026-07-30). Commune non indiquée par les sources consultées."
superieur;établissement privé d'enseignement supérieur (EPES);Institut Universitaire ULTIME des Sciences et Technologies;;prive;;;;;;https://enseignementsuperieur.gouv.bj/uploads/universite_directory/85b712cd25f07f6b8487f34bbd4a8659.pdf;officielle;Guide MESRS 2024-2025 : filières en régime d'ouverture (2024-07-29). Commune non indiquée par les sources consultées. Absent du guide 2026-2027.
superieur;établissement privé d'enseignement supérieur (EPES);Institut Universitaire West African Union;;prive;;;;;;https://enseignementsuperieur.gouv.bj/uploads/document_actualite/4fa961e0a40ad936d2999887d6721e15.pdf https://enseignementsuperieur.gouv.bj/uploads/universite_directory/85b712cd25f07f6b8487f34bbd4a8659.pdf;officielle;"Guide MESRS 2026-2027 : filières en régime d'ouverture ; Guide MESRS 2024-2025 : filières en régime d'ouverture (2026-07-30). Commune non indiquée par les sources consultées."
superieur;établissement privé d'enseignement supérieur (EPES);IRGIB-Africa University;IRGIB AFRICA;prive;;;;;;https://enseignementsuperieur.gouv.bj/uploads/document_actualite/4fa961e0a40ad936d2999887d6721e15.pdf https://enseignementsuperieur.gouv.bj/uploads/universite_directory/85b712cd25f07f6b8487f34bbd4a8659.pdf https://decsup.bj/uploads/communique/document_657.pdf;officielle;"Guide MESRS 2026-2027 : filières agréées + filières en régime d'ouverture ; Guide MESRS 2024-2025 : filières agréées ; Candidats aux examens nationaux (DECSUP) : Licence 2025, Licence 2026, Master 2025, Master 2026 (2026-07-30). Commune non indiquée par les sources consultées."
superieur;établissement privé d'enseignement supérieur (EPES);La Nouvelle École des Métiers;LaNEM;prive;;;;;;https://enseignementsuperieur.gouv.bj/uploads/document_actualite/4fa961e0a40ad936d2999887d6721e15.pdf;officielle;Guide MESRS 2026-2027 : filières en régime d'ouverture (2026-07-30). Commune non indiquée par les sources consultées. Nouveau dans le guide 2026-2027.
superieur;établissement privé d'enseignement supérieur (EPES);Pinnacle African Institute;;prive;;;;;;https://enseignementsuperieur.gouv.bj/uploads/universite_directory/85b712cd25f07f6b8487f34bbd4a8659.pdf;officielle;Guide MESRS 2024-2025 : filières en régime d'ouverture (2024-07-29). Commune non indiquée par les sources consultées. Absent du guide 2026-2027.
superieur;établissement privé d'enseignement supérieur (EPES);POLYTECH ADA (École Polytechnique des Génies);POLYTECH ADA;prive;;;;;;https://enseignementsuperieur.gouv.bj/uploads/document_actualite/4fa961e0a40ad936d2999887d6721e15.pdf https://enseignementsuperieur.gouv.bj/uploads/universite_directory/85b712cd25f07f6b8487f34bbd4a8659.pdf https://decsup.bj/uploads/communique/document_623.pdf;officielle;"Guide MESRS 2026-2027 : filières agréées ; Guide MESRS 2024-2025 : filières agréées ; Candidats aux examens nationaux (DECSUP) : Licence 2025, Licence 2026 (2026-07-30). Commune non indiquée par les sources consultées."
superieur;établissement privé d'enseignement supérieur (EPES);POMA;;prive;;;;;;https://enseignementsuperieur.gouv.bj/uploads/universite_directory/85b712cd25f07f6b8487f34bbd4a8659.pdf;officielle;"Guide MESRS 2024-2025 : filières en régime d'ouverture (2024-07-29). Commune non indiquée par les sources consultées. Nom seul dans le guide 2024-2025 ; absent du guide 2026-2027."
superieur;établissement privé d'enseignement supérieur (EPES);Université Africaine de Technologie et de Management;UATM-GASA;prive;Cotonou (Agla) | Cotonou (Gbégamey) | Porto-Novo;;;;;https://enseignementsuperieur.gouv.bj/uploads/document_actualite/4fa961e0a40ad936d2999887d6721e15.pdf https://enseignementsuperieur.gouv.bj/uploads/universite_directory/85b712cd25f07f6b8487f34bbd4a8659.pdf https://decsup.bj/uploads/communique/document_670.pdf https://decsup.bj/uploads/communique/document_239.pdf https://decsup.bj/uploads/communique/document_240.pdf https://decsup.bj/uploads/communique/document_241.pdf;officielle;"Guide MESRS 2026-2027 : filières agréées + filières en régime d'ouverture ; Guide MESRS 2024-2025 : filières agréées ; Candidats aux examens nationaux (DECSUP) : Licence 2025, Licence 2026, Master 2025, Master 2026 (2026-07-30). 3 sites DECSUP. Agla et Gbégamey : quartiers de Cotonou (rattachement fait par nous)."
superieur;établissement privé d'enseignement supérieur (EPES);Université Catholique de l'Afrique de l'Ouest – Unité Universitaire à Cotonou;UCAO-UUC;prive;Cotonou;;;;;https://enseignementsuperieur.gouv.bj/uploads/document_actualite/4fa961e0a40ad936d2999887d6721e15.pdf https://enseignementsuperieur.gouv.bj/uploads/universite_directory/85b712cd25f07f6b8487f34bbd4a8659.pdf https://decsup.bj/uploads/communique/document_671.pdf https://decsup.bj/uploads/communique/document_242.pdf;officielle;"Guide MESRS 2026-2027 : filières agréées + filières en régime d'ouverture ; Guide MESRS 2024-2025 : filières agréées + filières en régime d'ouverture ; Candidats aux examens nationaux (DECSUP) : Licence 2025, Licence 2026, Master 2025, Master 2026 (2026-07-30)."
superieur;établissement privé d'enseignement supérieur (EPES);Université Polytechnique Internationale Dr Obiang Nguema Mbasogo;UPI-ONM;prive;;;;;;https://enseignementsuperieur.gouv.bj/uploads/document_actualite/4fa961e0a40ad936d2999887d6721e15.pdf https://enseignementsuperieur.gouv.bj/uploads/universite_directory/85b712cd25f07f6b8487f34bbd4a8659.pdf https://decsup.bj/uploads/communique/document_673.pdf;officielle;"Guide MESRS 2026-2027 : filières agréées ; Guide MESRS 2024-2025 : filières agréées ; Candidats aux examens nationaux (DECSUP) : Licence 2025, Licence 2026, Master 2025, Master 2026 (2026-07-30). Commune non indiquée par les sources consultées."
superieur;établissement privé d'enseignement supérieur (EPES);Université Protestante de l'Afrique de l'Ouest;UPAO;prive;;;;;;https://enseignementsuperieur.gouv.bj/uploads/document_actualite/4fa961e0a40ad936d2999887d6721e15.pdf https://enseignementsuperieur.gouv.bj/uploads/universite_directory/85b712cd25f07f6b8487f34bbd4a8659.pdf https://decsup.bj/uploads/communique/document_672.pdf;officielle;"Guide MESRS 2026-2027 : filières agréées + filières en régime d'ouverture ; Guide MESRS 2024-2025 : filières agréées + filières en régime d'ouverture ; Candidats aux examens nationaux (DECSUP) : Licence 2025, Licence 2026, Master 2025, Master 2026 (2026-07-30). Commune non indiquée par les sources consultées."
technique_et_formation;Lycée technique et professionnel;Lycée technique et professionnel F.M. Coulibaly;LTP Coulibaly;public;Cotonou;;MESRS chargé de la Formation technique (ex-MESTFP);;;https://www.leretportail.com/lycees;recoupée (presse / plateforme);Nommé « Lycée technique F.M Coulibaly » (LeRET) et « Lycée technique et professionnel Coulibaly » (les4verites.bj, 2026). Réhabilitation décidée au Conseil des ministres du 26/07/2023 (banouto.bj).
technique_et_formation;Lycée technique et professionnel;Lycée technique et professionnel de Kpondéhou;LTP Kpondéhou;public;Cotonou;;MESRS chargé de la Formation technique (ex-MESTFP);;;https://www.leretportail.com/lycees;recoupée (presse / plateforme);Site propre : ltpkpondehou.bj. Cité dans la liste de réhabilitation 2023 (banouto.bj).
technique_et_formation;Lycée technique et professionnel;Lycée technique et professionnel de Porto-Novo;LTP Porto-Novo;public;Porto-Novo;;MESRS chargé de la Formation technique (ex-MESTFP);;;https://www.leretportail.com/lycees;recoupée (presse / plateforme);Centre du concours LTA 2026 pour l'Ouémé (les4verites.bj).
technique_et_formation;Lycée technique et professionnel;Lycée technique et professionnel de Ouidah;LTP Ouidah;public;Ouidah;;MESRS chargé de la Formation technique (ex-MESTFP);;;https://www.leretportail.com/lycees;recoupée (presse / plateforme);Cité dans la liste de construction/réhabilitation 2023 (banouto.bj).
technique_et_formation;Lycée technique et professionnel;Lycée technique et professionnel d'Économie familiale et sociale d'Akassato;LTP EFS Akassato;public;Abomey-Calavi;;MESRS chargé de la Formation technique (ex-MESTFP);;;https://www.leretportail.com/lycees;recoupée (presse / plateforme);Commune indiquée par LeRET.
technique_et_formation;Lycée technique et professionnel;Lycée technique et professionnel d'Amitié sino-béninoise d'Akassato;LTP Sino-Béninois Akassato;public;Abomey-Calavi;;MESRS chargé de la Formation technique (ex-MESTFP);;;https://www.leretportail.com/lycees;recoupée (presse / plateforme);Commune indiquée par LeRET.
technique_et_formation;Lycée technique et professionnel;Lycée technique et professionnel de Pobè;LTP Pobè;public;Pobè;;MESRS chargé de la Formation technique (ex-MESTFP);;;https://www.leretportail.com/lycees;recoupée (presse / plateforme);Centre du concours LTA 2026 pour le Plateau (les4verites.bj).
technique_et_formation;Lycée technique et professionnel;Lycée technique et professionnel d'Ina;LTP Ina;public;Bembèrèkè;;MESRS chargé de la Formation technique (ex-MESTFP);;;https://www.leretportail.com/lycees;recoupée (presse / plateforme);À distinguer du LTA d'Ina (communiqué MESTFP déc. 2023) : les deux dénominations coexistent dans les sources, confusion possible à lever.
technique_et_formation;Lycée technique et professionnel;Lycée technique de Natitingou;LT Natitingou;public;Natitingou;;MESRS chargé de la Formation technique (ex-MESTFP);;;https://www.leretportail.com/lycees;recoupée (presse / plateforme);À distinguer du LTA de Natitingou.
technique_et_formation;Lycée technique et professionnel;Lycée technique et professionnel de Tchaourou;LTP Tchaourou;public;Tchaourou;;MESRS chargé de la Formation technique (ex-MESTFP);;;https://www.leretportail.com/lycees;recoupée (presse / plateforme);Aussi cité par beninwebtv.bj (2026) et banouto.bj (2023).
technique_et_formation;Lycée technique et professionnel;Lycée technique et professionnel de Bopa;LTP Bopa;public;Bopa;;MESRS chargé de la Formation technique (ex-MESTFP);;;https://www.leretportail.com/lycees;recoupée (presse / plateforme);
technique_et_formation;Lycée technique et professionnel;Lycée technique et professionnel de Djougou;LTP Djougou;public;Djougou;;MESRS chargé de la Formation technique (ex-MESTFP);;;https://www.leretportail.com/lycees;recoupée (presse / plateforme);Centre du concours LTA 2026 pour la Donga (les4verites.bj).
technique_et_formation;Lycée technique et professionnel;Lycée technique et professionnel de Djakotomey;LTP Djakotomey;public;Djakotomey;;MESRS chargé de la Formation technique (ex-MESTFP);;;https://www.leretportail.com/lycees;recoupée (presse / plateforme);
technique_et_formation;Lycée technique et professionnel;Lycée technique et professionnel de Kandi;LTP Kandi;public;Kandi;;MESRS chargé de la Formation technique (ex-MESTFP);;;https://www.leretportail.com/lycees;recoupée (presse / plateforme);Centre du concours LTA 2026 pour l'Alibori (les4verites.bj).
technique_et_formation;Lycée technique et professionnel;Lycée technique et professionnel de Bohicon;LTP Bohicon;public;Bohicon;;MESRS chargé de la Formation technique (ex-MESTFP);;;https://www.leretportail.com/lycees;recoupée (presse / plateforme);Centre du concours LTA 2026 pour le Zou (les4verites.bj).
technique_et_formation;Lycée technique et professionnel;Lycée technique et professionnel de Lokossa;LTP Lokossa;public;Lokossa;;MESRS chargé de la Formation technique (ex-MESTFP);;;https://legrandmono.bj/benin-liste-des-candidats-autorises-a-sinscrire-dans-les-lycees-techniques-et-professionnels-du-benin/;recoupée (presse / plateforme);Liste d'inscrits 2024-2025 « LTP Lokossa », LTP à Lokossa aussi dans le programme de construction 2023 (banouto.bj). Absent de la liste LeRET.
technique_et_formation;Lycée technique agricole;Lycée agricole Mèdji de Sékou;LAMS;public;Allada;;MESRS chargé de la Formation technique (ex-MESTFP);;;https://www.banouto.bj/societe/article/20231229-lycees-techniques-agricoles-du-benin-les-inscriptions-a-titre-payant-lancees-dans-10-etablissements;recoupée (presse / plateforme);Créé en 1970, commune Allada (fr.wikipedia, page de l'établissement). Fait partie des 10 LTA du communiqué MESTFP du 22/12/2023.
technique_et_formation;Lycée technique agricole;Lycée technique agricole d'Adja-Ouèrè;LTA Adja-Ouèrè;public;Adja-Ouèrè;;MESRS chargé de la Formation technique (ex-MESTFP);;;https://www.banouto.bj/societe/article/20231229-lycees-techniques-agricoles-du-benin-les-inscriptions-a-titre-payant-lancees-dans-10-etablissements;recoupée (presse / plateforme);Aussi cité par lanation.bj (déc. 2023).
technique_et_formation;Lycée technique agricole;Lycée technique agricole de Kika;LTA Kika;public;Tchaourou;;MESRS chargé de la Formation technique (ex-MESTFP);;;https://lanation.bj/education/formation-technique-et-professionnelle-engouement-et-espoir-dans-les-lycees-agricoles;recoupée (presse / plateforme);« lycée technique agricole de Kika dans la commune de Tchaourou » (La Nation, 07/12/2023).
technique_et_formation;Lycée technique agricole;Lycée technique agricole d'Ina;LTA Ina;public;Ina (localité);;MESRS chargé de la Formation technique (ex-MESTFP);;;https://www.banouto.bj/societe/article/20231229-lycees-techniques-agricoles-du-benin-les-inscriptions-a-titre-payant-lancees-dans-10-etablissements;recoupée (presse / plateforme);Commune de rattachement non citée par la source.
technique_et_formation;Lycée technique agricole;Lycée technique agricole de Banikoara;LTA Banikoara;public;Banikoara;;MESRS chargé de la Formation technique (ex-MESTFP);;;https://www.banouto.bj/societe/article/20231229-lycees-techniques-agricoles-du-benin-les-inscriptions-a-titre-payant-lancees-dans-10-etablissements;recoupée (presse / plateforme);
technique_et_formation;Lycée technique agricole;Lycée technique agricole de Djougou;LTA Djougou;public;Djougou;;MESRS chargé de la Formation technique (ex-MESTFP);;;https://www.banouto.bj/societe/article/20231229-lycees-techniques-agricoles-du-benin-les-inscriptions-a-titre-payant-lancees-dans-10-etablissements;recoupée (presse / plateforme);
technique_et_formation;Lycée technique agricole;Lycée technique agricole de Natitingou;LTA Natitingou;public;Natitingou;;MESRS chargé de la Formation technique (ex-MESTFP);;;https://www.les4verites.bj/le-concours-dentree-en-1ere-annee-niveau-ii-dans-les-lycees-techniques-agricoles-lance/;recoupée (presse / plateforme);Centre du concours LTA 2026 pour l'Atacora, aussi dans le communiqué de déc. 2023.
technique_et_formation;Lycée technique agricole;Lycée technique agricole de Savalou;LTA Savalou;public;Savalou;;MESRS chargé de la Formation technique (ex-MESTFP);;;https://www.banouto.bj/societe/article/20231229-lycees-techniques-agricoles-du-benin-les-inscriptions-a-titre-payant-lancees-dans-10-etablissements;recoupée (presse / plateforme);La Nation (déc. 2023) cite « Kpataba » à la place de Savalou dans sa liste de 10 LTA : probablement le même établissement (non vérifié).
technique_et_formation;Lycée technique agricole;Lycée technique agricole d'Adjahonmè;LTA Adjahonmè;public;Adjahonmè (localité);;MESRS chargé de la Formation technique (ex-MESTFP);;;https://www.banouto.bj/societe/article/20231229-lycees-techniques-agricoles-du-benin-les-inscriptions-a-titre-payant-lancees-dans-10-etablissements;recoupée (presse / plateforme);Orthographié « Adja Hounmey » par La Nation. Commune de rattachement non citée par les sources consultées.
technique_et_formation;Lycée technique agricole;Lycée technique agricole d'Akodéha;LTA Akodéha;public;Akodéha (localité);;MESRS chargé de la Formation technique (ex-MESTFP);;;https://www.banouto.bj/societe/article/20231229-lycees-techniques-agricoles-du-benin-les-inscriptions-a-titre-payant-lancees-dans-10-etablissements;recoupée (presse / plateforme);Commune de rattachement non citée par les sources consultées.
technique_et_formation;École de formation professionnelle (médico-sociale);École de formation médico-sociale de Parakou;EFMS Parakou;public;Parakou;;MESRS chargé de la Formation technique (ex-MESTFP);;;https://www.banouto.bj/societe/article/20260722-lycees-techniques-et-ecoles-de-formation-au-benin-les-inscriptions-a-titre-payant-ouvertes-pour-la-rentree-2026-2027;recoupée (presse / plateforme);Communiqué du 16/07/2026 : Diplôme d'État hygiéniste d'assainissement / de salles.
technique_et_formation;École de formation professionnelle (médico-sociale);École de formation médico-sociale — annexe de Djougou;EFMS Djougou;public;Djougou;;MESRS chargé de la Formation technique (ex-MESTFP);;;https://www.banouto.bj/societe/article/20260722-lycees-techniques-et-ecoles-de-formation-au-benin-les-inscriptions-a-titre-payant-ouvertes-pour-la-rentree-2026-2027;recoupée (presse / plateforme);Annexe de l'EFMS de Parakou.
technique_et_formation;Institut de formation (formateurs);Institut national d'ingénierie de formation et de renforcement des capacités des formateurs;INIFRCF;public;Cotonou (quartier Sikècodji);;Structure sous tutelle du MESTFP (fiche CatIS);;;https://catis.xroad.bj/institutions/IN00129;officielle;Sigle non donné par la source (formé à partir des initiales). Commune déduite de l'adresse « Quartier Sikècodji » de la fiche.
technique_et_formation;Institut de formation (enseignants maternel/primaire);Institut national pour la formation et la recherche en éducation;INFRE;public;Porto-Novo;;MEMP;;;https://memp.gouv.bj/ministere/structures-sous-tutelles;officielle;Chargé notamment de la formation initiale des normaliens, élèves conseillers pédagogiques et élèves inspecteurs. Localisation Porto-Novo : fr.wikipedia / page Facebook INFRE.
technique_et_formation;École normale d'instituteurs;École normale d'instituteurs d'Abomey;ENI Abomey;public;Abomey;;MEMP;;;https://memp.gouv.bj/ministere/ecoles-normales;officielle;« Les 6 Écoles Normales d'Instituteurs du Bénin » (MEMP).
technique_et_formation;École normale d'instituteurs;École normale d'instituteurs d'Allada;ENI Allada;public;Allada;;MEMP;;;https://memp.gouv.bj/ministere/ecoles-normales;officielle;
technique_et_formation;École normale d'instituteurs;École normale d'instituteurs de Djougou;ENI Djougou;public;Djougou;;MEMP;;;https://memp.gouv.bj/ministere/ecoles-normales;officielle;
technique_et_formation;École normale d'instituteurs;École normale d'instituteurs de Dogbo;ENI Dogbo;public;Dogbo;;MEMP;;;https://memp.gouv.bj/ministere/ecoles-normales;officielle;
technique_et_formation;École normale d'instituteurs;École normale d'instituteurs de Kandi;ENI Kandi;public;Kandi;;MEMP;;;https://memp.gouv.bj/ministere/ecoles-normales;officielle;
technique_et_formation;École normale d'instituteurs;École normale d'instituteurs de Porto-Novo;ENI Porto-Novo;public;Porto-Novo;;MEMP;;;https://memp.gouv.bj/ministere/ecoles-normales;officielle;
technique_et_formation;Centre de formation professionnelle (personnes handicapées);Centre de formation professionnelle des amblyopes de Parakou;;public;Parakou;;Ministère de la Famille et de l'Action sociale;;;https://social.gouv.bj/ministere/cfp;officielle;Libellé du ministère tel qu'affiché sur social.gouv.bj.
technique_et_formation;Centre de formation professionnelle (personnes handicapées);Centre de formation professionnelle des amblyopes de Ségbéya;;public;Ségbéya (localité);;Ministère de la Famille et de l'Action sociale;;;https://social.gouv.bj/ministere/cfp;officielle;Commune non indiquée par la source.
technique_et_formation;Centre de formation professionnelle (personnes handicapées);Centre de formation professionnelle des personnes handicapées d'Akassato;;public;Akassato (localité);;Ministère de la Famille et de l'Action sociale;;;https://social.gouv.bj/ministere/cfp;officielle;Commune non indiquée par la source.
technique_et_formation;Centre de formation professionnelle (personnes handicapées);Centre de formation professionnelle des personnes handicapées de Péporiyakou;;public;Péporiyakou (localité);;Ministère de la Famille et de l'Action sociale;;;https://social.gouv.bj/ministere/cfp;officielle;Commune non indiquée par la source.
technique_et_formation;École normale supérieure (enseignants du secondaire);École normale supérieure de Porto-Novo;ENS Porto-Novo;public;Porto-Novo;;MESRS (rattachement universitaire non vérifié ici);;;https://www.banouto.bj/societe/article/20230731-benin-construction-et-rehabilitation-de-24-lycees-et-ecoles-normales-superieures;recoupée (presse / plateforme);Hors périmètre strict (enseignement supérieur). Réhabilitation décidée le 26/07/2023.
technique_et_formation;École normale supérieure (enseignants du secondaire);École normale supérieure de Parakou;ENS Parakou;public;Parakou;;MESRS (rattachement universitaire non vérifié ici);;;https://www.banouto.bj/societe/article/20230731-benin-construction-et-rehabilitation-de-24-lycees-et-ecoles-normales-superieures;recoupée (presse / plateforme);Hors périmètre strict (enseignement supérieur).
technique_et_formation;Institut public d'enseignement supérieur professionnel;Institut universitaire d'enseignement professionnel;IUEP;public;;;MESRS;;;https://guide.apresmonbac.bj/docs/guide-information-2026-2027.pdf;recoupée (presse / plateforme);Rubrique propre dans le Guide MESRS 2026-2027, hors des 4 universités publiques. Commune non relevée.
technique_et_formation;Établissement de Sèmè City;Africa Design School;;public;;;Sèmè City (statut à vérifier);;;https://guide.apresmonbac.bj/docs/guide-information-2026-2027.pdf;recoupée (presse / plateforme);Rubrique « Établissements de Sèmè City » du Guide MESRS 2026-2027, statut public/privé non établi.
technique_et_formation;Établissement de Sèmè City;École de l'innovation et de l'expertise informatique;;public;;;Sèmè City (statut à vérifier);;;https://guide.apresmonbac.bj/docs/guide-information-2026-2027.pdf;recoupée (presse / plateforme);Idem.
technique_et_formation;Établissement de Sèmè City;Sèmè City Institute of Technology and Innovation;;public;;;Sèmè City (statut à vérifier);;;https://guide.apresmonbac.bj/docs/guide-information-2026-2027.pdf;recoupée (presse / plateforme);Idem.
a_preciser;indetermine;École Primaire Tibona;;non_indique;Parakou;Borgou;;9.357165;2.581797;https://www.openstreetmap.org/node/455948398;cartographie collaborative (OSM);aucun indice fiable
primaire;ecole_primaire;EPP Albarika;;public;Parakou;Borgou;;9.347228;2.595681;https://www.openstreetmap.org/node/456831431;cartographie collaborative (OSM);nom : école primaire
primaire;ecole_primaire;EPP Taba;;public;Bassila;Donga;;9.276973;1.663950;https://www.openstreetmap.org/node/1313128071;cartographie collaborative (OSM);nom : école primaire
primaire;ecole_primaire;EPP Melan;;public;Bassila;Donga;;9.264156;1.690801;https://www.openstreetmap.org/node/1313133530;cartographie collaborative (OSM);nom : école primaire
primaire;ecole_primaire;EPP Anadana;;public;Copargo;Donga;;9.939388;1.389451;https://www.openstreetmap.org/node/1344364696;cartographie collaborative (OSM);nom : école primaire
a_preciser;indetermine;(sans nom);;non_indique;Dogbo;Couffo;;6.822053;1.862480;https://www.openstreetmap.org/node/1512559623;cartographie collaborative (OSM);aucun indice fiable
a_preciser;indetermine;Djégan-Kpévi Ecole Secondaire;;non_indique;Porto-Novo;Ouémé;;6.507585;2.621968;https://www.openstreetmap.org/node/1684863972;cartographie collaborative (OSM);aucun indice fiable
a_preciser;indetermine;Ouando Ecole Secondaire;;non_indique;Porto-Novo;Ouémé;;6.507091;2.595635;https://www.openstreetmap.org/node/1684863976;cartographie collaborative (OSM);aucun indice fiable
a_preciser;indetermine;Akpassa Ecole Secondaire;;non_indique;Porto-Novo;Ouémé;;6.472279;2.629272;https://www.openstreetmap.org/node/1684863977;cartographie collaborative (OSM);aucun indice fiable
a_preciser;indetermine;Anavie Ecole Secondaire;;non_indique;Porto-Novo;Ouémé;;6.508950;2.632499;https://www.openstreetmap.org/node/1684863978;cartographie collaborative (OSM);aucun indice fiable
a_preciser;indetermine;Ecole Secondaire;;non_indique;Adjarra;Ouémé;;6.503488;2.642142;https://www.openstreetmap.org/node/1684863980;cartographie collaborative (OSM);aucun indice fiable
a_preciser;indetermine;Djassín Ecole Secondaire;;non_indique;Porto-Novo;Ouémé;;6.477741;2.604487;https://www.openstreetmap.org/node/1684863981;cartographie collaborative (OSM);aucun indice fiable
a_preciser;indetermine;Applicatíon Ecole Secondaire;;non_indique;Porto-Novo;Ouémé;;6.490009;2.616918;https://www.openstreetmap.org/node/1684863984;cartographie collaborative (OSM);aucun indice fiable
technique_et_formation;centre_formation;Centre de formation;;non_indique;Porto-Novo;Ouémé;;6.489066;2.632801;https://www.openstreetmap.org/node/1684863985;cartographie collaborative (OSM);nom : centre de formation
secondaire_general;lycee;Lycée Behanzín Ecole Secondaire;;non_indique;Porto-Novo;Ouémé;;6.487033;2.618019;https://www.openstreetmap.org/node/1684863986;cartographie collaborative (OSM);nom : lycée
a_preciser;indetermine;Unité Ecole Secondaire;;non_indique;Porto-Novo;Ouémé;;6.514407;2.599480;https://www.openstreetmap.org/node/1684863987;cartographie collaborative (OSM);aucun indice fiable
a_preciser;indetermine;Davié Ecole Secondaire;;non_indique;Porto-Novo;Ouémé;;6.496196;2.638754;https://www.openstreetmap.org/node/1684863989;cartographie collaborative (OSM);aucun indice fiable
a_preciser;indetermine;Bio-Guéra Ecole Secondaire;;non_indique;Porto-Novo;Ouémé;;6.488324;2.621968;https://www.openstreetmap.org/node/1684863991;cartographie collaborative (OSM);aucun indice fiable
a_preciser;indetermine;Les Cocobers Ecole Secondaire;;non_indique;Porto-Novo;Ouémé;;6.496499;2.601025;https://www.openstreetmap.org/node/1684863992;cartographie collaborative (OSM);aucun indice fiable
technique_et_formation;centre_formation;Centre de Formation Liweitari CFL;;non_indique;Natitingou;Atacora;;10.274724;1.368528;https://www.openstreetmap.org/node/1750984771;cartographie collaborative (OSM);nom : centre de formation
a_preciser;indetermine;(sans nom);;non_indique;Comè;Mono;;6.405228;1.883628;https://www.openstreetmap.org/node/1811005949;cartographie collaborative (OSM);aucun indice fiable
secondaire_general;ceg;Collège d'Enseignement Général 1 de COME;;non_indique;Comè;Mono;;6.412950;1.870322;https://www.openstreetmap.org/node/1811005979;cartographie collaborative (OSM);nom : CEG
a_preciser;indetermine;(sans nom);;non_indique;Comè;Mono;;6.406075;1.879736;https://www.openstreetmap.org/node/1811005981;cartographie collaborative (OSM);aucun indice fiable
a_preciser;indetermine;(sans nom);;non_indique;Comè;Mono;;6.410736;1.876569;https://www.openstreetmap.org/node/1817460803;cartographie collaborative (OSM);aucun indice fiable
a_preciser;indetermine;(sans nom);;non_indique;Dogbo;Couffo;;6.810061;1.787692;https://www.openstreetmap.org/node/2152704021;cartographie collaborative (OSM);aucun indice fiable
a_preciser;indetermine;Ecole Charminade;;prive;Natitingou;Atacora;;10.364719;1.353433;https://www.openstreetmap.org/node/2176153562;cartographie collaborative (OSM);aucun indice fiable
a_preciser;indetermine;S.O.S. Village des enfants;;prive;Natitingou;Atacora;;10.259236;1.379649;https://www.openstreetmap.org/node/2177643063;cartographie collaborative (OSM);aucun indice fiable
a_preciser;indetermine;Ecole Saint Augustin;;prive;Natitingou;Atacora;;10.272373;1.379771;https://www.openstreetmap.org/node/2179660216;cartographie collaborative (OSM);aucun indice fiable
a_preciser;indetermine;École St. Augustin;;prive;Boukoumbé;Atacora;;10.182417;1.101559;https://www.openstreetmap.org/node/2197660795;cartographie collaborative (OSM);aucun indice fiable
secondaire_general;ceg;CEG Manta;;public;Boukoumbé;Atacora;;10.358315;1.105009;https://www.openstreetmap.org/node/2199691021;cartographie collaborative (OSM);nom : CEG
maternel;ecole_maternelle;Orphélinat des Soeurs;;non_indique;Boukoumbé;Atacora;;10.182332;1.102093;https://www.openstreetmap.org/node/2203982213;cartographie collaborative (OSM);attribut amenity=kindergarten
primaire;ecole_primaire;EPP;;public;Boukoumbé;Atacora;;10.222739;1.141547;https://www.openstreetmap.org/node/2222643413;cartographie collaborative (OSM);nom : école primaire
primaire;ecole_primaire;EPP Centre;;public;Tanguiéta;Atacora;;10.625107;1.274497;https://www.openstreetmap.org/node/2261221264;cartographie collaborative (OSM);nom : école primaire
primaire;ecole_primaire;EPP Tchoutchoubou;;public;Tanguiéta;Atacora;;10.616131;1.263115;https://www.openstreetmap.org/node/2272916964;cartographie collaborative (OSM);nom : école primaire
primaire;ecole_primaire;EPP Manta A et B;;public;Boukoumbé;Atacora;;10.349453;1.109607;https://www.openstreetmap.org/node/2272925393;cartographie collaborative (OSM);nom : école primaire
secondaire_general;ceg;Collège d'Enseignement Général de Cobli;;non_indique;Kobli;Atacora;;10.487814;1.005374;https://www.openstreetmap.org/node/2279757614;cartographie collaborative (OSM);nom : CEG
secondaire_general;ceg;CEG;;public;Parakou;Borgou;;9.385215;2.633679;https://www.openstreetmap.org/node/2417013378;cartographie collaborative (OSM);nom : CEG
primaire;ecole_primaire;EPP Saint Jean I;;public;Cotonou;Littoral;;6.360875;2.413670;https://www.openstreetmap.org/node/2425316451;cartographie collaborative (OSM);nom : école primaire
superieur_ou_formation;enseignement_superieur_ou_formation;Centre Béninois des Langues Étrangères;;non_indique;Cotonou;Littoral;;6.359646;2.413024;https://www.openstreetmap.org/node/2425366980;cartographie collaborative (OSM);attribut amenity=college
a_preciser;indetermine;École Primaire Publique Bio Guera B & C;;public;Parakou;Borgou;;9.341802;2.614580;https://www.openstreetmap.org/node/2426811734;cartographie collaborative (OSM);aucun indice fiable
a_preciser;indetermine;École primaire Malanville;;non_indique;Malanville;Alibori;;11.862327;3.382318;https://www.openstreetmap.org/node/2429045480;cartographie collaborative (OSM);aucun indice fiable
maternel;ecole_maternelle;École Maternelle Boukombé Centre;;non_indique;Boukoumbé;Atacora;;10.179771;1.103301;https://www.openstreetmap.org/node/2460938522;cartographie collaborative (OSM);nom : maternelle
a_preciser;indetermine;(sans nom);;non_indique;Parakou;Borgou;;9.309699;2.606811;https://www.openstreetmap.org/node/2462966434;cartographie collaborative (OSM);aucun indice fiable
primaire;ecole_primaire;EPP;;public;Ouaké;Donga;;9.670781;1.380569;https://www.openstreetmap.org/node/2463634948;cartographie collaborative (OSM);nom : école primaire
secondaire_general;ceg;CEG Malanville;;public;Malanville;Alibori;;11.853781;3.390489;https://www.openstreetmap.org/node/2472335963;cartographie collaborative (OSM);nom : CEG
secondaire_general;ceg;CEG Kérou;;public;Kérou;Atacora;;10.815121;2.106614;https://www.openstreetmap.org/node/2472357327;cartographie collaborative (OSM);nom : CEG
primaire;ecole_primaire;EPP;;public;Kérou;Atacora;;10.822275;2.106494;https://www.openstreetmap.org/node/2472357338;cartographie collaborative (OSM);nom : école primaire
primaire;ecole_primaire;EPP;;public;Kérou;Atacora;;10.825477;2.117489;https://www.openstreetmap.org/node/2472357341;cartographie collaborative (OSM);nom : école primaire
primaire;ecole_primaire;EPP;;public;Ségbana;Alibori;;10.926424;3.696252;https://www.openstreetmap.org/node/2472357344;cartographie collaborative (OSM);nom : école primaire
secondaire_general;ceg;CEG Aklampa;;public;Glazoué;Collines;;8.214506;2.181501;https://www.openstreetmap.org/node/2472888087;cartographie collaborative (OSM);nom : CEG
secondaire_general;ceg;CEG Bembéréké;;public;Bembèrèkè;Borgou;;10.221682;2.670003;https://www.openstreetmap.org/node/2472888088;cartographie collaborative (OSM);nom : CEG
secondaire_general;ceg;CEG Gogounou;;public;Gogounou;Alibori;;10.835342;2.839519;https://www.openstreetmap.org/node/2472888089;cartographie collaborative (OSM);nom : CEG
secondaire_general;ceg;CEG N'Dali;;public;N'Dali;Borgou;;9.859324;2.713379;https://www.openstreetmap.org/node/2472888090;cartographie collaborative (OSM);nom : CEG
secondaire_general;ceg;CEG Péhonko;;public;Péhunco;Atacora;;10.227862;1.999111;https://www.openstreetmap.org/node/2472888091;cartographie collaborative (OSM);nom : CEG
secondaire_general;ceg;CEG Sinendé;;public;Sinendé;Borgou;;10.351541;2.386478;https://www.openstreetmap.org/node/2472888092;cartographie collaborative (OSM);nom : CEG
secondaire_general;ceg;CEG Tchatchou;;public;Tchaourou;Borgou;;9.127843;2.557450;https://www.openstreetmap.org/node/2472888093;cartographie collaborative (OSM);nom : CEG
primaire;ecole_primaire;EPP;;public;Bembèrèkè;Borgou;;10.231566;2.671637;https://www.openstreetmap.org/node/2472888094;cartographie collaborative (OSM);nom : école primaire
primaire;ecole_primaire;EPP;;public;Gogounou;Alibori;;10.832775;2.831741;https://www.openstreetmap.org/node/2472888097;cartographie collaborative (OSM);nom : école primaire
primaire;ecole_primaire;EPP;;public;Gogounou;Alibori;;10.840586;2.842674;https://www.openstreetmap.org/node/2472888098;cartographie collaborative (OSM);nom : école primaire
primaire;ecole_primaire;EPP;;public;Glazoué;Collines;;8.214652;2.188053;https://www.openstreetmap.org/node/2472888099;cartographie collaborative (OSM);nom : école primaire
primaire;ecole_primaire;EPP;;public;Glazoué;Collines;;8.217756;2.179447;https://www.openstreetmap.org/node/2472888100;cartographie collaborative (OSM);nom : école primaire
primaire;ecole_primaire;EPP;;public;Glazoué;Collines;;8.221727;2.188973;https://www.openstreetmap.org/node/2472888101;cartographie collaborative (OSM);nom : école primaire
primaire;ecole_primaire;EPP;;public;Glazoué;Collines;;8.223133;2.184974;https://www.openstreetmap.org/node/2472888102;cartographie collaborative (OSM);nom : école primaire
primaire;ecole_primaire;EPP;;public;Tchaourou;Borgou;;9.112850;2.558949;https://www.openstreetmap.org/node/2472888103;cartographie collaborative (OSM);nom : école primaire
primaire;ecole_primaire;EPP;;public;N'Dali;Borgou;;9.868299;2.724196;https://www.openstreetmap.org/node/2472888104;cartographie collaborative (OSM);nom : école primaire
primaire;ecole_primaire;EPP;;public;Dassa-Zoumè;Collines;;7.759569;2.369514;https://www.openstreetmap.org/node/2474050569;cartographie collaborative (OSM);nom : école primaire
primaire;ecole_primaire;EPP;;public;Dassa-Zoumè;Collines;;7.761051;2.415805;https://www.openstreetmap.org/node/2474050572;cartographie collaborative (OSM);nom : école primaire
primaire;ecole_primaire;EPP;;public;Dassa-Zoumè;Collines;;7.770012;2.346843;https://www.openstreetmap.org/node/2474050575;cartographie collaborative (OSM);nom : école primaire
primaire;ecole_primaire;EPP;;public;Savè;Collines;;7.904408;2.543483;https://www.openstreetmap.org/node/2485804105;cartographie collaborative (OSM);nom : école primaire
a_preciser;complexe_scolaire;Complexe scolaire Jean Piagiet II;;non_indique;Abomey-Calavi;Atlantique;;6.454900;2.331160;https://www.openstreetmap.org/node/2499580588;cartographie collaborative (OSM);nom : complexe / groupe scolaire
primaire;ecole_primaire;EPP;;public;Boukoumbé;Atacora;;10.426701;1.038700;https://www.openstreetmap.org/node/2502503227;cartographie collaborative (OSM);nom : école primaire
primaire;ecole_primaire;EPP Dikon hein;;public;Boukoumbé;Atacora;;10.322728;1.055858;https://www.openstreetmap.org/node/2502559924;cartographie collaborative (OSM);nom : école primaire
primaire;ecole_primaire;EPP Koutangou;;public;Boukoumbé;Atacora;;10.362407;1.077131;https://www.openstreetmap.org/node/2502559940;cartographie collaborative (OSM);nom : école primaire
primaire;ecole_primaire;EPP Oroukouaré;;public;Boukoumbé;Atacora;;10.379982;0.993551;https://www.openstreetmap.org/node/2502559953;cartographie collaborative (OSM);nom : école primaire
primaire;ecole_primaire;EPP;;public;Boukoumbé;Atacora;;10.410638;1.076200;https://www.openstreetmap.org/node/2502559959;cartographie collaborative (OSM);nom : école primaire
primaire;ecole_primaire;EPP Koukoua;;public;Boukoumbé;Atacora;;10.236000;1.110156;https://www.openstreetmap.org/node/2502577035;cartographie collaborative (OSM);nom : école primaire
maternel;ecole_maternelle;École Maternelle Bio Guera B;;non_indique;Parakou;Borgou;;9.341920;2.614147;https://www.openstreetmap.org/node/2529951883;cartographie collaborative (OSM);nom : maternelle
secondaire_general;ceg;CEG de Perma;;public;Natitingou;Atacora;;10.114276;1.440464;https://www.openstreetmap.org/node/2590040139;cartographie collaborative (OSM);nom : CEG
secondaire_general;ceg;CEG Kotopounga;;public;Natitingou;Atacora;;10.308759;1.526827;https://www.openstreetmap.org/node/2590093226;cartographie collaborative (OSM);nom : CEG
primaire;ecole_primaire;EPP Kotopounga A + B;;public;Natitingou;Atacora;;10.307844;1.531043;https://www.openstreetmap.org/node/2590093228;cartographie collaborative (OSM);nom : école primaire
primaire;ecole_primaire;EPP;;public;Kobli;Atacora;;10.367185;0.903323;https://www.openstreetmap.org/node/2590093229;cartographie collaborative (OSM);nom : école primaire
primaire;ecole_primaire;EPP;;public;Kobli;Atacora;;10.370052;0.951162;https://www.openstreetmap.org/node/2590093230;cartographie collaborative (OSM);nom : école primaire
primaire;ecole_primaire;EPP Namoutiaga;;public;Kobli;Atacora;;10.456622;0.958837;https://www.openstreetmap.org/node/2590099234;cartographie collaborative (OSM);nom : école primaire
primaire;ecole_primaire;EPP;;public;Kobli;Atacora;;10.482859;0.980344;https://www.openstreetmap.org/node/2590099235;cartographie collaborative (OSM);nom : école primaire
primaire;ecole_primaire;EPP Brignamarou A;;public;Kérou;Atacora;;10.744474;2.071562;https://www.openstreetmap.org/node/2590107042;cartographie collaborative (OSM);nom : école primaire
primaire;ecole_primaire;EPP Brignamarou B;;public;Kérou;Atacora;;10.743229;2.071906;https://www.openstreetmap.org/node/2590107043;cartographie collaborative (OSM);nom : école primaire
primaire;ecole_primaire;EPP;;public;Kouandé;Atacora;;10.009079;1.470630;https://www.openstreetmap.org/node/2590113693;cartographie collaborative (OSM);nom : école primaire
maternel;ecole_maternelle;Ecolle maternelle les bourgillons;;prive;Cotonou;Littoral;;6.386919;2.385456;https://www.openstreetmap.org/node/2605942916;cartographie collaborative (OSM);nom : maternelle
maternel;ecole_maternelle;Ecole maternelle privée Vignito;;prive;Cotonou;Littoral;Vignito;6.383191;2.382583;https://www.openstreetmap.org/node/2605982164;cartographie collaborative (OSM);nom : maternelle
primaire;ecole_primaire;Ecole primaire privée la Fraternité;;prive;Cotonou;Littoral;;6.384745;2.383046;https://www.openstreetmap.org/node/2605982172;cartographie collaborative (OSM);nom : école primaire
a_preciser;indetermine;École primaire privée;;prive;Cotonou;Littoral;;6.385104;2.386945;https://www.openstreetmap.org/node/2605982178;cartographie collaborative (OSM);aucun indice fiable
maternel;ecole_maternelle;Crèche garderie-école-maternelle;;prive;Cotonou;Littoral;;6.383510;2.385027;https://www.openstreetmap.org/node/2605982180;cartographie collaborative (OSM);nom : maternelle
secondaire_general;ceg;CEG 2 Bantè;;public;Bantè;Collines;;8.443685;1.876172;https://www.openstreetmap.org/node/2606027235;cartographie collaborative (OSM);nom : CEG
secondaire_general;ceg;CEG Bantè;;public;Bantè;Collines;;8.422697;1.886175;https://www.openstreetmap.org/node/2606027236;cartographie collaborative (OSM);nom : CEG
primaire;ecole_primaire;Ecole primaire Père Jean CLOUET;;non_indique;Boukoumbé;Atacora;;10.352210;1.109160;https://www.openstreetmap.org/node/2606422106;cartographie collaborative (OSM);nom : école primaire
primaire;ecole_primaire;EPP Koussoucoingou A/B;;public;Boukoumbé;Atacora;;10.185127;1.204274;https://www.openstreetmap.org/node/2606559948;cartographie collaborative (OSM);nom : école primaire
secondaire_general;ceg;CEG Kouarfa;;public;Toucountouna;Atacora;;10.484371;1.518561;https://www.openstreetmap.org/node/2606618242;cartographie collaborative (OSM);nom : CEG
a_preciser;complexe_scolaire;Complexe scolaire;;public;Toucountouna;Atacora;;10.481901;1.509528;https://www.openstreetmap.org/node/2606618264;cartographie collaborative (OSM);nom : complexe / groupe scolaire
primaire;ecole_primaire;EPP Péperkou;;public;Toucountouna;Atacora;;10.423383;1.453824;https://www.openstreetmap.org/node/2606618278;cartographie collaborative (OSM);nom : école primaire
primaire;ecole_primaire;EPP Ganikpérou;;public;Kouandé;Atacora;;10.315904;1.633002;https://www.openstreetmap.org/node/2608184378;cartographie collaborative (OSM);nom : école primaire
secondaire_general;ceg;CEG Oroukayo;;public;Kouandé;Atacora;;10.292312;1.663777;https://www.openstreetmap.org/node/2608186592;cartographie collaborative (OSM);nom : CEG
secondaire_general;ceg;CEG Kouande;;public;Kouandé;Atacora;;10.322105;1.692227;https://www.openstreetmap.org/node/2608211273;cartographie collaborative (OSM);nom : CEG
primaire;ecole_primaire;EPP;;public;Kouandé;Atacora;;10.335564;1.694483;https://www.openstreetmap.org/node/2608211274;cartographie collaborative (OSM);nom : école primaire
a_preciser;complexe_scolaire;"Groupe Scolaire ""Echos du Reveil""";;non_indique;Avrankou;Ouémé;E.A.R.;6.518386;2.637996;https://www.openstreetmap.org/node/2619415692;cartographie collaborative (OSM);nom : complexe / groupe scolaire
a_preciser;indetermine;Centre d'Etude et de Documentation;;non_indique;Cotonou;Littoral;;6.373377;2.447229;https://www.openstreetmap.org/node/2796224249;cartographie collaborative (OSM);aucun indice fiable
a_preciser;indetermine;École Primaire;;non_indique;Kétou;Plateau;;7.359461;2.605024;https://www.openstreetmap.org/node/2969418933;cartographie collaborative (OSM);aucun indice fiable
a_preciser;indetermine;CSP de Godomey;;non_indique;Abomey-Calavi;Atlantique;;6.395434;2.345033;https://www.openstreetmap.org/node/3018437517;cartographie collaborative (OSM);aucun indice fiable
a_preciser;indetermine;Notre Dame de Lourdes d'Albarika;;non_indique;Parakou;Borgou;;9.348652;2.591177;https://www.openstreetmap.org/node/3027555985;cartographie collaborative (OSM);aucun indice fiable
secondaire_general;ceg;Collège d'Enseignement Général d'Albarika;;non_indique;Parakou;Borgou;;9.346687;2.593668;https://www.openstreetmap.org/node/3027664571;cartographie collaborative (OSM);nom : CEG
primaire;ecole_primaire;EPP Bio Guera 3;;public;Parakou;Borgou;;9.344379;2.626048;https://www.openstreetmap.org/node/3027697186;cartographie collaborative (OSM);nom : école primaire
a_preciser;complexe_scolaire;Complexe Scolaire Godomey Houalakomey A-B-C;;non_indique;Abomey-Calavi;Atlantique;;6.395974;2.349389;https://www.openstreetmap.org/node/3032556724;cartographie collaborative (OSM);nom : complexe / groupe scolaire
a_preciser;complexe_scolaire;Complexe Scolaire Publique Houalakomey;;public;Abomey-Calavi;Atlantique;;6.395766;2.349414;https://www.openstreetmap.org/node/3032636615;cartographie collaborative (OSM);nom : complexe / groupe scolaire
a_preciser;complexe_scolaire;Complexe Scolaire Privé Toberger;;prive;Abomey-Calavi;Atlantique;;6.395429;2.346527;https://www.openstreetmap.org/node/3032659106;cartographie collaborative (OSM);nom : complexe / groupe scolaire
a_preciser;indetermine;CS Dieu le Père;;non_indique;Abomey-Calavi;Atlantique;;6.392884;2.351697;https://www.openstreetmap.org/node/3032669167;cartographie collaborative (OSM);aucun indice fiable
a_preciser;indetermine;"Complèxe scolaire ""Le Ferger""";;non_indique;Abomey-Calavi;Atlantique;;6.401859;2.336161;https://www.openstreetmap.org/node/3037453791;cartographie collaborative (OSM);aucun indice fiable
superieur;universite;École Nationale d’Administartion et de Magistrature;;public;Abomey-Calavi;Atlantique;;6.418572;2.340408;https://www.openstreetmap.org/node/3091038115;cartographie collaborative (OSM);attribut amenity=university
superieur;enseignement_superieur;Faculté de Droit et Sciences Politiques;;non_indique;Abomey-Calavi;Atlantique;;6.416003;2.342200;https://www.openstreetmap.org/node/3091038116;cartographie collaborative (OSM);nom : école supérieure / institut
superieur;enseignement_superieur;Faculté de Lettres, Arts et Sciences Humaines;;non_indique;Abomey-Calavi;Atlantique;;6.415400;2.343294;https://www.openstreetmap.org/node/3091038117;cartographie collaborative (OSM);nom : école supérieure / institut
superieur;enseignement_superieur;Faculté des Sciences Agronomiques;;non_indique;Abomey-Calavi;Atlantique;;6.416288;2.341917;https://www.openstreetmap.org/node/3091038118;cartographie collaborative (OSM);nom : école supérieure / institut
superieur;universite;Administration Faseg;;non_indique;Abomey-Calavi;Atlantique;;6.419868;2.340916;https://www.openstreetmap.org/node/3091038119;cartographie collaborative (OSM);attribut amenity=university
superieur;enseignement_superieur;École Normale d'Instituteurs de Dogbo;;public;Dogbo;Couffo;MEMP;6.783422;1.776214;https://www.openstreetmap.org/node/3257649411;cartographie collaborative (OSM);nom : école supérieure / institut
a_preciser;complexe_scolaire;Complexe scolaire de Gadomé A & B;;non_indique;Comè;Mono;;6.400420;1.914228;https://www.openstreetmap.org/node/3261626163;cartographie collaborative (OSM);nom : complexe / groupe scolaire
a_preciser;complexe_scolaire;COMPLEXE SCOLAIRE de GADOME I;;non_indique;Comè;Mono;;6.401639;1.907269;https://www.openstreetmap.org/node/3261626164;cartographie collaborative (OSM);nom : complexe / groupe scolaire
secondaire_general;college;Collège KIng Leton Annexe III;;non_indique;Ouidah;Atlantique;;6.360246;2.103506;https://www.openstreetmap.org/node/3261626166;cartographie collaborative (OSM);nom : collège
secondaire_general;ceg;Collège d'Enseignement Général Bertrand d'Agnon;;non_indique;Ouidah;Atlantique;;6.358816;2.064150;https://www.openstreetmap.org/node/3261626167;cartographie collaborative (OSM);nom : CEG
primaire;ecole_primaire;Ecole primaire publique de AGBATO B;;public;Comè;Mono;;6.399083;1.922038;https://www.openstreetmap.org/node/3261626168;cartographie collaborative (OSM);nom : école primaire
primaire;ecole_primaire;ECOLE PRIMAIRE PUBLIQUE de KPOTA;;public;Kpomassè;Atlantique;;6.370551;2.037060;https://www.openstreetmap.org/node/3261626169;cartographie collaborative (OSM);nom : école primaire
a_preciser;indetermine;(sans nom);;non_indique;Dogbo;Couffo;;6.797188;1.781366;https://www.openstreetmap.org/node/3264728810;cartographie collaborative (OSM);aucun indice fiable
secondaire_general;ceg;CEG;;public;Cotonou;Littoral;;6.392341;2.369934;https://www.openstreetmap.org/node/3267089995;cartographie collaborative (OSM);nom : CEG
primaire;ecole_primaire;Ecole Primaire Publiaque Zongo 2;;non_indique;Parakou;Borgou;;9.362968;2.631575;https://www.openstreetmap.org/node/3269566900;cartographie collaborative (OSM);nom : école primaire
a_preciser;indetermine;(sans nom);;non_indique;Parakou;Borgou;;9.338897;2.620114;https://www.openstreetmap.org/node/3278553375;cartographie collaborative (OSM);aucun indice fiable
secondaire_general;college;Collège Catholique les Hibiscus;;confessionnel;Parakou;Borgou;;9.343700;2.618904;https://www.openstreetmap.org/node/3278602737;cartographie collaborative (OSM);nom : collège
a_preciser;indetermine;(sans nom);;non_indique;Parakou;Borgou;;9.341302;2.632109;https://www.openstreetmap.org/node/3283205376;cartographie collaborative (OSM);aucun indice fiable
a_preciser;indetermine;(sans nom);;non_indique;Parakou;Borgou;;9.338772;2.633832;https://www.openstreetmap.org/node/3283239889;cartographie collaborative (OSM);aucun indice fiable
a_preciser;indetermine;(sans nom);;non_indique;Parakou;Borgou;;9.343864;2.579114;https://www.openstreetmap.org/node/3283287676;cartographie collaborative (OSM);aucun indice fiable
a_preciser;indetermine;(sans nom);;non_indique;Parakou;Borgou;;9.319084;2.649119;https://www.openstreetmap.org/node/3285993880;cartographie collaborative (OSM);aucun indice fiable
a_preciser;indetermine;(sans nom);;non_indique;Abomey-Calavi;Atlantique;;6.530617;2.308287;https://www.openstreetmap.org/node/3307496190;cartographie collaborative (OSM);aucun indice fiable
a_preciser;indetermine;(sans nom);;non_indique;Abomey-Calavi;Atlantique;;6.527185;2.347405;https://www.openstreetmap.org/node/3307498930;cartographie collaborative (OSM);aucun indice fiable
a_preciser;indetermine;(sans nom);;non_indique;Athiémé;Mono;;6.588907;1.668562;https://www.openstreetmap.org/node/3310337201;cartographie collaborative (OSM);aucun indice fiable
a_preciser;indetermine;(sans nom);;non_indique;;;;6.582766;1.666138;https://www.openstreetmap.org/node/3310339074;cartographie collaborative (OSM);aucun indice fiable
a_preciser;indetermine;(sans nom);;non_indique;Dogbo;Couffo;;6.834761;1.797652;https://www.openstreetmap.org/node/3310526251;cartographie collaborative (OSM);aucun indice fiable
a_preciser;indetermine;(sans nom);;non_indique;Dogbo;Couffo;;6.837369;1.795219;https://www.openstreetmap.org/node/3310528808;cartographie collaborative (OSM);aucun indice fiable
a_preciser;indetermine;(sans nom);;non_indique;Dogbo;Couffo;;6.807275;1.774319;https://www.openstreetmap.org/node/3310572197;cartographie collaborative (OSM);aucun indice fiable
a_preciser;indetermine;(sans nom);;non_indique;Dogbo;Couffo;;6.816942;1.777961;https://www.openstreetmap.org/node/3310572212;cartographie collaborative (OSM);aucun indice fiable
a_preciser;indetermine;(sans nom);;non_indique;Djakotomey;Couffo;;6.845803;1.761565;https://www.openstreetmap.org/node/3310572222;cartographie collaborative (OSM);aucun indice fiable
a_preciser;indetermine;(sans nom);;non_indique;Djakotomey;Couffo;;6.825470;1.709764;https://www.openstreetmap.org/node/3310572233;cartographie collaborative (OSM);aucun indice fiable
a_preciser;indetermine;(sans nom);;non_indique;Aplahoué;Couffo;;6.940597;1.711309;https://www.openstreetmap.org/node/3310611982;cartographie collaborative (OSM);aucun indice fiable
primaire;ecole_primaire;EPP Bétoumey;;public;Aplahoué;Couffo;;6.939335;1.716099;https://www.openstreetmap.org/node/3310611996;cartographie collaborative (OSM);nom : école primaire
a_preciser;indetermine;(sans nom);;non_indique;Aplahoué;Couffo;;6.942099;1.722231;https://www.openstreetmap.org/node/3310612014;cartographie collaborative (OSM);aucun indice fiable
a_preciser;indetermine;(sans nom);;non_indique;Aplahoué;Couffo;;6.936619;1.704394;https://www.openstreetmap.org/node/3310612016;cartographie collaborative (OSM);aucun indice fiable
a_preciser;indetermine;(sans nom);;non_indique;Aplahoué;Couffo;;6.926415;1.691703;https://www.openstreetmap.org/node/3310629525;cartographie collaborative (OSM);aucun indice fiable
a_preciser;indetermine;(sans nom);;non_indique;Aplahoué;Couffo;;6.950283;1.694057;https://www.openstreetmap.org/node/3310743571;cartographie collaborative (OSM);aucun indice fiable
a_preciser;indetermine;(sans nom);;non_indique;Aplahoué;Couffo;;6.941955;1.701192;https://www.openstreetmap.org/node/3310743579;cartographie collaborative (OSM);aucun indice fiable
a_preciser;indetermine;(sans nom);;non_indique;Aplahoué;Couffo;;6.938584;1.707377;https://www.openstreetmap.org/node/3310768704;cartographie collaborative (OSM);aucun indice fiable
a_preciser;indetermine;(sans nom);;non_indique;Aplahoué;Couffo;;6.957381;1.698834;https://www.openstreetmap.org/node/3310800118;cartographie collaborative (OSM);aucun indice fiable
primaire;ecole_primaire;EPP Vèdji;;public;Kétou;Plateau;;7.348460;2.568876;https://www.openstreetmap.org/node/3311876969;cartographie collaborative (OSM);nom : école primaire
primaire;ecole_primaire;Ecole primaire publique de Djakotomey / Groupe B et C;;public;Djakotomey;Couffo;;6.903288;1.714501;https://www.openstreetmap.org/node/3315152321;cartographie collaborative (OSM);nom : école primaire
secondaire_general;ceg;CEG I Djakotomey;;public;Djakotomey;Couffo;;6.897451;1.715852;https://www.openstreetmap.org/node/3315270817;cartographie collaborative (OSM);nom : CEG
a_preciser;indetermine;(sans nom);;non_indique;Djakotomey;Couffo;;6.895563;1.718637;https://www.openstreetmap.org/node/3315270820;cartographie collaborative (OSM);aucun indice fiable
a_preciser;indetermine;(sans nom);;non_indique;Kérou;Atacora;;10.762922;2.070495;https://www.openstreetmap.org/node/3317631709;cartographie collaborative (OSM);aucun indice fiable
a_preciser;indetermine;(sans nom);;non_indique;Kérou;Atacora;;10.825686;2.115733;https://www.openstreetmap.org/node/3317639035;cartographie collaborative (OSM);aucun indice fiable
primaire;ecole_primaire;EPP;;public;Kérou;Atacora;;10.836050;2.117977;https://www.openstreetmap.org/node/3317656171;cartographie collaborative (OSM);nom : école primaire
primaire;ecole_primaire;EPP;;public;Kérou;Atacora;;10.813378;2.102520;https://www.openstreetmap.org/node/3317688212;cartographie collaborative (OSM);nom : école primaire
a_preciser;indetermine;(sans nom);;non_indique;Kérou;Atacora;;10.799525;2.092968;https://www.openstreetmap.org/node/3317694530;cartographie collaborative (OSM);aucun indice fiable
a_preciser;indetermine;(sans nom);;non_indique;Kérou;Atacora;;10.806959;2.099523;https://www.openstreetmap.org/node/3317695001;cartographie collaborative (OSM);aucun indice fiable
a_preciser;indetermine;(sans nom);;non_indique;Savè;Collines;;8.025949;2.497345;https://www.openstreetmap.org/node/3325731102;cartographie collaborative (OSM);aucun indice fiable
a_preciser;indetermine;(sans nom);;non_indique;Savè;Collines;;8.023256;2.505762;https://www.openstreetmap.org/node/3325792674;cartographie collaborative (OSM);aucun indice fiable
a_preciser;indetermine;(sans nom);;non_indique;Kalale;Borgou;;10.291911;3.385087;https://www.openstreetmap.org/node/3326930915;cartographie collaborative (OSM);aucun indice fiable
a_preciser;indetermine;(sans nom);;non_indique;Kalale;Borgou;;10.290777;3.379575;https://www.openstreetmap.org/node/3326950960;cartographie collaborative (OSM);aucun indice fiable
primaire;ecole_primaire;Ecole primaire publique;;public;Kobli;Atacora;;10.500275;1.008913;https://www.openstreetmap.org/node/3328883394;cartographie collaborative (OSM);nom : école primaire
a_preciser;indetermine;(sans nom);;non_indique;Kobli;Atacora;;10.493383;1.004250;https://www.openstreetmap.org/node/3329218446;cartographie collaborative (OSM);aucun indice fiable
a_preciser;indetermine;(sans nom);;non_indique;Kobli;Atacora;;10.495511;0.997831;https://www.openstreetmap.org/node/3329218474;cartographie collaborative (OSM);aucun indice fiable
a_preciser;indetermine;(sans nom);;non_indique;Savè;Collines;;8.048274;2.502824;https://www.openstreetmap.org/node/3330015394;cartographie collaborative (OSM);aucun indice fiable
a_preciser;indetermine;(sans nom);;non_indique;Malanville;Alibori;;11.562302;3.126339;https://www.openstreetmap.org/node/3343991668;cartographie collaborative (OSM);aucun indice fiable
a_preciser;indetermine;(sans nom);;non_indique;Savè;Collines;;8.037151;2.474640;https://www.openstreetmap.org/node/3346912189;cartographie collaborative (OSM);aucun indice fiable
primaire;ecole_primaire;EPP;;public;Pobè;Plateau;;6.963066;2.706424;https://www.openstreetmap.org/node/3355118127;cartographie collaborative (OSM);nom : école primaire
superieur;enseignement_superieur;Institut Confucius;;non_indique;Abomey-Calavi;Atlantique;;6.411834;2.339838;https://www.openstreetmap.org/node/3539471178;cartographie collaborative (OSM);nom : école supérieure / institut
superieur;enseignement_superieur;Institut National de l'Eau;;non_indique;Abomey-Calavi;Atlantique;;6.412747;2.341038;https://www.openstreetmap.org/node/3539471179;cartographie collaborative (OSM);nom : école supérieure / institut
superieur;enseignement_superieur;Ecole Supérieure de Gestion d’Informatique et des Sciences;;prive;Cotonou;Littoral;;6.372543;2.426339;https://www.openstreetmap.org/node/3578049596;cartographie collaborative (OSM);nom : école supérieure / institut
a_preciser;complexe_scolaire;Complexe scolaire Ilot du savoir;;non_indique;Abomey-Calavi;Atlantique;;6.395220;2.291295;https://www.openstreetmap.org/node/3592579094;cartographie collaborative (OSM);nom : complexe / groupe scolaire
primaire;ecole_primaire;EPP St Francois d'Assise de Cocotomey;;public;Abomey-Calavi;Atlantique;;6.393447;2.300992;https://www.openstreetmap.org/node/3592579294;cartographie collaborative (OSM);nom : école primaire
a_preciser;complexe_scolaire;Complexe Scolaire Hoceriz 1er;;non_indique;Abomey-Calavi;Atlantique;;6.395963;2.291043;https://www.openstreetmap.org/node/3592579693;cartographie collaborative (OSM);nom : complexe / groupe scolaire
a_preciser;complexe_scolaire;Complexe Scolaire La Misericorde;;non_indique;Abomey-Calavi;Atlantique;;6.395097;2.302200;https://www.openstreetmap.org/node/3592579694;cartographie collaborative (OSM);nom : complexe / groupe scolaire
a_preciser;complexe_scolaire;Complexe Scolaire Ste Victorine;;non_indique;Abomey-Calavi;Atlantique;;6.396777;2.301607;https://www.openstreetmap.org/node/3592579893;cartographie collaborative (OSM);nom : complexe / groupe scolaire
primaire;ecole_primaire;Ecole primaire privée Dantonus;;prive;Abomey-Calavi;Atlantique;;6.392587;2.292403;https://www.openstreetmap.org/node/3592579894;cartographie collaborative (OSM);nom : école primaire
a_preciser;complexe_scolaire;Groupe Scolaire la Surete;;non_indique;Abomey-Calavi;Atlantique;;6.392520;2.293461;https://www.openstreetmap.org/node/3592580293;cartographie collaborative (OSM);nom : complexe / groupe scolaire
a_preciser;indetermine;Compexe Scolaire Bénédicte;;prive;Abomey-Calavi;Atlantique;;6.374847;2.328864;https://www.openstreetmap.org/node/3611732875;cartographie collaborative (OSM);aucun indice fiable
secondaire_general;ceg;Collège d'Enseignement Général l'Océan;;non_indique;Cotonou;Littoral;;6.355169;2.393925;https://www.openstreetmap.org/node/3726500351;cartographie collaborative (OSM);nom : CEG
a_preciser;indetermine;Ecole Les cocotiers;;non_indique;Cotonou;Littoral;;6.355807;2.392853;https://www.openstreetmap.org/node/3726500354;cartographie collaborative (OSM);aucun indice fiable
secondaire_general;ceg;CEG Agatogbo;;public;Comè;Mono;;6.404938;1.919793;https://www.openstreetmap.org/node/3775162278;cartographie collaborative (OSM);nom : CEG
secondaire_general;ceg;CEG Sainte Rita;;public;Cotonou;Littoral;;6.377210;2.414898;https://www.openstreetmap.org/node/3778428810;cartographie collaborative (OSM);nom : CEG
a_preciser;indetermine;(sans nom);;non_indique;Cotonou;Littoral;;6.367733;2.395244;https://www.openstreetmap.org/node/3778431485;cartographie collaborative (OSM);aucun indice fiable
primaire;ecole_primaire;Ecole Primaire Privée SEHOU;;prive;Sèmè-Podji;Ouémé;;6.388358;2.537602;https://www.openstreetmap.org/node/3803459181;cartographie collaborative (OSM);nom : école primaire
a_preciser;indetermine;(sans nom);;non_indique;Natitingou;Atacora;;10.043920;1.488267;https://www.openstreetmap.org/node/3833613911;cartographie collaborative (OSM);aucun indice fiable
superieur_ou_formation;enseignement_superieur_ou_formation;École Supérieure de Management;;non_indique;Cotonou;Littoral;;6.384025;2.376311;https://www.openstreetmap.org/node/3872881843;cartographie collaborative (OSM);attribut amenity=college
secondaire_general;college;Collège d’Enseignement Général Godomey;;non_indique;Abomey-Calavi;Atlantique;;6.381840;2.340709;https://www.openstreetmap.org/node/3878035825;cartographie collaborative (OSM);nom : collège
secondaire_general;college;Collège La Plénitude;;non_indique;Abomey-Calavi;Atlantique;;6.388144;2.318936;https://www.openstreetmap.org/node/3878035826;cartographie collaborative (OSM);nom : collège
a_preciser;complexe_scolaire;Complexe Scolaire Fils Le Père;;non_indique;Abomey-Calavi;Atlantique;;6.393122;2.343325;https://www.openstreetmap.org/node/3879100321;cartographie collaborative (OSM);nom : complexe / groupe scolaire
a_preciser;complexe_scolaire;Complexe Scolaire La Refondation II;;non_indique;Abomey-Calavi;Atlantique;;6.381360;2.340664;https://www.openstreetmap.org/node/3879100782;cartographie collaborative (OSM);nom : complexe / groupe scolaire
a_preciser;complexe_scolaire;Complexe Scolaire Mine d'Or;;non_indique;Abomey-Calavi;Atlantique;;6.384546;2.342234;https://www.openstreetmap.org/node/3879101286;cartographie collaborative (OSM);nom : complexe / groupe scolaire
a_preciser;indetermine;La miséricorde;;non_indique;Abomey-Calavi;Atlantique;;6.387706;2.294825;https://www.openstreetmap.org/node/3896288629;cartographie collaborative (OSM);aucun indice fiable
secondaire_general;college;Collège Catholique Père Aupiere;;confessionnel;Abomey-Calavi;Atlantique;;6.388919;2.347521;https://www.openstreetmap.org/node/3896288638;cartographie collaborative (OSM);nom : collège
superieur;enseignement_superieur;ISM Anonaï;;non_indique;Abomey-Calavi;Atlantique;;6.443903;2.354158;https://www.openstreetmap.org/node/3896288639;cartographie collaborative (OSM);nom : école supérieure / institut
secondaire_general;college;Collège Jean Michel le Faucon;;non_indique;Abomey-Calavi;Atlantique;;6.455344;2.355436;https://www.openstreetmap.org/node/3896289015;cartographie collaborative (OSM);nom : collège
a_preciser;indetermine;École Primaire Publique de Cocotomey;;public;Abomey-Calavi;Atlantique;;6.388923;2.301493;https://www.openstreetmap.org/node/3899799469;cartographie collaborative (OSM);aucun indice fiable
a_preciser;indetermine;Compexe Scolaire Le Spiritor d'Atrokpocodji;;non_indique;Abomey-Calavi;Atlantique;Privée;6.392918;2.320883;https://www.openstreetmap.org/node/3900760596;cartographie collaborative (OSM);aucun indice fiable
a_preciser;indetermine;Compexe Scolaire Ste Lucie-Elisé;;non_indique;Abomey-Calavi;Atlantique;Privée;6.396508;2.320216;https://www.openstreetmap.org/node/3900763997;cartographie collaborative (OSM);aucun indice fiable
a_preciser;complexe_scolaire;Complexe scolaire la Paloma;;non_indique;Abomey-Calavi;Atlantique;;6.391329;2.359158;https://www.openstreetmap.org/node/3906168764;cartographie collaborative (OSM);nom : complexe / groupe scolaire
a_preciser;indetermine;CS la patience;;non_indique;Abomey-Calavi;Atlantique;;6.513444;2.365618;https://www.openstreetmap.org/node/3906228448;cartographie collaborative (OSM);aucun indice fiable
superieur;enseignement_superieur;ECOLE SUPÉRIEURE DES TECHNOLOGIES AVACEES ET DE MANAGEMENT;;non_indique;Cotonou;Littoral;;6.363984;2.399959;https://www.openstreetmap.org/node/3907699947;cartographie collaborative (OSM);nom : école supérieure / institut
a_preciser;indetermine;(sans nom);;non_indique;Parakou;Borgou;;9.379160;2.628858;https://www.openstreetmap.org/node/3917604351;cartographie collaborative (OSM);aucun indice fiable
a_preciser;indetermine;(sans nom);;non_indique;Parakou;Borgou;;9.388000;2.623004;https://www.openstreetmap.org/node/3917725505;cartographie collaborative (OSM);aucun indice fiable
a_preciser;complexe_scolaire;Complexe scolaire bilingue « Les papillons de Sainte Aloïse »;;confessionnel;Abomey-Calavi;Atlantique;;6.387249;2.326628;https://www.openstreetmap.org/node/3920702830;cartographie collaborative (OSM);nom : complexe / groupe scolaire
a_preciser;complexe_scolaire;Complexe scolaire « Maria Gracia »;;non_indique;Abomey-Calavi;Atlantique;;6.389211;2.318060;https://www.openstreetmap.org/node/3920702832;cartographie collaborative (OSM);nom : complexe / groupe scolaire
primaire;ecole_primaire;Ecole Primaire Publique Agbede;;public;Ouidah;Atlantique;;6.358655;2.080867;https://www.openstreetmap.org/node/3925041423;cartographie collaborative (OSM);nom : école primaire
a_preciser;indetermine;École Primaire Publique de Ganve;;public;Ouidah;Atlantique;;6.358974;2.080795;https://www.openstreetmap.org/node/3925041424;cartographie collaborative (OSM);aucun indice fiable
superieur;enseignement_superieur;Institut Régional de Santé Publique (IRSP);;public;Ouidah;Atlantique;;6.349197;2.087939;https://www.openstreetmap.org/node/3925089358;cartographie collaborative (OSM);nom : école supérieure / institut
secondaire_general;college;Collège de Grece;;non_indique;Ouidah;Atlantique;;6.363487;2.097067;https://www.openstreetmap.org/node/3926195580;cartographie collaborative (OSM);nom : collège
a_preciser;indetermine;Le cercle des génies;;non_indique;Ouidah;Atlantique;;6.368578;2.077047;https://www.openstreetmap.org/node/3926202477;cartographie collaborative (OSM);aucun indice fiable
a_preciser;indetermine;Ecole Bilingue Santa Clara;;non_indique;Ouidah;Atlantique;;6.370647;2.077359;https://www.openstreetmap.org/node/3926202770;cartographie collaborative (OSM);aucun indice fiable
primaire;ecole_primaire;Ecole Primaire Publique D'Adjina;;public;Porto-Novo;Ouémé;;6.472929;2.611168;https://www.openstreetmap.org/node/3927614971;cartographie collaborative (OSM);nom : école primaire
a_preciser;complexe_scolaire;Complexe scolaire catholique Père Planque;;confessionnel;Cotonou;Littoral;;6.356660;2.437303;https://www.openstreetmap.org/node/3934005032;cartographie collaborative (OSM);nom : complexe / groupe scolaire
secondaire_general;college;Collège La Flèche;;non_indique;Cotonou;Littoral;;6.367152;2.413518;https://www.openstreetmap.org/node/3934012004;cartographie collaborative (OSM);nom : collège
a_preciser;indetermine;Chèche garderie Les petits chouchous;;non_indique;Abomey-Calavi;Atlantique;;6.387489;2.327092;https://www.openstreetmap.org/node/3949957941;cartographie collaborative (OSM);aucun indice fiable
a_preciser;indetermine;ComplexeScolaire protestant;;confessionnel;Abomey-Calavi;Atlantique;;6.385131;2.328502;https://www.openstreetmap.org/node/3955078046;cartographie collaborative (OSM);aucun indice fiable
a_preciser;complexe_scolaire;Complexe scolaire octave-Denise;;non_indique;Abomey-Calavi;Atlantique;;6.384745;2.326023;https://www.openstreetmap.org/node/3955126778;cartographie collaborative (OSM);nom : complexe / groupe scolaire
a_preciser;complexe_scolaire;Complexe scolaire le sceau de l'éternel;;non_indique;Abomey-Calavi;Atlantique;;6.385926;2.323427;https://www.openstreetmap.org/node/3955148909;cartographie collaborative (OSM);nom : complexe / groupe scolaire
primaire;ecole_primaire;Ecole primaire la Plénitude;;non_indique;Abomey-Calavi;Atlantique;;6.386672;2.317884;https://www.openstreetmap.org/node/3955170263;cartographie collaborative (OSM);nom : école primaire
a_preciser;complexe_scolaire;Complexe scolaire de Tokan groupes A et B;;non_indique;Abomey-Calavi;Atlantique;;6.452832;2.310306;https://www.openstreetmap.org/node/3969886227;cartographie collaborative (OSM);nom : complexe / groupe scolaire
maternel;ecole_maternelle;École maternelle publique de Tokan;;public;Abomey-Calavi;Atlantique;;6.453469;2.310701;https://www.openstreetmap.org/node/3969886228;cartographie collaborative (OSM);nom : maternelle
a_preciser;complexe_scolaire;Complexe scolaire de la bergerie de Dieu (CSBD);;non_indique;Abomey-Calavi;Atlantique;;6.446008;2.316051;https://www.openstreetmap.org/node/3969886240;cartographie collaborative (OSM);nom : complexe / groupe scolaire
primaire;ecole_primaire;EPP;;public;Parakou;Borgou;;9.365656;2.607523;https://www.openstreetmap.org/node/3971591528;cartographie collaborative (OSM);nom : école primaire
secondaire_general;college;Collège catholique Pierre Joseph de Clorivière;;confessionnel;Abomey-Calavi;Atlantique;;6.442591;2.346663;https://www.openstreetmap.org/node/3975334638;cartographie collaborative (OSM);nom : collège
primaire;ecole_primaire;EPP;;public;Parakou;Borgou;;9.348001;2.647375;https://www.openstreetmap.org/node/3985429493;cartographie collaborative (OSM);nom : école primaire
primaire;ecole_primaire;Ecole primaire publique Togoudo-Allada;;public;Allada;Atlantique;;6.669315;2.170501;https://www.openstreetmap.org/node/3992128838;cartographie collaborative (OSM);nom : école primaire
maternel;ecole_maternelle;Ecole maternelle publique de Togoudo;;public;Allada;Atlantique;;6.668477;2.169674;https://www.openstreetmap.org/node/3992148874;cartographie collaborative (OSM);nom : maternelle
a_preciser;complexe_scolaire;COMPLEXE SCOLAIRE AIME CESAIRE;;non_indique;Allada;Atlantique;;6.669407;2.138901;https://www.openstreetmap.org/node/3992150031;cartographie collaborative (OSM);nom : complexe / groupe scolaire
superieur;enseignement_superieur;ECOLE NORMALE D'INSTITUTEURS D'ALLADA;;non_indique;Allada;Atlantique;;6.672819;2.133034;https://www.openstreetmap.org/node/3992152175;cartographie collaborative (OSM);nom : école supérieure / institut
maternel;ecole_maternelle;Ecole Maternelle Publique Allomey;;public;Allada;Atlantique;;6.665831;2.148594;https://www.openstreetmap.org/node/3992156788;cartographie collaborative (OSM);nom : maternelle
a_preciser;complexe_scolaire;Complexe scolaire de Togba;;non_indique;Abomey-Calavi;Atlantique;;6.457779;2.304024;https://www.openstreetmap.org/node/4016296592;cartographie collaborative (OSM);nom : complexe / groupe scolaire
a_preciser;indetermine;École primaire publique de Houeto;;public;Abomey-Calavi;Atlantique;;6.440618;2.304832;https://www.openstreetmap.org/node/4016296593;cartographie collaborative (OSM);aucun indice fiable
a_preciser;complexe_scolaire;COMPLEXE SCOLAIRE OUEGA-AGUE;;non_indique;Abomey-Calavi;Atlantique;;6.484886;2.308498;https://www.openstreetmap.org/node/4016303829;cartographie collaborative (OSM);nom : complexe / groupe scolaire
primaire;ecole_primaire;ECOLE PRIMAIRE PUBLIQUE DE DRABO;;public;Abomey-Calavi;Atlantique;;6.505000;2.307341;https://www.openstreetmap.org/node/4016303831;cartographie collaborative (OSM);nom : école primaire
a_preciser;indetermine;École primaire publique Ouega-Togba;;public;Abomey-Calavi;Atlantique;;6.470783;2.307151;https://www.openstreetmap.org/node/4016303979;cartographie collaborative (OSM);aucun indice fiable
secondaire_general;college;Collège d’enseignement général Houeto;;non_indique;Abomey-Calavi;Atlantique;;6.433278;2.303413;https://www.openstreetmap.org/node/4016303981;cartographie collaborative (OSM);nom : collège
a_preciser;indetermine;École Primaire Publique de Maria-Gléta;;public;Abomey-Calavi;Atlantique;;6.424156;2.304775;https://www.openstreetmap.org/node/4016303982;cartographie collaborative (OSM);aucun indice fiable
a_preciser;indetermine;École Primaire Publique d’Ahoussougbeta;;public;Abomey-Calavi;Atlantique;;6.468074;2.315197;https://www.openstreetmap.org/node/4016565043;cartographie collaborative (OSM);aucun indice fiable
secondaire_general;ceg;Collège d'Enseignement Général Zoungamè;;non_indique;Aguégués;Ouémé;;6.443968;2.545288;https://www.openstreetmap.org/node/4112965165;cartographie collaborative (OSM);nom : CEG
primaire;ecole_primaire;ECOLE PRIMAIRE PUBLIQUE DE KODONOU;;public;Dangbo;Ouémé;;6.579648;2.525070;https://www.openstreetmap.org/node/4135366561;cartographie collaborative (OSM);nom : école primaire
primaire;isced_1;(sans nom);;non_indique;Aguégués;Ouémé;;6.469894;2.547696;https://www.openstreetmap.org/node/4138774812;cartographie collaborative (OSM);attribut isced:level
primaire;ecole_primaire;Ecole Primaire Publique de KINDJI;;public;Aguégués;Ouémé;;6.449454;2.544623;https://www.openstreetmap.org/node/4138780807;cartographie collaborative (OSM);nom : école primaire
a_preciser;indetermine;La Berceuse;;non_indique;Abomey-Calavi;Atlantique;;6.465038;2.347916;https://www.openstreetmap.org/node/4141670410;cartographie collaborative (OSM);aucun indice fiable
a_preciser;indetermine;Wonderful American International School of Benin;;non_indique;Cotonou;Littoral;;6.367642;2.487220;https://www.openstreetmap.org/node/4146893295;cartographie collaborative (OSM);aucun indice fiable
a_preciser;indetermine;(sans nom);;non_indique;Abomey-Calavi;Atlantique;;6.465480;2.349905;https://www.openstreetmap.org/node/4149944301;cartographie collaborative (OSM);aucun indice fiable
maternel;ecole_maternelle;École Maternelle Zoca;;non_indique;Abomey-Calavi;Atlantique;;6.464563;2.348238;https://www.openstreetmap.org/node/4149944324;cartographie collaborative (OSM);nom : maternelle
primaire;ecole_primaire;Ecole Primaire Publique de HOULAZOUNME;;public;Aguégués;Ouémé;;6.452227;2.543303;https://www.openstreetmap.org/node/4153895311;cartographie collaborative (OSM);nom : école primaire
primaire;isced_1;(sans nom);;non_indique;Aguégués;Ouémé;;6.524697;2.532797;https://www.openstreetmap.org/node/4153902464;cartographie collaborative (OSM);attribut isced:level
primaire;isced_1;(sans nom);;non_indique;Aguégués;Ouémé;;6.478002;2.548228;https://www.openstreetmap.org/node/4153902686;cartographie collaborative (OSM);attribut isced:level
primaire;isced_1;(sans nom);;non_indique;Aguégués;Ouémé;;6.488204;2.548503;https://www.openstreetmap.org/node/4153904814;cartographie collaborative (OSM);attribut isced:level
primaire;isced_1;(sans nom);;non_indique;Aguégués;Ouémé;;6.525651;2.539012;https://www.openstreetmap.org/node/4153908148;cartographie collaborative (OSM);attribut isced:level
primaire;isced_1;(sans nom);;non_indique;Aguégués;Ouémé;;6.503853;2.538127;https://www.openstreetmap.org/node/4153908938;cartographie collaborative (OSM);attribut isced:level
primaire;isced_1;(sans nom);;non_indique;Aguégués;Ouémé;;6.519807;2.535914;https://www.openstreetmap.org/node/4153908939;cartographie collaborative (OSM);attribut isced:level
primaire;isced_1;(sans nom);;non_indique;Dangbo;Ouémé;;6.538283;2.534327;https://www.openstreetmap.org/node/4153914915;cartographie collaborative (OSM);attribut isced:level
primaire;isced_1;(sans nom);;non_indique;Dangbo;Ouémé;;6.535852;2.538144;https://www.openstreetmap.org/node/4153916075;cartographie collaborative (OSM);attribut isced:level
primaire;isced_1;(sans nom);;non_indique;Dangbo;Ouémé;;6.587904;2.501904;https://www.openstreetmap.org/node/4153928793;cartographie collaborative (OSM);attribut isced:level
primaire;isced_1;(sans nom);;non_indique;Adjohoun;Ouémé;;6.627700;2.468256;https://www.openstreetmap.org/node/4153928794;cartographie collaborative (OSM);attribut isced:level
primaire;isced_1;(sans nom);;non_indique;Adjohoun;Ouémé;;6.637835;2.472869;https://www.openstreetmap.org/node/4153929917;cartographie collaborative (OSM);attribut isced:level
primaire;isced_1;(sans nom);;non_indique;Adjohoun;Ouémé;;6.653122;2.473757;https://www.openstreetmap.org/node/4153929918;cartographie collaborative (OSM);attribut isced:level
primaire;isced_1;(sans nom);;non_indique;Adjohoun;Ouémé;;6.657502;2.477292;https://www.openstreetmap.org/node/4153929919;cartographie collaborative (OSM);attribut isced:level
primaire;isced_1;(sans nom);;non_indique;Adjohoun;Ouémé;;6.667797;2.468577;https://www.openstreetmap.org/node/4153934489;cartographie collaborative (OSM);attribut isced:level
primaire;isced_1;(sans nom);;non_indique;Adjohoun;Ouémé;;6.671503;2.480953;https://www.openstreetmap.org/node/4153934490;cartographie collaborative (OSM);attribut isced:level
primaire;isced_1;(sans nom);;non_indique;Adjohoun;Ouémé;;6.676869;2.475444;https://www.openstreetmap.org/node/4153934491;cartographie collaborative (OSM);attribut isced:level
primaire;isced_1;(sans nom);;non_indique;Adjohoun;Ouémé;;6.668553;2.497095;https://www.openstreetmap.org/node/4153939155;cartographie collaborative (OSM);attribut isced:level
primaire;isced_1;(sans nom);;non_indique;Adjohoun;Ouémé;;6.671239;2.491604;https://www.openstreetmap.org/node/4153939156;cartographie collaborative (OSM);attribut isced:level
primaire;ecole_primaire;EPP Gla;;public;Adjohoun;Ouémé;;6.681375;2.481535;https://www.openstreetmap.org/node/4153939157;cartographie collaborative (OSM);nom : école primaire
primaire;isced_1;(sans nom);;non_indique;Adjohoun;Ouémé;;6.681529;2.507467;https://www.openstreetmap.org/node/4153939158;cartographie collaborative (OSM);attribut isced:level
primaire;isced_1;(sans nom);;non_indique;Adjohoun;Ouémé;;6.683797;2.499758;https://www.openstreetmap.org/node/4153939159;cartographie collaborative (OSM);attribut isced:level
primaire;isced_1;(sans nom);;non_indique;Adjohoun;Ouémé;;6.692030;2.520733;https://www.openstreetmap.org/node/4153939160;cartographie collaborative (OSM);attribut isced:level
primaire;isced_1;(sans nom);;non_indique;Adjohoun;Ouémé;;6.694420;2.481189;https://www.openstreetmap.org/node/4153939161;cartographie collaborative (OSM);attribut isced:level
primaire;isced_1;(sans nom);;non_indique;Adjohoun;Ouémé;;6.708936;2.480592;https://www.openstreetmap.org/node/4153939918;cartographie collaborative (OSM);attribut isced:level
primaire;isced_1;(sans nom);;non_indique;Adjohoun;Ouémé;;6.713345;2.483859;https://www.openstreetmap.org/node/4153942220;cartographie collaborative (OSM);attribut isced:level
primaire;isced_1;(sans nom);;non_indique;Adjohoun;Ouémé;;6.729407;2.479981;https://www.openstreetmap.org/node/4153942221;cartographie collaborative (OSM);attribut isced:level
primaire;isced_1;(sans nom);;non_indique;Adjohoun;Ouémé;;6.749801;2.472543;https://www.openstreetmap.org/node/4153942222;cartographie collaborative (OSM);attribut isced:level
primaire;isced_1;(sans nom);;non_indique;Adjohoun;Ouémé;;6.738192;2.488695;https://www.openstreetmap.org/node/4153942690;cartographie collaborative (OSM);attribut isced:level
primaire;ecole_primaire;Epp Akpadanou;;public;Adjohoun;Ouémé;;6.773629;2.479098;https://www.openstreetmap.org/node/4153942767;cartographie collaborative (OSM);nom : école primaire
primaire;ecole_primaire;EPP Fonly;;public;Adjohoun;Ouémé;;6.791319;2.477621;https://www.openstreetmap.org/node/4153942768;cartographie collaborative (OSM);nom : école primaire
primaire;isced_1;(sans nom);;non_indique;Bonou;Ouémé;;6.803041;2.469542;https://www.openstreetmap.org/node/4153945657;cartographie collaborative (OSM);attribut isced:level
primaire;isced_1;(sans nom);;non_indique;Bonou;Ouémé;;6.814140;2.471317;https://www.openstreetmap.org/node/4153945658;cartographie collaborative (OSM);attribut isced:level
primaire;ecole_primaire;Epp Bonou groupe A et B;;public;Bonou;Ouémé;;6.819227;2.472275;https://www.openstreetmap.org/node/4153945659;cartographie collaborative (OSM);nom : école primaire
primaire;isced_1;(sans nom);;non_indique;Bonou;Ouémé;;6.833849;2.470110;https://www.openstreetmap.org/node/4153945814;cartographie collaborative (OSM);attribut isced:level
primaire;isced_1;(sans nom);;non_indique;Bonou;Ouémé;;6.829439;2.509815;https://www.openstreetmap.org/node/4153946365;cartographie collaborative (OSM);attribut isced:level
primaire;isced_1;(sans nom);;non_indique;Bonou;Ouémé;;6.833095;2.531908;https://www.openstreetmap.org/node/4153946366;cartographie collaborative (OSM);attribut isced:level
primaire;isced_1;(sans nom);;non_indique;Bonou;Ouémé;;6.848765;2.511070;https://www.openstreetmap.org/node/4153948481;cartographie collaborative (OSM);attribut isced:level
primaire;isced_1;(sans nom);;non_indique;Bonou;Ouémé;;6.852949;2.530447;https://www.openstreetmap.org/node/4153948482;cartographie collaborative (OSM);attribut isced:level
primaire;isced_1;(sans nom);;non_indique;Bonou;Ouémé;;6.850643;2.456828;https://www.openstreetmap.org/node/4153949828;cartographie collaborative (OSM);attribut isced:level
primaire;isced_1;(sans nom);;non_indique;Bonou;Ouémé;;6.874021;2.441899;https://www.openstreetmap.org/node/4153949829;cartographie collaborative (OSM);attribut isced:level
primaire;isced_1;(sans nom);;non_indique;Bonou;Ouémé;;6.876601;2.452842;https://www.openstreetmap.org/node/4153949830;cartographie collaborative (OSM);attribut isced:level
primaire;isced_1;(sans nom);;non_indique;Bonou;Ouémé;;6.884622;2.461551;https://www.openstreetmap.org/node/4153953791;cartographie collaborative (OSM);attribut isced:level
primaire;isced_1;(sans nom);;non_indique;Bonou;Ouémé;;6.895654;2.453097;https://www.openstreetmap.org/node/4153953792;cartographie collaborative (OSM);attribut isced:level
primaire;isced_1;(sans nom);;non_indique;Bonou;Ouémé;;6.890898;2.487156;https://www.openstreetmap.org/node/4153955653;cartographie collaborative (OSM);attribut isced:level
primaire;isced_1;(sans nom);;non_indique;Bonou;Ouémé;;6.870306;2.500315;https://www.openstreetmap.org/node/4153966495;cartographie collaborative (OSM);attribut isced:level
primaire;isced_1;(sans nom);;non_indique;Bonou;Ouémé;;6.907266;2.448757;https://www.openstreetmap.org/node/4153968585;cartographie collaborative (OSM);attribut isced:level
primaire;isced_1;(sans nom);;non_indique;Bonou;Ouémé;;6.914008;2.456241;https://www.openstreetmap.org/node/4153968586;cartographie collaborative (OSM);attribut isced:level
primaire;isced_1;(sans nom);;non_indique;Bonou;Ouémé;;6.922589;2.413659;https://www.openstreetmap.org/node/4154060507;cartographie collaborative (OSM);attribut isced:level
primaire;isced_1;(sans nom);;non_indique;Bonou;Ouémé;;6.925031;2.437303;https://www.openstreetmap.org/node/4154060510;cartographie collaborative (OSM);attribut isced:level
primaire;isced_1;(sans nom);;non_indique;Bonou;Ouémé;;6.927651;2.441149;https://www.openstreetmap.org/node/4154060511;cartographie collaborative (OSM);attribut isced:level
primaire;isced_1;(sans nom);;non_indique;Bonou;Ouémé;;6.932905;2.425032;https://www.openstreetmap.org/node/4154060512;cartographie collaborative (OSM);attribut isced:level
primaire;isced_1;(sans nom);;non_indique;Bonou;Ouémé;;6.945651;2.410786;https://www.openstreetmap.org/node/4154060513;cartographie collaborative (OSM);attribut isced:level
primaire;isced_1;(sans nom);;non_indique;Bonou;Ouémé;;6.945858;2.419922;https://www.openstreetmap.org/node/4154060514;cartographie collaborative (OSM);attribut isced:level
primaire;isced_1;(sans nom);;non_indique;Akpro-Missérété;Ouémé;;6.565925;2.575899;https://www.openstreetmap.org/node/4154108299;cartographie collaborative (OSM);attribut isced:level
primaire;isced_1;(sans nom);;non_indique;Dangbo;Ouémé;;6.563633;2.566656;https://www.openstreetmap.org/node/4154109753;cartographie collaborative (OSM);attribut isced:level
primaire;isced_1;(sans nom);;non_indique;Akpro-Missérété;Ouémé;;6.552167;2.575649;https://www.openstreetmap.org/node/4154110178;cartographie collaborative (OSM);attribut isced:level
primaire;isced_1;(sans nom);;non_indique;Akpro-Missérété;Ouémé;;6.526956;2.566884;https://www.openstreetmap.org/node/4154112928;cartographie collaborative (OSM);attribut isced:level
primaire;isced_1;(sans nom);;non_indique;Akpro-Missérété;Ouémé;;6.528299;2.557493;https://www.openstreetmap.org/node/4154112929;cartographie collaborative (OSM);attribut isced:level
primaire;isced_1;(sans nom);;non_indique;Dangbo;Ouémé;;6.533956;2.551252;https://www.openstreetmap.org/node/4154112930;cartographie collaborative (OSM);attribut isced:level
primaire;isced_1;(sans nom);;non_indique;Akpro-Missérété;Ouémé;;6.536786;2.564982;https://www.openstreetmap.org/node/4154112931;cartographie collaborative (OSM);attribut isced:level
primaire;isced_1;(sans nom);;non_indique;Akpro-Missérété;Ouémé;;6.548690;2.582505;https://www.openstreetmap.org/node/4154112932;cartographie collaborative (OSM);attribut isced:level
primaire;isced_1;(sans nom);;non_indique;Akpro-Missérété;Ouémé;;6.545135;2.596463;https://www.openstreetmap.org/node/4154113309;cartographie collaborative (OSM);attribut isced:level
primaire;isced_1;(sans nom);;non_indique;Dangbo;Ouémé;;6.539739;2.556783;https://www.openstreetmap.org/node/4154115800;cartographie collaborative (OSM);attribut isced:level
primaire;isced_1;(sans nom);;non_indique;Dangbo;Ouémé;;6.551957;2.554838;https://www.openstreetmap.org/node/4154115831;cartographie collaborative (OSM);attribut isced:level
primaire;isced_1;(sans nom);;non_indique;Akpro-Missérété;Ouémé;;6.523883;2.576054;https://www.openstreetmap.org/node/4154118411;cartographie collaborative (OSM);attribut isced:level
primaire;isced_1;(sans nom);;non_indique;Akpro-Missérété;Ouémé;;6.531238;2.579868;https://www.openstreetmap.org/node/4154118412;cartographie collaborative (OSM);attribut isced:level
primaire;isced_1;(sans nom);;non_indique;Akpro-Missérété;Ouémé;;6.533141;2.592223;https://www.openstreetmap.org/node/4154120676;cartographie collaborative (OSM);attribut isced:level
primaire;isced_1;(sans nom);;non_indique;Akpro-Missérété;Ouémé;;6.539238;2.586359;https://www.openstreetmap.org/node/4154120677;cartographie collaborative (OSM);attribut isced:level
primaire;isced_1;(sans nom);;non_indique;Dangbo;Ouémé;;6.557814;2.551399;https://www.openstreetmap.org/node/4154124805;cartographie collaborative (OSM);attribut isced:level
primaire;isced_1;(sans nom);;non_indique;Adjarra;Ouémé;;6.467117;2.666882;https://www.openstreetmap.org/node/4154125418;cartographie collaborative (OSM);attribut isced:level
primaire;isced_1;(sans nom);;non_indique;Adjarra;Ouémé;;6.476177;2.695282;https://www.openstreetmap.org/node/4154125419;cartographie collaborative (OSM);attribut isced:level
primaire;isced_1;(sans nom);;non_indique;Adjarra;Ouémé;;6.476486;2.666539;https://www.openstreetmap.org/node/4154125420;cartographie collaborative (OSM);attribut isced:level
primaire;isced_1;(sans nom);;non_indique;Akpro-Missérété;Ouémé;;6.557451;2.590299;https://www.openstreetmap.org/node/4154125619;cartographie collaborative (OSM);attribut isced:level
primaire;isced_1;(sans nom);;non_indique;Akpro-Missérété;Ouémé;;6.559303;2.587317;https://www.openstreetmap.org/node/4154125620;cartographie collaborative (OSM);attribut isced:level
primaire;isced_1;(sans nom);;non_indique;Adjarra;Ouémé;;6.468976;2.685940;https://www.openstreetmap.org/node/4154126674;cartographie collaborative (OSM);attribut isced:level
primaire;isced_1;(sans nom);;non_indique;Adjarra;Ouémé;;6.455179;2.675773;https://www.openstreetmap.org/node/4154127497;cartographie collaborative (OSM);attribut isced:level
primaire;isced_1;(sans nom);;non_indique;Adjarra;Ouémé;;6.481194;2.661882;https://www.openstreetmap.org/node/4154128800;cartographie collaborative (OSM);attribut isced:level
primaire;isced_1;(sans nom);;non_indique;Adjarra;Ouémé;;6.484595;2.705073;https://www.openstreetmap.org/node/4154129173;cartographie collaborative (OSM);attribut isced:level
primaire;isced_1;(sans nom);;non_indique;Adjarra;Ouémé;;6.487544;2.661033;https://www.openstreetmap.org/node/4154134898;cartographie collaborative (OSM);attribut isced:level
primaire;isced_1;(sans nom);;non_indique;Adjarra;Ouémé;;6.492506;2.676346;https://www.openstreetmap.org/node/4154135111;cartographie collaborative (OSM);attribut isced:level
primaire;isced_1;(sans nom);;non_indique;Adjarra;Ouémé;;6.484687;2.687501;https://www.openstreetmap.org/node/4154137516;cartographie collaborative (OSM);attribut isced:level
primaire;isced_1;(sans nom);;non_indique;Adjarra;Ouémé;;6.490723;2.703725;https://www.openstreetmap.org/node/4154138118;cartographie collaborative (OSM);attribut isced:level
primaire;isced_1;(sans nom);;non_indique;Adjarra;Ouémé;;6.489704;2.698558;https://www.openstreetmap.org/node/4154138894;cartographie collaborative (OSM);attribut isced:level
primaire;isced_1;(sans nom);;non_indique;Adjarra;Ouémé;;6.493420;2.689842;https://www.openstreetmap.org/node/4154142001;cartographie collaborative (OSM);attribut isced:level
primaire;isced_1;(sans nom);;non_indique;Adjarra;Ouémé;;6.499454;2.695716;https://www.openstreetmap.org/node/4154142110;cartographie collaborative (OSM);attribut isced:level
primaire;isced_1;(sans nom);;non_indique;Adjarra;Ouémé;;6.499394;2.700349;https://www.openstreetmap.org/node/4154144007;cartographie collaborative (OSM);attribut isced:level
primaire;isced_1;(sans nom);;non_indique;Kalale;Borgou;;10.358446;3.146860;https://www.openstreetmap.org/node/4158575530;cartographie collaborative (OSM);attribut isced:level
maternel;isced_0;(sans nom);;non_indique;Kalale;Borgou;;10.358866;3.147552;https://www.openstreetmap.org/node/4158575531;cartographie collaborative (OSM);attribut isced:level
primaire;isced_1;(sans nom);;non_indique;Kalale;Borgou;;10.382764;3.170954;https://www.openstreetmap.org/node/4158605922;cartographie collaborative (OSM);attribut isced:level
secondaire_general;ceg;CEG INA;;public;Bembèrèkè;Borgou;;9.975027;2.723948;https://www.openstreetmap.org/node/4164182891;cartographie collaborative (OSM);nom : CEG
a_preciser;indetermine;École Primaire Publique;;public;Abomey-Calavi;Atlantique;;6.405205;2.344762;https://www.openstreetmap.org/node/4165318048;cartographie collaborative (OSM);aucun indice fiable
a_preciser;complexe_scolaire;Complexe Scolaire Ste Félicité;;non_indique;Abomey-Calavi;Atlantique;;6.385059;2.340092;https://www.openstreetmap.org/node/4165464390;cartographie collaborative (OSM);nom : complexe / groupe scolaire
a_preciser;complexe_scolaire;Complexe Scolaire Évangélique BERAKA;;non_indique;Abomey-Calavi;Atlantique;;6.385933;2.307022;https://www.openstreetmap.org/node/4165513252;cartographie collaborative (OSM);nom : complexe / groupe scolaire
primaire;ecole_primaire;EPP TCHIKANDOU;;public;Nikki;Borgou;;9.839314;3.357701;https://www.openstreetmap.org/node/4166609459;cartographie collaborative (OSM);nom : école primaire
a_preciser;indetermine;Saint Just;;confessionnel;Abomey-Calavi;Atlantique;;6.514876;2.326052;https://www.openstreetmap.org/node/4171680291;cartographie collaborative (OSM);aucun indice fiable
a_preciser;indetermine;CSP SAINT XAZIER;;confessionnel;Abomey-Calavi;Atlantique;;6.500634;2.353311;https://www.openstreetmap.org/node/4172230518;cartographie collaborative (OSM);aucun indice fiable
secondaire_general;ceg;CEG SURU LERE;;public;Sèmè-Podji;Ouémé;;6.379393;2.462635;https://www.openstreetmap.org/node/4172313361;cartographie collaborative (OSM);nom : CEG
a_preciser;indetermine;CSU Espoir 2000;;prive;Sèmè-Podji;Ouémé;;6.379481;2.463751;https://www.openstreetmap.org/node/4172313362;cartographie collaborative (OSM);aucun indice fiable
primaire;ecole_primaire;Ecole Primaire Publique Suru Léré;;public;Sèmè-Podji;Ouémé;;6.377814;2.463225;https://www.openstreetmap.org/node/4172313363;cartographie collaborative (OSM);nom : école primaire
primaire;ecole_primaire;Ecole Primaire Publique Sènadé;;public;Sèmè-Podji;Ouémé;;6.377651;2.462552;https://www.openstreetmap.org/node/4172313364;cartographie collaborative (OSM);nom : école primaire
a_preciser;indetermine;St Emmanuel;;public;Sèmè-Podji;Ouémé;;6.379946;2.463715;https://www.openstreetmap.org/node/4172313367;cartographie collaborative (OSM);aucun indice fiable
primaire;ecole_primaire;Ecole Primaire Publique kowegbo;;public;Sèmè-Podji;Ouémé;;6.382724;2.462501;https://www.openstreetmap.org/node/4172329287;cartographie collaborative (OSM);nom : école primaire
primaire;ecole_primaire;Ecole primaire publique;;public;N'Dali;Borgou;;9.753317;2.106970;https://www.openstreetmap.org/node/4172395957;cartographie collaborative (OSM);nom : école primaire
primaire;isced_1;(sans nom);;non_indique;N'Dali;Borgou;;9.739647;2.524814;https://www.openstreetmap.org/node/4172407297;cartographie collaborative (OSM);attribut isced:level
primaire;isced_1;(sans nom);;non_indique;N'Dali;Borgou;;9.744941;2.444358;https://www.openstreetmap.org/node/4172407304;cartographie collaborative (OSM);attribut isced:level
primaire;isced_1;(sans nom);;non_indique;N'Dali;Borgou;;9.746076;2.436713;https://www.openstreetmap.org/node/4172407315;cartographie collaborative (OSM);attribut isced:level
primaire;isced_1;(sans nom);;non_indique;N'Dali;Borgou;;9.760103;2.126224;https://www.openstreetmap.org/node/4172407483;cartographie collaborative (OSM);attribut isced:level
primaire;isced_1;(sans nom);;non_indique;N'Dali;Borgou;;9.767380;2.281036;https://www.openstreetmap.org/node/4172407648;cartographie collaborative (OSM);attribut isced:level
primaire;isced_1;(sans nom);;non_indique;N'Dali;Borgou;;9.769056;2.153775;https://www.openstreetmap.org/node/4172407683;cartographie collaborative (OSM);attribut isced:level
primaire;isced_1;(sans nom);;non_indique;N'Dali;Borgou;;9.797879;2.442852;https://www.openstreetmap.org/node/4172410894;cartographie collaborative (OSM);attribut isced:level
primaire;isced_1;(sans nom);;non_indique;N'Dali;Borgou;;9.808774;2.444059;https://www.openstreetmap.org/node/4172410951;cartographie collaborative (OSM);attribut isced:level
a_preciser;indetermine;(sans nom);;non_indique;N'Dali;Borgou;;9.810768;2.444590;https://www.openstreetmap.org/node/4172410964;cartographie collaborative (OSM);aucun indice fiable
primaire;isced_1;(sans nom);;non_indique;N'Dali;Borgou;;9.853943;2.526725;https://www.openstreetmap.org/node/4172410981;cartographie collaborative (OSM);attribut isced:level
primaire;isced_1;(sans nom);;non_indique;N'Dali;Borgou;;9.891972;2.469907;https://www.openstreetmap.org/node/4172410986;cartographie collaborative (OSM);attribut isced:level
a_preciser;indetermine;(sans nom);;non_indique;N'Dali;Borgou;;9.905849;2.472755;https://www.openstreetmap.org/node/4172411050;cartographie collaborative (OSM);aucun indice fiable
a_preciser;complexe_scolaire;Complexe scolaire catholique de la Salle;;confessionnel;Abomey-Calavi;Atlantique;;6.508438;2.351476;https://www.openstreetmap.org/node/4174167792;cartographie collaborative (OSM);nom : complexe / groupe scolaire
technique_et_formation;lycee_technique;Lycée technique d’amitié sino-beninoise;;non_indique;Abomey-Calavi;Atlantique;;6.508170;2.353289;https://www.openstreetmap.org/node/4174167794;cartographie collaborative (OSM);nom : lycée technique/agricole
a_preciser;indetermine;(sans nom);;non_indique;Aguégués;Ouémé;;6.444012;2.544214;https://www.openstreetmap.org/node/4175062503;cartographie collaborative (OSM);aucun indice fiable
primaire;ecole_primaire;Ecole Primaire Publique DONOUKPA;;public;Aguégués;Ouémé;;6.462896;2.545570;https://www.openstreetmap.org/node/4175062540;cartographie collaborative (OSM);nom : école primaire
primaire;ecole_primaire;Ecole Primaire Publique Késsounou;;public;Dangbo;Ouémé;;6.577753;2.519048;https://www.openstreetmap.org/node/4175066562;cartographie collaborative (OSM);nom : école primaire
a_preciser;indetermine;Centre d'Alphabétisation;;non_indique;Dangbo;Ouémé;;6.583121;2.497278;https://www.openstreetmap.org/node/4175101489;cartographie collaborative (OSM);aucun indice fiable
a_preciser;indetermine;Complex Scolaire Primaire Publique A/B Hetin Aglahounsa;;public;Dangbo;Ouémé;;6.580523;2.498809;https://www.openstreetmap.org/node/4175101491;cartographie collaborative (OSM);aucun indice fiable
primaire;ecole_primaire;Ecole Primaire Publique Hetin Gléhoué;;public;Dangbo;Ouémé;;6.578053;2.509486;https://www.openstreetmap.org/node/4175101492;cartographie collaborative (OSM);nom : école primaire
a_preciser;indetermine;(sans nom);;non_indique;Dangbo;Ouémé;;6.580992;2.495510;https://www.openstreetmap.org/node/4175101493;cartographie collaborative (OSM);aucun indice fiable
a_preciser;indetermine;CS les 3clées;;non_indique;Abomey-Calavi;Atlantique;;6.517383;2.363547;https://www.openstreetmap.org/node/4181329649;cartographie collaborative (OSM);aucun indice fiable
a_preciser;indetermine;École Notre-Dame de Lourdes;;confessionnel;Porto-Novo;Ouémé;;6.472922;2.618709;https://www.openstreetmap.org/node/4185145004;cartographie collaborative (OSM);aucun indice fiable
a_preciser;indetermine;(sans nom);;non_indique;Cotonou;Littoral;;6.356143;2.361744;https://www.openstreetmap.org/node/4185428040;cartographie collaborative (OSM);aucun indice fiable
primaire;ecole_primaire;Ecole Primaire de Midombo A et B;;non_indique;Cotonou;Littoral;;6.372343;2.439731;https://www.openstreetmap.org/node/4187043425;cartographie collaborative (OSM);nom : école primaire
a_preciser;complexe_scolaire;Complexe Scolaire Gbeffa;;non_indique;Cotonou;Littoral;;6.384200;2.422221;https://www.openstreetmap.org/node/4189561135;cartographie collaborative (OSM);nom : complexe / groupe scolaire
maternel;ecole_maternelle;La Capucine;;non_indique;Cotonou;Littoral;;6.384001;2.423490;https://www.openstreetmap.org/node/4189562797;cartographie collaborative (OSM);attribut amenity=kindergarten
a_preciser;indetermine;Brain Builders International School;;non_indique;Cotonou;Littoral;;6.384261;2.425121;https://www.openstreetmap.org/node/4189565248;cartographie collaborative (OSM);aucun indice fiable
secondaire_general;college;Collège catholique Sainte Cécile;;confessionnel;Cotonou;Littoral;;6.385995;2.424215;https://www.openstreetmap.org/node/4190059089;cartographie collaborative (OSM);nom : collège
a_preciser;indetermine;(sans nom);;non_indique;Abomey-Calavi;Atlantique;;6.504112;2.355397;https://www.openstreetmap.org/node/4195208757;cartographie collaborative (OSM);aucun indice fiable
a_preciser;indetermine;CS Saint Fabien;;confessionnel;Abomey-Calavi;Atlantique;;6.496524;2.362663;https://www.openstreetmap.org/node/4195971835;cartographie collaborative (OSM);aucun indice fiable
secondaire_general;ceg;CEG Davgbanna;;public;Bohicon;Zou;;7.211148;2.072067;https://www.openstreetmap.org/node/4203022814;cartographie collaborative (OSM);nom : CEG
secondaire_general;ceg;CEG Sekandji;;public;Sèmè-Podji;Ouémé;;6.375968;2.510195;https://www.openstreetmap.org/node/4207422046;cartographie collaborative (OSM);nom : CEG
a_preciser;indetermine;CSP Gloria Dei;;non_indique;Sèmè-Podji;Ouémé;;6.375422;2.502235;https://www.openstreetmap.org/node/4207422047;cartographie collaborative (OSM);aucun indice fiable
a_preciser;indetermine;CSP Hexagone;;non_indique;Sèmè-Podji;Ouémé;;6.376123;2.509293;https://www.openstreetmap.org/node/4207422048;cartographie collaborative (OSM);aucun indice fiable
superieur;enseignement_superieur;Institut Supérieur Technique;;non_indique;Sèmè-Podji;Ouémé;;6.378558;2.577253;https://www.openstreetmap.org/node/4207539024;cartographie collaborative (OSM);nom : école supérieure / institut
a_preciser;indetermine;CSP Methode & Succès;;non_indique;Sèmè-Podji;Ouémé;;6.385402;2.546646;https://www.openstreetmap.org/node/4207577594;cartographie collaborative (OSM);aucun indice fiable
maternel;ecole_maternelle;Cours Maternelle EKPE Centre;;non_indique;Sèmè-Podji;Ouémé;;6.385590;2.544924;https://www.openstreetmap.org/node/4207577595;cartographie collaborative (OSM);nom : maternelle
primaire;ecole_primaire;Ecole Primaire Publique GNINVEDJI;;public;Sèmè-Podji;Ouémé;;6.388083;2.538991;https://www.openstreetmap.org/node/4207577597;cartographie collaborative (OSM);nom : école primaire
a_preciser;indetermine;CSP Richesse du Savoir;;non_indique;Sèmè-Podji;Ouémé;;6.370469;2.530699;https://www.openstreetmap.org/node/4207638850;cartographie collaborative (OSM);aucun indice fiable
a_preciser;indetermine;CSP Tovi Nonvi;;non_indique;Sèmè-Podji;Ouémé;;6.372066;2.530694;https://www.openstreetmap.org/node/4207638851;cartographie collaborative (OSM);aucun indice fiable
a_preciser;indetermine;CSP l'Elite Africaine;;non_indique;Sèmè-Podji;Ouémé;;6.372175;2.530291;https://www.openstreetmap.org/node/4207638852;cartographie collaborative (OSM);aucun indice fiable
secondaire_general;ceg;CEG AKPAKPA CENTRE;;public;Cotonou;Littoral;;6.369121;2.447182;https://www.openstreetmap.org/node/4208098198;cartographie collaborative (OSM);nom : CEG
primaire;ecole_primaire;EPP AMAKENE ESPERANCE;;public;Cotonou;Littoral;;6.374201;2.459879;https://www.openstreetmap.org/node/4208911385;cartographie collaborative (OSM);nom : école primaire
a_preciser;complexe_scolaire;Complexe scolaire la Boussole de l'avenir;;non_indique;Sèmè-Podji;Ouémé;;6.371294;2.501889;https://www.openstreetmap.org/node/4210111031;cartographie collaborative (OSM);nom : complexe / groupe scolaire
secondaire_general;college;Collège Saint-Roger;;confessionnel;Cotonou;Littoral;;6.361691;2.407680;https://www.openstreetmap.org/node/4210824197;cartographie collaborative (OSM);nom : collège
superieur_ou_formation;enseignement_superieur_ou_formation;Cycle Préparatoire Père Aupiais;;prive;Cotonou;Littoral;Ecole Supérieure d’Ingénieurs en Génie Electrique (ESIGELEC) de Rouen;6.359235;2.405624;https://www.openstreetmap.org/node/4210828030;cartographie collaborative (OSM);attribut amenity=college
a_preciser;indetermine;(sans nom);;non_indique;Sèmè-Podji;Ouémé;;6.374854;2.506717;https://www.openstreetmap.org/node/4210919559;cartographie collaborative (OSM);aucun indice fiable
a_preciser;indetermine;Csndp;;non_indique;Sèmè-Podji;Ouémé;;6.381304;2.610240;https://www.openstreetmap.org/node/4212421283;cartographie collaborative (OSM);aucun indice fiable
a_preciser;indetermine;(sans nom);;non_indique;Sèmè-Podji;Ouémé;;6.380534;2.613365;https://www.openstreetmap.org/node/4212421910;cartographie collaborative (OSM);aucun indice fiable
secondaire_general;ceg;CEG AGBLANGANDAN;;public;Sèmè-Podji;Ouémé;;6.382409;2.484909;https://www.openstreetmap.org/node/4215354363;cartographie collaborative (OSM);nom : CEG
primaire;ecole_primaire;EPP Davatin;;public;Sèmè-Podji;Ouémé;;6.382525;2.486397;https://www.openstreetmap.org/node/4215355233;cartographie collaborative (OSM);nom : école primaire
a_preciser;indetermine;(sans nom);;non_indique;Sèmè-Podji;Ouémé;;6.379124;2.469021;https://www.openstreetmap.org/node/4215465591;cartographie collaborative (OSM);aucun indice fiable
primaire;ecole_primaire;EPP Wèkègbo;;public;Abomey-Calavi;Atlantique;;6.488686;2.359865;https://www.openstreetmap.org/node/4219897951;cartographie collaborative (OSM);nom : école primaire
a_preciser;complexe_scolaire;Complexe scolaire ABM;;non_indique;Porto-Novo;Ouémé;;6.492289;2.616834;https://www.openstreetmap.org/node/4222613107;cartographie collaborative (OSM);nom : complexe / groupe scolaire
a_preciser;complexe_scolaire;Complexe scolaire;;non_indique;Cotonou;Littoral;;6.387113;2.372664;https://www.openstreetmap.org/node/4223479540;cartographie collaborative (OSM);nom : complexe / groupe scolaire
a_preciser;complexe_scolaire;Complexe Scolaire Privé AMOUR B;;prive;Sèmè-Podji;Ouémé;CSP AMOUR EKPE B;6.389377;2.548364;https://www.openstreetmap.org/node/4223649985;cartographie collaborative (OSM);nom : complexe / groupe scolaire
a_preciser;complexe_scolaire;Complexe Scolaire Privé Amour;;prive;Sèmè-Podji;Ouémé;CSP AMOUR EKPE B;6.386456;2.547458;https://www.openstreetmap.org/node/4223649986;cartographie collaborative (OSM);nom : complexe / groupe scolaire
primaire;ecole_primaire;Ecole Primaire Privée KANHONOU;;prive;Sèmè-Podji;Ouémé;;6.390159;2.536589;https://www.openstreetmap.org/node/4223649988;cartographie collaborative (OSM);nom : école primaire
primaire;ecole_primaire;Ecole Primaire Privé Les 3 Colombes;;prive;Sèmè-Podji;Ouémé;;6.389186;2.536697;https://www.openstreetmap.org/node/4223658189;cartographie collaborative (OSM);nom : école primaire
maternel;ecole_maternelle;(sans nom);;non_indique;Sèmè-Podji;Ouémé;;6.378531;2.463303;https://www.openstreetmap.org/node/4223702911;cartographie collaborative (OSM);attribut amenity=kindergarten
a_preciser;indetermine;CS Notre Dame de Toutes Graces;;non_indique;Cotonou;Littoral;;6.376892;2.449453;https://www.openstreetmap.org/node/4228452689;cartographie collaborative (OSM);aucun indice fiable
a_preciser;indetermine;CSP Bon Berger;;non_indique;Sèmè-Podji;Ouémé;;6.378233;2.448222;https://www.openstreetmap.org/node/4228452690;cartographie collaborative (OSM);aucun indice fiable
a_preciser;indetermine;CSP Lucie Verone;;non_indique;Cotonou;Littoral;;6.376611;2.447989;https://www.openstreetmap.org/node/4228452691;cartographie collaborative (OSM);aucun indice fiable
a_preciser;indetermine;CSP St Laurent;;non_indique;Cotonou;Littoral;;6.374746;2.449783;https://www.openstreetmap.org/node/4228452692;cartographie collaborative (OSM);aucun indice fiable
a_preciser;indetermine;(sans nom);;non_indique;Cotonou;Littoral;;6.373522;2.446129;https://www.openstreetmap.org/node/4228573026;cartographie collaborative (OSM);aucun indice fiable
a_preciser;indetermine;École Libanaise-Cotonou;;non_indique;Cotonou;Littoral;;6.361787;2.427228;https://www.openstreetmap.org/node/4231111726;cartographie collaborative (OSM);aucun indice fiable
a_preciser;indetermine;(sans nom);;non_indique;Sèmè-Podji;Ouémé;;6.373575;2.546716;https://www.openstreetmap.org/node/4231882991;cartographie collaborative (OSM);aucun indice fiable
a_preciser;indetermine;(sans nom);;non_indique;Sèmè-Podji;Ouémé;;6.427905;2.603655;https://www.openstreetmap.org/node/4244257546;cartographie collaborative (OSM);aucun indice fiable
a_preciser;complexe_scolaire;Complexe scolaire de Fongba;;non_indique;Lokossa;Mono;;6.678223;1.738980;https://www.openstreetmap.org/node/4249997891;cartographie collaborative (OSM);nom : complexe / groupe scolaire
secondaire_general;ceg;CEG 3 Lokossa;;public;Lokossa;Mono;;6.661614;1.726748;https://www.openstreetmap.org/node/4249998480;cartographie collaborative (OSM);nom : CEG
superieur_ou_formation;enseignement_superieur_ou_formation;CEG6 de Lokossa;;non_indique;Lokossa;Mono;;6.677987;1.738816;https://www.openstreetmap.org/node/4249998690;cartographie collaborative (OSM);attribut amenity=college
a_preciser;indetermine;École Primaire Publique d'Avedji;;public;Athiémé;Mono;;6.595962;1.725029;https://www.openstreetmap.org/node/4249998735;cartographie collaborative (OSM);aucun indice fiable
a_preciser;complexe_scolaire;Complexe scolaire de Kpinnou;;non_indique;Athiémé;Mono;;6.583778;1.767807;https://www.openstreetmap.org/node/4249998776;cartographie collaborative (OSM);nom : complexe / groupe scolaire
a_preciser;complexe_scolaire;Complexe scolaire de condji Agname AB;;non_indique;Athiémé;Mono;;6.585316;1.743416;https://www.openstreetmap.org/node/4249999063;cartographie collaborative (OSM);nom : complexe / groupe scolaire
a_preciser;complexe_scolaire;Complexe scolaire trinité;;non_indique;Kpomassè;Atlantique;;6.367376;2.064281;https://www.openstreetmap.org/node/4250000166;cartographie collaborative (OSM);nom : complexe / groupe scolaire
a_preciser;indetermine;(sans nom);;non_indique;Ouidah;Atlantique;;6.346036;2.249636;https://www.openstreetmap.org/node/4269951430;cartographie collaborative (OSM);aucun indice fiable
a_preciser;indetermine;Cours tamegnon;;non_indique;Abomey-Calavi;Atlantique;;6.349853;2.308405;https://www.openstreetmap.org/node/4269955352;cartographie collaborative (OSM);aucun indice fiable
a_preciser;complexe_scolaire;Complexe scolaire Guehounkon;;non_indique;Lokossa;Mono;;6.700965;1.750413;https://www.openstreetmap.org/node/4269961363;cartographie collaborative (OSM);nom : complexe / groupe scolaire
a_preciser;indetermine;Complèxe scolaire Camara Laye;;non_indique;Abomey-Calavi;Atlantique;;6.414675;2.331088;https://www.openstreetmap.org/node/4307041164;cartographie collaborative (OSM);aucun indice fiable
secondaire_general;college;Collège d’enseignement général Jean Piaget 1;;non_indique;Abomey-Calavi;Atlantique;;6.419203;2.325987;https://www.openstreetmap.org/node/4307041165;cartographie collaborative (OSM);nom : collège
secondaire_general;ceg;CEG Kpanroun;;public;Abomey-Calavi;Atlantique;;6.671378;2.362127;https://www.openstreetmap.org/node/4310949927;cartographie collaborative (OSM);nom : CEG
primaire;ecole_primaire;EPP Zinvié Centre A:B;;public;Abomey-Calavi;Atlantique;;6.615995;2.356589;https://www.openstreetmap.org/node/4310949931;cartographie collaborative (OSM);nom : école primaire
a_preciser;complexe_scolaire;Complexe scolaire de Kinto-oudjra A&B;;non_indique;Adjohoun;Ouémé;;6.638227;2.422470;https://www.openstreetmap.org/node/4311966902;cartographie collaborative (OSM);nom : complexe / groupe scolaire
a_preciser;indetermine;(sans nom);;non_indique;Abomey-Calavi;Atlantique;;6.504946;2.401855;https://www.openstreetmap.org/node/4312717845;cartographie collaborative (OSM);aucun indice fiable
a_preciser;indetermine;(sans nom);;non_indique;Sô-Ava;Atlantique;;6.580547;2.399907;https://www.openstreetmap.org/node/4312717852;cartographie collaborative (OSM);aucun indice fiable
a_preciser;indetermine;(sans nom);;non_indique;Sô-Ava;Atlantique;;6.498088;2.459173;https://www.openstreetmap.org/node/4313043899;cartographie collaborative (OSM);aucun indice fiable
primaire;ecole_primaire;EPP So Ava centre C;;public;Sô-Ava;Atlantique;;6.492226;2.399891;https://www.openstreetmap.org/node/4313087624;cartographie collaborative (OSM);nom : école primaire
secondaire_general;ceg;CEG de Ganvié;;public;Sô-Ava;Atlantique;;6.480510;2.393534;https://www.openstreetmap.org/node/4313202180;cartographie collaborative (OSM);nom : CEG
primaire;ecole_primaire;EPP Vekky - Daho;;public;Sô-Ava;Atlantique;;6.481265;2.418436;https://www.openstreetmap.org/node/4313209399;cartographie collaborative (OSM);nom : école primaire
secondaire_general;college;Collège Vekky;;non_indique;Sô-Ava;Atlantique;;6.486072;2.416138;https://www.openstreetmap.org/node/4313216718;cartographie collaborative (OSM);nom : collège
a_preciser;indetermine;(sans nom);;non_indique;Lokossa;Mono;;6.618911;1.764345;https://www.openstreetmap.org/node/4317716856;cartographie collaborative (OSM);aucun indice fiable
a_preciser;indetermine;École International de Linguistique;;non_indique;Porto-Novo;Ouémé;;6.473620;2.602114;https://www.openstreetmap.org/node/4323462793;cartographie collaborative (OSM);aucun indice fiable
primaire;ecole_primaire;Ecole Primaire Publique dokomey de Dangbo;;public;Dangbo;Ouémé;;6.584795;2.547777;https://www.openstreetmap.org/node/4324532208;cartographie collaborative (OSM);nom : école primaire
secondaire_general;ceg;CEG Kodonou;;public;Dangbo;Ouémé;;6.577413;2.529574;https://www.openstreetmap.org/node/4326340084;cartographie collaborative (OSM);nom : CEG
a_preciser;complexe_scolaire;Complexe scolaire bègue sota;;non_indique;Dangbo;Ouémé;;6.587735;2.502391;https://www.openstreetmap.org/node/4327005616;cartographie collaborative (OSM);nom : complexe / groupe scolaire
primaire;ecole_primaire;EPP;;public;Lalo;Couffo;;6.934272;1.871287;https://www.openstreetmap.org/node/4331042658;cartographie collaborative (OSM);nom : école primaire
primaire;ecole_primaire;EPP;;public;Lalo;Couffo;;6.930988;1.887643;https://www.openstreetmap.org/node/4331053003;cartographie collaborative (OSM);nom : école primaire
primaire;ecole_primaire;EPP;;public;Lalo;Couffo;;6.937174;1.889935;https://www.openstreetmap.org/node/4331054394;cartographie collaborative (OSM);nom : école primaire
a_preciser;indetermine;(sans nom);;non_indique;Sèmè-Podji;Ouémé;Complexe Scolaire Privée AMOUR EKPE;6.390097;2.548304;https://www.openstreetmap.org/node/4331409565;cartographie collaborative (OSM);aucun indice fiable
primaire;ecole_primaire;EPP Centre;;public;Kétou;Plateau;;7.363094;2.619355;https://www.openstreetmap.org/node/4338612831;cartographie collaborative (OSM);nom : école primaire
a_preciser;indetermine;(sans nom);;non_indique;Abomey;Zou;;7.178843;1.990687;https://www.openstreetmap.org/node/4340970729;cartographie collaborative (OSM);aucun indice fiable
a_preciser;indetermine;(sans nom);;non_indique;Abomey;Zou;;7.192521;1.998083;https://www.openstreetmap.org/node/4342666112;cartographie collaborative (OSM);aucun indice fiable
secondaire_general;college;Collège de la paix;;non_indique;Cotonou;Littoral;;6.382774;2.417386;https://www.openstreetmap.org/node/4351623418;cartographie collaborative (OSM);nom : collège
a_preciser;indetermine;CEG1/ADJARRA;;non_indique;Adjarra;Ouémé;;6.524327;2.661657;https://www.openstreetmap.org/node/4357678152;cartographie collaborative (OSM);aucun indice fiable
primaire;ecole_primaire;EPP Worè;;public;Parakou;Borgou;;9.395889;2.624140;https://www.openstreetmap.org/node/4360421605;cartographie collaborative (OSM);nom : école primaire
a_preciser;complexe_scolaire;Complexe scolaire stella Matutina;;non_indique;Cotonou;Littoral;;6.369399;2.477955;https://www.openstreetmap.org/node/4363707791;cartographie collaborative (OSM);nom : complexe / groupe scolaire
primaire;ecole_primaire;EPP;;public;Kérou;Atacora;;10.741830;2.125922;https://www.openstreetmap.org/node/4368811793;cartographie collaborative (OSM);nom : école primaire
primaire;ecole_primaire;EPP;;public;Kérou;Atacora;;10.732641;2.125509;https://www.openstreetmap.org/node/4368813546;cartographie collaborative (OSM);nom : école primaire
primaire;ecole_primaire;EPP;;public;Kérou;Atacora;;10.912705;1.937338;https://www.openstreetmap.org/node/4370505559;cartographie collaborative (OSM);nom : école primaire
superieur;universite;Institut universitaire les cours sonou;;non_indique;Cotonou;Littoral;;6.364283;2.424561;https://www.openstreetmap.org/node/4381016889;cartographie collaborative (OSM);nom : université
superieur;enseignement_superieur;Institut Régional du Génie Industriel, des Biotechnologies et Sciences Appliquées;;prive;Cotonou;Littoral;;6.354218;2.396815;https://www.openstreetmap.org/node/4389290238;cartographie collaborative (OSM);nom : école supérieure / institut
superieur;universite;Université Catholique de l'Afrique de l'Ouest;;prive;Cotonou;Littoral;Conférence Episcopale Régionale de l'Afrique de l'Ouest;6.357296;2.398235;https://www.openstreetmap.org/node/4389290239;cartographie collaborative (OSM);nom : université
superieur;enseignement_superieur;École Polytechnique d’Abomey Calavi;;public;Abomey-Calavi;Atlantique;Université d'abomey Calavi;6.414282;2.342348;https://www.openstreetmap.org/node/4401032990;cartographie collaborative (OSM);nom : école supérieure / institut
superieur;enseignement_superieur;Institut de Formation et de Recherche en Informatique;;public;Abomey-Calavi;Atlantique;Université d'Abomey Calavi;6.416319;2.340168;https://www.openstreetmap.org/node/4401314589;cartographie collaborative (OSM);nom : école supérieure / institut
a_preciser;indetermine;GANSOSSO;;non_indique;Kandi;Alibori;;11.132143;2.926550;https://www.openstreetmap.org/node/4402497493;cartographie collaborative (OSM);aucun indice fiable
primaire;ecole_primaire;EPP GANSOSSO;;public;Kandi;Alibori;;11.131639;2.928152;https://www.openstreetmap.org/node/4402557189;cartographie collaborative (OSM);nom : école primaire
secondaire_general;college;Collège Châteaubriand;;non_indique;Cotonou;Littoral;;6.364008;2.409321;https://www.openstreetmap.org/node/4403052125;cartographie collaborative (OSM);nom : collège
secondaire_general;ceg;CEG La verdure;;public;Abomey-Calavi;Atlantique;;6.456950;2.283198;https://www.openstreetmap.org/node/4403223584;cartographie collaborative (OSM);nom : CEG
superieur;universite;Université Virtuelle Africaine (UVA);;non_indique;Abomey-Calavi;Atlantique;;6.416288;2.340197;https://www.openstreetmap.org/node/4403228628;cartographie collaborative (OSM);nom : université
superieur;enseignement_superieur;HECM;;non_indique;Abomey-Calavi;Atlantique;;6.470694;2.356591;https://www.openstreetmap.org/node/4403415323;cartographie collaborative (OSM);nom : école supérieure / institut
a_preciser;complexe_scolaire;Complexe scolaire La perseverance;;non_indique;Abomey-Calavi;Atlantique;;6.457642;2.345418;https://www.openstreetmap.org/node/4431339242;cartographie collaborative (OSM);nom : complexe / groupe scolaire
a_preciser;indetermine;(sans nom);;non_indique;Abomey-Calavi;Atlantique;;6.463696;2.346067;https://www.openstreetmap.org/node/4431340199;cartographie collaborative (OSM);aucun indice fiable
primaire;ecole_primaire;Ecole Primaire;;non_indique;Sinendé;Borgou;;10.373237;2.401001;https://www.openstreetmap.org/node/4443708192;cartographie collaborative (OSM);nom : école primaire
a_preciser;indetermine;(sans nom);;non_indique;Cotonou;Littoral;;6.362834;2.431189;https://www.openstreetmap.org/node/4494722788;cartographie collaborative (OSM);aucun indice fiable
primaire;ecole_primaire;Ecole primaire La Volonté de Dieu;;non_indique;Abomey-Calavi;Atlantique;;6.354082;2.273838;https://www.openstreetmap.org/node/4501133229;cartographie collaborative (OSM);nom : école primaire
a_preciser;indetermine;(sans nom);;non_indique;Zè;Atlantique;;6.723334;2.290520;https://www.openstreetmap.org/node/4504128634;cartographie collaborative (OSM);aucun indice fiable
secondaire_general;ceg;CEG Attakè;;public;Savalou;Collines;;7.970752;1.983181;https://www.openstreetmap.org/node/4508195756;cartographie collaborative (OSM);nom : CEG
secondaire_general;ceg;CEG Malanhoui;;public;Adjarra;Ouémé;;6.490083;2.664668;https://www.openstreetmap.org/node/4508195757;cartographie collaborative (OSM);nom : CEG
a_preciser;complexe_scolaire;Complexe scolaire Lokossa centre;;non_indique;Lokossa;Mono;;6.632364;1.712437;https://www.openstreetmap.org/node/4508195759;cartographie collaborative (OSM);nom : complexe / groupe scolaire
a_preciser;complexe_scolaire;Complexe scolaire Tchikomey;;non_indique;Lokossa;Mono;;6.624781;1.710400;https://www.openstreetmap.org/node/4508195760;cartographie collaborative (OSM);nom : complexe / groupe scolaire
a_preciser;indetermine;École Primaire Publique Cococodji II;;public;Abomey-Calavi;Atlantique;;6.383728;2.275515;https://www.openstreetmap.org/node/4510964036;cartographie collaborative (OSM);aucun indice fiable
a_preciser;complexe_scolaire;Complexe Scolaire prodige de l'Eternel;;non_indique;Abomey-Calavi;Atlantique;;6.385092;2.258598;https://www.openstreetmap.org/node/4512360322;cartographie collaborative (OSM);nom : complexe / groupe scolaire
a_preciser;indetermine;CS Élitaire de Womey;;non_indique;Abomey-Calavi;Atlantique;;6.416507;2.312262;https://www.openstreetmap.org/node/4516597189;cartographie collaborative (OSM);aucun indice fiable
a_preciser;complexe_scolaire;Complexe Scolaire TCHIAKPE FENONMANDEGBE;;non_indique;Abomey-Calavi;Atlantique;;6.378140;2.274678;https://www.openstreetmap.org/node/4520281782;cartographie collaborative (OSM);nom : complexe / groupe scolaire
a_preciser;indetermine;ITA OBA;;non_indique;Kétou;Plateau;;7.482636;2.717819;https://www.openstreetmap.org/node/4535542585;cartographie collaborative (OSM);aucun indice fiable
a_preciser;indetermine;école primaire d'Ogobaï;;non_indique;Kétou;Plateau;;7.391652;2.538358;https://www.openstreetmap.org/node/4535548018;cartographie collaborative (OSM);aucun indice fiable
primaire;ecole_primaire;EPP Isselou;;public;Kétou;Plateau;;7.478122;2.735902;https://www.openstreetmap.org/node/4535576337;cartographie collaborative (OSM);nom : école primaire
a_preciser;indetermine;CSP chez petit mémé;;non_indique;Kétou;Plateau;;7.366592;2.617205;https://www.openstreetmap.org/node/4535576401;cartographie collaborative (OSM);aucun indice fiable
primaire;ecole_primaire;EPP Illara Béninois;;public;Kétou;Plateau;;7.413974;2.738522;https://www.openstreetmap.org/node/4535585492;cartographie collaborative (OSM);nom : école primaire
secondaire_general;ceg;CEG Illikimou;;public;Kétou;Plateau;;7.453511;2.731715;https://www.openstreetmap.org/node/4535590255;cartographie collaborative (OSM);nom : CEG
primaire;ecole_primaire;EPP Oké Ola;;public;Kétou;Plateau;;7.284022;2.572300;https://www.openstreetmap.org/node/4535593912;cartographie collaborative (OSM);nom : école primaire
secondaire_general;ceg;CEG Illara;;public;Kétou;Plateau;;7.406028;2.733792;https://www.openstreetmap.org/node/4535596523;cartographie collaborative (OSM);nom : CEG
primaire;ecole_primaire;EPP Igadji;;public;Kétou;Plateau;;7.386171;2.648864;https://www.openstreetmap.org/node/4535607184;cartographie collaborative (OSM);nom : école primaire
primaire;ecole_primaire;EPP Okpomèta;;public;Kétou;Plateau;;7.396178;2.670615;https://www.openstreetmap.org/node/4535607185;cartographie collaborative (OSM);nom : école primaire
primaire;ecole_primaire;EPP Gangnignon;;public;Kétou;Plateau;;7.323357;2.580050;https://www.openstreetmap.org/node/4535608362;cartographie collaborative (OSM);nom : école primaire
primaire;ecole_primaire;epp agounli pahou;;public;Kétou;Plateau;;7.590250;2.483070;https://www.openstreetmap.org/node/4535612093;cartographie collaborative (OSM);nom : école primaire
a_preciser;indetermine;Evega;;non_indique;Kétou;Plateau;;7.294111;2.590703;https://www.openstreetmap.org/node/4535613363;cartographie collaborative (OSM);aucun indice fiable
primaire;ecole_primaire;Ecole primaire publique Obatèdo;;public;Kétou;Plateau;;7.415463;2.697297;https://www.openstreetmap.org/node/4535626846;cartographie collaborative (OSM);nom : école primaire
primaire;ecole_primaire;EPP Oichada Akpo;;public;Kétou;Plateau;;7.418385;2.711298;https://www.openstreetmap.org/node/4535632138;cartographie collaborative (OSM);nom : école primaire
primaire;ecole_primaire;epp zoukou;;public;Kétou;Plateau;;7.373898;2.502558;https://www.openstreetmap.org/node/4535637540;cartographie collaborative (OSM);nom : école primaire
primaire;ecole_primaire;epp sodji;;public;Kétou;Plateau;;7.408121;2.509187;https://www.openstreetmap.org/node/4535643872;cartographie collaborative (OSM);nom : école primaire
primaire;ecole_primaire;EPP Kpankou;;public;Kétou;Plateau;;7.330549;2.587877;https://www.openstreetmap.org/node/4535663710;cartographie collaborative (OSM);nom : école primaire
secondaire_general;ceg;CEG Illèchin;;public;Kétou;Plateau;;7.420052;2.715333;https://www.openstreetmap.org/node/4535677934;cartographie collaborative (OSM);nom : CEG
secondaire_general;ceg;CEG Omou;;public;Kétou;Plateau;;7.458265;2.656661;https://www.openstreetmap.org/node/4535706950;cartographie collaborative (OSM);nom : CEG
a_preciser;complexe_scolaire;Complexe Scolaire Privé l gloire divine;;prive;Kétou;Plateau;;7.653914;2.669577;https://www.openstreetmap.org/node/4535706953;cartographie collaborative (OSM);nom : complexe / groupe scolaire
primaire;ecole_primaire;EPP Alaye;;public;Kétou;Plateau;;7.436265;2.640287;https://www.openstreetmap.org/node/4535706955;cartographie collaborative (OSM);nom : école primaire
primaire;ecole_primaire;EPP Awaya;;public;Kétou;Plateau;;7.586036;2.657173;https://www.openstreetmap.org/node/4535706956;cartographie collaborative (OSM);nom : école primaire
primaire;ecole_primaire;EPP Effèoutè;;public;Kétou;Plateau;;7.647370;2.676977;https://www.openstreetmap.org/node/4535706957;cartographie collaborative (OSM);nom : école primaire
primaire;ecole_primaire;EPP Ikoko;;public;Kétou;Plateau;;7.453402;2.626314;https://www.openstreetmap.org/node/4535706959;cartographie collaborative (OSM);nom : école primaire
primaire;ecole_primaire;EPP Iwesoun;;public;Kétou;Plateau;;7.608900;2.663415;https://www.openstreetmap.org/node/4535706960;cartographie collaborative (OSM);nom : école primaire
primaire;ecole_primaire;EPP Omou;;public;Kétou;Plateau;;7.455856;2.652922;https://www.openstreetmap.org/node/4535706963;cartographie collaborative (OSM);nom : école primaire
superieur;universite;Site universitaire de kétou;;non_indique;Kétou;Plateau;;7.401851;2.627638;https://www.openstreetmap.org/node/4535706983;cartographie collaborative (OSM);nom : université
a_preciser;indetermine;(sans nom);;non_indique;Kétou;Plateau;EPP Emèda;7.503016;2.644546;https://www.openstreetmap.org/node/4535706987;cartographie collaborative (OSM);aucun indice fiable
primaire;ecole_primaire;epp ôta-kota;;public;Kétou;Plateau;;7.341795;2.520787;https://www.openstreetmap.org/node/4535709057;cartographie collaborative (OSM);nom : école primaire
primaire;ecole_primaire;epp ichohou;;public;Kétou;Plateau;;7.331113;2.523190;https://www.openstreetmap.org/node/4535716034;cartographie collaborative (OSM);nom : école primaire
primaire;ecole_primaire;epp aguidi;;public;Kétou;Plateau;;7.314059;2.527527;https://www.openstreetmap.org/node/4535719658;cartographie collaborative (OSM);nom : école primaire
secondaire_general;ceg;CEG 2 kpankou;;public;Kétou;Plateau;;7.308744;2.523287;https://www.openstreetmap.org/node/4535725202;cartographie collaborative (OSM);nom : CEG
primaire;ecole_primaire;epp ayekou;;public;Kétou;Plateau;;7.305183;2.507923;https://www.openstreetmap.org/node/4535728168;cartographie collaborative (OSM);nom : école primaire
primaire;ecole_primaire;EPP Illikimou;;public;Kétou;Plateau;;7.454300;2.742212;https://www.openstreetmap.org/node/4535732987;cartographie collaborative (OSM);nom : école primaire
primaire;ecole_primaire;EPP Illèchin;;public;Kétou;Plateau;;7.433592;2.711163;https://www.openstreetmap.org/node/4535732988;cartographie collaborative (OSM);nom : école primaire
a_preciser;indetermine;Centre de santé Gbanago;;non_indique;Kétou;Plateau;;7.202755;2.604897;https://www.openstreetmap.org/node/4535767094;cartographie collaborative (OSM);aucun indice fiable
secondaire_general;ceg;Collège d'Enseignement Général Odomèta;;non_indique;Kétou;Plateau;;7.235618;2.661585;https://www.openstreetmap.org/node/4535767097;cartographie collaborative (OSM);nom : CEG
a_preciser;complexe_scolaire;Complexe scolaire privé Baobab;;prive;Kétou;Plateau;;7.344367;2.613753;https://www.openstreetmap.org/node/4535767098;cartographie collaborative (OSM);nom : complexe / groupe scolaire
a_preciser;complexe_scolaire;Complexe scolaire privé Calvaire;;prive;Kétou;Plateau;;7.339043;2.615400;https://www.openstreetmap.org/node/4535767099;cartographie collaborative (OSM);nom : complexe / groupe scolaire
a_preciser;complexe_scolaire;Complexe scolaire privé Excellence;;prive;Kétou;Plateau;;7.343952;2.611612;https://www.openstreetmap.org/node/4535767100;cartographie collaborative (OSM);nom : complexe / groupe scolaire
a_preciser;complexe_scolaire;Complexe scolaire privé La maman;;prive;Kétou;Plateau;;7.353628;2.609912;https://www.openstreetmap.org/node/4535767101;cartographie collaborative (OSM);nom : complexe / groupe scolaire
a_preciser;complexe_scolaire;Complexe scolaire privé Le mérite;;prive;Kétou;Plateau;;7.350500;2.612947;https://www.openstreetmap.org/node/4535767102;cartographie collaborative (OSM);nom : complexe / groupe scolaire
a_preciser;complexe_scolaire;Complexe scolaire privé Les lucioles;;prive;Kétou;Plateau;;7.339130;2.618765;https://www.openstreetmap.org/node/4535767103;cartographie collaborative (OSM);nom : complexe / groupe scolaire
primaire;ecole_primaire;EPP Atchoubi;;public;Kétou;Plateau;;7.349738;2.609068;https://www.openstreetmap.org/node/4535767106;cartographie collaborative (OSM);nom : école primaire
primaire;ecole_primaire;Ecole primaire publique Bolorunfè;;public;Kétou;Plateau;;7.240133;2.638142;https://www.openstreetmap.org/node/4535767107;cartographie collaborative (OSM);nom : école primaire
primaire;ecole_primaire;Ecole primaire publique Gbanago;;public;Kétou;Plateau;;7.200333;2.599985;https://www.openstreetmap.org/node/4535767108;cartographie collaborative (OSM);nom : école primaire
primaire;ecole_primaire;Ecole primaire publique Igboewe;;public;Kétou;Plateau;;7.208758;2.634958;https://www.openstreetmap.org/node/4535767109;cartographie collaborative (OSM);nom : école primaire
primaire;ecole_primaire;Ecole primaire publique Odométa;;public;Kétou;Plateau;;7.208570;2.644913;https://www.openstreetmap.org/node/4535767110;cartographie collaborative (OSM);nom : école primaire
primaire;ecole_primaire;EPP Oke-odo;;public;Kétou;Plateau;;7.231573;2.646442;https://www.openstreetmap.org/node/4535767111;cartographie collaborative (OSM);nom : école primaire
primaire;ecole_primaire;Ecole Primaire Publique de Kpankou;;public;Kétou;Plateau;;7.329817;2.586804;https://www.openstreetmap.org/node/4540063994;cartographie collaborative (OSM);nom : école primaire
a_preciser;indetermine;CS Élitaire do Womey;;non_indique;Abomey-Calavi;Atlantique;;6.412603;2.314043;https://www.openstreetmap.org/node/4541302395;cartographie collaborative (OSM);aucun indice fiable
a_preciser;indetermine;(sans nom);;non_indique;Kétou;Plateau;;7.414987;2.740544;https://www.openstreetmap.org/node/4543379258;cartographie collaborative (OSM);aucun indice fiable
a_preciser;indetermine;CS Davi-Mathieu;;non_indique;Abomey-Calavi;Atlantique;;6.518139;2.358851;https://www.openstreetmap.org/node/4555392672;cartographie collaborative (OSM);aucun indice fiable
a_preciser;indetermine;CS de Calavi1;;non_indique;Abomey-Calavi;Atlantique;;6.486099;2.343422;https://www.openstreetmap.org/node/4555392673;cartographie collaborative (OSM);aucun indice fiable
a_preciser;indetermine;CS le Propulseur;;non_indique;Abomey-Calavi;Atlantique;;6.506034;2.367341;https://www.openstreetmap.org/node/4555392674;cartographie collaborative (OSM);aucun indice fiable
a_preciser;indetermine;CS les merveilles (annexe de Missésinto;;non_indique;Abomey-Calavi;Atlantique;;6.520672;2.358548;https://www.openstreetmap.org/node/4555392675;cartographie collaborative (OSM);aucun indice fiable
a_preciser;indetermine;CS ton avenir;;non_indique;Abomey-Calavi;Atlantique;;6.518583;2.361389;https://www.openstreetmap.org/node/4555392676;cartographie collaborative (OSM);aucun indice fiable
primaire;ecole_primaire;EPP Missésinto;;public;Abomey-Calavi;Atlantique;;6.514775;2.364757;https://www.openstreetmap.org/node/4555392685;cartographie collaborative (OSM);nom : école primaire
primaire;ecole_primaire;EPP Zoundja;;public;Abomey-Calavi;Atlantique;;6.486220;2.342266;https://www.openstreetmap.org/node/4555392686;cartographie collaborative (OSM);nom : école primaire
a_preciser;indetermine;CS Meilleure Semence;;non_indique;Abomey-Calavi;Atlantique;;6.479693;2.342466;https://www.openstreetmap.org/node/4555393196;cartographie collaborative (OSM);aucun indice fiable
a_preciser;indetermine;CS Saint Mauriack;;confessionnel;Abomey-Calavi;Atlantique;;6.513064;2.325119;https://www.openstreetmap.org/node/4555393197;cartographie collaborative (OSM);aucun indice fiable
a_preciser;indetermine;CS Sainte Elisabeth de Lima;;confessionnel;Abomey-Calavi;Atlantique;;6.479175;2.336861;https://www.openstreetmap.org/node/4555393198;cartographie collaborative (OSM);aucun indice fiable
a_preciser;indetermine;Complexe Divine Fraternité;;non_indique;Abomey-Calavi;Atlantique;;6.477864;2.332239;https://www.openstreetmap.org/node/4555393201;cartographie collaborative (OSM);aucun indice fiable
a_preciser;indetermine;Complexe Fraternité Excelence;;non_indique;Abomey-Calavi;Atlantique;;6.476684;2.334144;https://www.openstreetmap.org/node/4555393202;cartographie collaborative (OSM);aucun indice fiable
a_preciser;indetermine;Cours Maternel la meilleure semence;;non_indique;Abomey-Calavi;Atlantique;;6.480492;2.342827;https://www.openstreetmap.org/node/4555393203;cartographie collaborative (OSM);aucun indice fiable
maternel;ecole_maternelle;Crèche Fènou;;non_indique;Abomey-Calavi;Atlantique;;6.483201;2.340360;https://www.openstreetmap.org/node/4555393204;cartographie collaborative (OSM);attribut amenity=kindergarten
maternel;ecole_maternelle;Crèche Garderie jadin des Anges;;non_indique;Abomey-Calavi;Atlantique;;6.503093;2.350489;https://www.openstreetmap.org/node/4555393205;cartographie collaborative (OSM);attribut amenity=kindergarten
maternel;ecole_maternelle;Garderie et Maternelle le Savoir;;non_indique;Abomey-Calavi;Atlantique;;6.478461;2.343439;https://www.openstreetmap.org/node/4555393207;cartographie collaborative (OSM);nom : maternelle
a_preciser;indetermine;Les écoles Monseigneur Melchior de Marion Bresillac;;non_indique;Abomey-Calavi;Atlantique;;6.499505;2.350997;https://www.openstreetmap.org/node/4555393209;cartographie collaborative (OSM);aucun indice fiable
primaire;ecole_primaire;EPP Houeke Honou;;public;Abomey-Calavi;Atlantique;;6.497327;2.365231;https://www.openstreetmap.org/node/4555398379;cartographie collaborative (OSM);nom : école primaire
maternel;ecole_maternelle;Garderie Baby care Bidossessi;;non_indique;Abomey-Calavi;Atlantique;;6.502353;2.361056;https://www.openstreetmap.org/node/4555398380;cartographie collaborative (OSM);attribut amenity=kindergarten
a_preciser;indetermine;Green leaf international school;;non_indique;Abomey-Calavi;Atlantique;;6.485484;2.360082;https://www.openstreetmap.org/node/4555410867;cartographie collaborative (OSM);aucun indice fiable
secondaire_general;ceg;CEG Adjagbo;;public;Abomey-Calavi;Atlantique;;6.530032;2.330237;https://www.openstreetmap.org/node/4555414279;cartographie collaborative (OSM);nom : CEG
a_preciser;indetermine;CS Exellentia Lux Bernadette;;non_indique;Abomey-Calavi;Atlantique;;6.527685;2.333636;https://www.openstreetmap.org/node/4555414280;cartographie collaborative (OSM);aucun indice fiable
a_preciser;indetermine;CS Marielle;;non_indique;Abomey-Calavi;Atlantique;;6.532096;2.340346;https://www.openstreetmap.org/node/4555414281;cartographie collaborative (OSM);aucun indice fiable
a_preciser;indetermine;CS ST Tranquilin Marcel;;non_indique;Abomey-Calavi;Atlantique;;6.532472;2.339624;https://www.openstreetmap.org/node/4555414282;cartographie collaborative (OSM);aucun indice fiable
a_preciser;indetermine;CS la virgilance;;non_indique;Abomey-Calavi;Atlantique;;6.522246;2.345357;https://www.openstreetmap.org/node/4555414283;cartographie collaborative (OSM);aucun indice fiable
a_preciser;indetermine;CS sainte Yvonne;;confessionnel;Abomey-Calavi;Atlantique;;6.492817;2.338879;https://www.openstreetmap.org/node/4555414284;cartographie collaborative (OSM);aucun indice fiable
a_preciser;indetermine;École Polytechnique des génies;;non_indique;Abomey-Calavi;Atlantique;;6.492355;2.351137;https://www.openstreetmap.org/node/4555419891;cartographie collaborative (OSM);aucun indice fiable
a_preciser;indetermine;CS Ethito;;non_indique;Abomey-Calavi;Atlantique;;6.508047;2.315452;https://www.openstreetmap.org/node/4555434546;cartographie collaborative (OSM);aucun indice fiable
a_preciser;indetermine;CS Etoile Polaire;;non_indique;Abomey-Calavi;Atlantique;;6.504920;2.314621;https://www.openstreetmap.org/node/4555434547;cartographie collaborative (OSM);aucun indice fiable
a_preciser;indetermine;CS la percée divine;;non_indique;Abomey-Calavi;Atlantique;;6.522082;2.325292;https://www.openstreetmap.org/node/4555434548;cartographie collaborative (OSM);aucun indice fiable
a_preciser;indetermine;CS le Fléon;;non_indique;Abomey-Calavi;Atlantique;;6.517813;2.317468;https://www.openstreetmap.org/node/4555434549;cartographie collaborative (OSM);aucun indice fiable
a_preciser;indetermine;CS les Zénith;;non_indique;Abomey-Calavi;Atlantique;;6.525870;2.326126;https://www.openstreetmap.org/node/4555434550;cartographie collaborative (OSM);aucun indice fiable
primaire;ecole_primaire;EPP Dome-Atadjè;;public;Abomey-Calavi;Atlantique;;6.522903;2.324251;https://www.openstreetmap.org/node/4555434553;cartographie collaborative (OSM);nom : école primaire
primaire;ecole_primaire;EPP Kansoukpa;;public;Abomey-Calavi;Atlantique;;6.505015;2.317708;https://www.openstreetmap.org/node/4555434554;cartographie collaborative (OSM);nom : école primaire
a_preciser;indetermine;CS Ethique Morale;;non_indique;Abomey-Calavi;Atlantique;;6.495511;2.352694;https://www.openstreetmap.org/node/4555440745;cartographie collaborative (OSM);aucun indice fiable
superieur;enseignement_superieur;FLASH - Faculté des Lettres, Arts et Sciences Humaines;;non_indique;Parakou;Borgou;Université de Parakou - Centre universitaire de Parakou;9.338197;2.647135;https://www.openstreetmap.org/node/4557444888;cartographie collaborative (OSM);nom : école supérieure / institut
superieur;enseignement_superieur;LARDES - Laboratoire d'Analyses et de Recherches sur les Dynamiques Economiques et Sociales (Faculté d'Agronomie);;non_indique;Parakou;Borgou;Université de Parakou - Centre universitaire de Parakou;9.338166;2.647188;https://www.openstreetmap.org/node/4557445089;cartographie collaborative (OSM);nom : école supérieure / institut
superieur;enseignement_superieur;Haute Ecole de Commerce et de Management;;prive;Cotonou;Littoral;;6.375069;2.422789;https://www.openstreetmap.org/node/4563410378;cartographie collaborative (OSM);nom : école supérieure / institut
maternel;ecole_maternelle;École Maternelle Publique Gbéto Cotonou Lagune;;public;Cotonou;Littoral;;6.358998;2.427608;https://www.openstreetmap.org/node/4586778592;cartographie collaborative (OSM);nom : maternelle
primaire;ecole_primaire;Ecole Primaire Djèminkotomin;;non_indique;Allada;Atlantique;;6.678472;2.165343;https://www.openstreetmap.org/node/4621051386;cartographie collaborative (OSM);nom : école primaire
a_preciser;complexe_scolaire;Complexe scolaire privé Ayé Fèlè;;prive;Kétou;Plateau;;7.353788;2.598795;https://www.openstreetmap.org/node/4639709628;cartographie collaborative (OSM);nom : complexe / groupe scolaire
primaire;ecole_primaire;Ecole primaire publique Idenan;;public;Kétou;Plateau;;7.370900;2.602585;https://www.openstreetmap.org/node/4639748967;cartographie collaborative (OSM);nom : école primaire
primaire;ecole_primaire;EPP Kpèkpè;;public;Kétou;Plateau;;7.445175;2.646328;https://www.openstreetmap.org/node/4639865897;cartographie collaborative (OSM);nom : école primaire
primaire;ecole_primaire;EPP Ayetèdjou;;public;Kétou;Plateau;;7.246533;2.555732;https://www.openstreetmap.org/node/4643948411;cartographie collaborative (OSM);nom : école primaire
primaire;ecole_primaire;EPP Igbo-olojoumaré;;public;Kétou;Plateau;;7.243417;2.591038;https://www.openstreetmap.org/node/4643948412;cartographie collaborative (OSM);nom : école primaire
primaire;ecole_primaire;EPP Owode;;public;Kétou;Plateau;;7.284934;2.554154;https://www.openstreetmap.org/node/4643948413;cartographie collaborative (OSM);nom : école primaire
primaire;ecole_primaire;Epp Mowodani;;public;Kétou;Plateau;;7.263184;2.541480;https://www.openstreetmap.org/node/4643948414;cartographie collaborative (OSM);nom : école primaire
secondaire_general;ceg;CEG Odomèta;;public;Kétou;Plateau;;7.235812;2.661470;https://www.openstreetmap.org/node/4644002952;cartographie collaborative (OSM);nom : CEG
primaire;ecole_primaire;EPP Atan-ochoukpa;;public;Kétou;Plateau;;7.241128;2.665743;https://www.openstreetmap.org/node/4644002953;cartographie collaborative (OSM);nom : école primaire
primaire;ecole_primaire;EPP Igbo-èlèwoun;;public;Kétou;Plateau;;7.281028;2.680673;https://www.openstreetmap.org/node/4644002954;cartographie collaborative (OSM);nom : école primaire
secondaire_general;ceg;CEG Ewe;;public;Kétou;Plateau;;7.441374;2.585663;https://www.openstreetmap.org/node/4644177097;cartographie collaborative (OSM);nom : CEG
a_preciser;indetermine;CSP le répère;;non_indique;Kétou;Plateau;;7.451858;2.566752;https://www.openstreetmap.org/node/4644177098;cartographie collaborative (OSM);aucun indice fiable
a_preciser;indetermine;CSP les éco du savoir de Ewe;;non_indique;Kétou;Plateau;;7.444494;2.587111;https://www.openstreetmap.org/node/4644177099;cartographie collaborative (OSM);aucun indice fiable
primaire;ecole_primaire;EPP Ewe;;public;Kétou;Plateau;;7.452452;2.586096;https://www.openstreetmap.org/node/4644177103;cartographie collaborative (OSM);nom : école primaire
primaire;ecole_primaire;EPP Ohizihan;;public;Kétou;Plateau;;7.497208;2.607965;https://www.openstreetmap.org/node/4644177104;cartographie collaborative (OSM);nom : école primaire
primaire;ecole_primaire;EPP d'Adaplamè;;public;Kétou;Plateau;;7.453109;2.564871;https://www.openstreetmap.org/node/4644177105;cartographie collaborative (OSM);nom : école primaire
maternel;ecole_maternelle;Ecole maternelle d'Adaplamè;;non_indique;Kétou;Plateau;;7.452312;2.565250;https://www.openstreetmap.org/node/4644177106;cartographie collaborative (OSM);nom : maternelle
maternel;ecole_maternelle;Ecole maternelle d'Ewe;;non_indique;Kétou;Plateau;;7.451887;2.585992;https://www.openstreetmap.org/node/4644177107;cartographie collaborative (OSM);nom : maternelle
primaire;ecole_primaire;EPP Dogo;;public;Kétou;Plateau;;7.542428;2.616654;https://www.openstreetmap.org/node/4644192324;cartographie collaborative (OSM);nom : école primaire
secondaire_general;ceg;CEG Adigoun;;public;Kétou;Plateau;;7.534142;2.645959;https://www.openstreetmap.org/node/4649685744;cartographie collaborative (OSM);nom : CEG
secondaire_general;ceg;CEG Effèoutè;;public;Kétou;Plateau;;7.642625;2.682347;https://www.openstreetmap.org/node/4649685745;cartographie collaborative (OSM);nom : CEG
primaire;ecole_primaire;EPP Adigoun;;public;Kétou;Plateau;;7.545011;2.651400;https://www.openstreetmap.org/node/4649685748;cartographie collaborative (OSM);nom : école primaire
primaire;ecole_primaire;EPP Mosounkagbé;;public;Kétou;Plateau;;7.568718;2.663080;https://www.openstreetmap.org/node/4649685749;cartographie collaborative (OSM);nom : école primaire
primaire;ecole_primaire;EPP Igbo-iloukan;;public;Kétou;Plateau;;7.484918;2.682943;https://www.openstreetmap.org/node/4649687098;cartographie collaborative (OSM);nom : école primaire
primaire;ecole_primaire;EPP Imolè-ayo;;public;Kétou;Plateau;;7.465719;2.667412;https://www.openstreetmap.org/node/4649687111;cartographie collaborative (OSM);nom : école primaire
a_preciser;indetermine;CSP la mémoire de Kétou;;non_indique;Kétou;Plateau;;7.366048;2.624856;https://www.openstreetmap.org/node/4666300214;cartographie collaborative (OSM);aucun indice fiable
primaire;ecole_primaire;Ecole primaire publique nouveau pont;;public;Cotonou;Littoral;;6.367043;2.435998;https://www.openstreetmap.org/node/4677351631;cartographie collaborative (OSM);nom : école primaire
secondaire_general;college;Collège d’Enseignement Général Kansounkpa;;public;Abomey-Calavi;Atlantique;;6.493600;2.321261;https://www.openstreetmap.org/node/4684366049;cartographie collaborative (OSM);nom : collège
a_preciser;complexe_scolaire;Complexe Scolaire Calavi Centre;;public;Abomey-Calavi;Atlantique;;6.455014;2.357440;https://www.openstreetmap.org/node/4684366050;cartographie collaborative (OSM);nom : complexe / groupe scolaire
a_preciser;complexe_scolaire;Complexe Scolaire Calavi Quartier;;public;Abomey-Calavi;Atlantique;;6.446976;2.352838;https://www.openstreetmap.org/node/4684366051;cartographie collaborative (OSM);nom : complexe / groupe scolaire
a_preciser;complexe_scolaire;Complexe scolaire Gbodjo;;public;Abomey-Calavi;Atlantique;;6.470953;2.358270;https://www.openstreetmap.org/node/4684366052;cartographie collaborative (OSM);nom : complexe / groupe scolaire
a_preciser;indetermine;École Primaire Publique Agori Forêt;;public;Abomey-Calavi;Atlantique;;6.438557;2.327077;https://www.openstreetmap.org/node/4684366053;cartographie collaborative (OSM);aucun indice fiable
a_preciser;indetermine;École Primaire Publique Sedonou Zogbadje;;public;Abomey-Calavi;Atlantique;;6.425498;2.335332;https://www.openstreetmap.org/node/4684366054;cartographie collaborative (OSM);aucun indice fiable
a_preciser;indetermine;École Primaire Publique Tankpè;;public;Abomey-Calavi;Atlantique;;6.423275;2.323960;https://www.openstreetmap.org/node/4684366055;cartographie collaborative (OSM);aucun indice fiable
a_preciser;indetermine;École Primaire Publique Zogbadje;;public;Abomey-Calavi;Atlantique;;6.434837;2.339281;https://www.openstreetmap.org/node/4684366056;cartographie collaborative (OSM);aucun indice fiable
a_preciser;indetermine;École primaire publique Agamadin;;public;Abomey-Calavi;Atlantique;;6.460727;2.360407;https://www.openstreetmap.org/node/4684366057;cartographie collaborative (OSM);aucun indice fiable
a_preciser;indetermine;École primaire publique Aitchedji Makinsa;;public;Abomey-Calavi;Atlantique;;6.456742;2.335789;https://www.openstreetmap.org/node/4684366058;cartographie collaborative (OSM);aucun indice fiable
a_preciser;indetermine;École primaire publique Yelognissè;;public;Abomey-Calavi;Atlantique;;6.461296;2.326306;https://www.openstreetmap.org/node/4684366059;cartographie collaborative (OSM);aucun indice fiable
a_preciser;indetermine;École primaire publique Zoundja 2;;public;Abomey-Calavi;Atlantique;;6.487166;2.326289;https://www.openstreetmap.org/node/4684366060;cartographie collaborative (OSM);aucun indice fiable
primaire;ecole_primaire;Ecole primaire privée COGITO;;prive;Abomey-Calavi;Atlantique;;6.384631;2.275648;https://www.openstreetmap.org/node/4713191668;cartographie collaborative (OSM);nom : école primaire
maternel;ecole_maternelle;La cité;;non_indique;Abomey-Calavi;Atlantique;;6.478157;2.355903;https://www.openstreetmap.org/node/4719287271;cartographie collaborative (OSM);attribut amenity=kindergarten
primaire;ecole_primaire;Ecole Primaire Publique Volly;;public;Bohicon;Zou;;7.144770;2.065002;https://www.openstreetmap.org/node/4729910696;cartographie collaborative (OSM);nom : école primaire
a_preciser;indetermine;(sans nom);;non_indique;Houéyogbé;Mono;;6.528533;1.818376;https://www.openstreetmap.org/node/4741169234;cartographie collaborative (OSM);aucun indice fiable
a_preciser;indetermine;(sans nom);;non_indique;Houéyogbé;Mono;;6.552617;1.818940;https://www.openstreetmap.org/node/4741169235;cartographie collaborative (OSM);aucun indice fiable
primaire;ecole_primaire;EPP;;public;Ouèssè;Collines;;8.567066;2.601307;https://www.openstreetmap.org/node/4770242206;cartographie collaborative (OSM);nom : école primaire
a_preciser;indetermine;École Primaire Privée Les Lapereaux;;prive;Natitingou;Atacora;;10.290522;1.384602;https://www.openstreetmap.org/node/4788042425;cartographie collaborative (OSM);aucun indice fiable
secondaire_general;college;Collège Privé Les Élites;;prive;Natitingou;Atacora;;10.290588;1.384372;https://www.openstreetmap.org/node/4788058322;cartographie collaborative (OSM);nom : collège
technique_et_formation;centre_formation;Centre de formation professionnelle des enseignants de la maternelle et du primaire;;non_indique;Cotonou;Littoral;;6.363661;2.411899;https://www.openstreetmap.org/node/4823885921;cartographie collaborative (OSM);nom : centre de formation
primaire;ecole_primaire;EPP Setcheniga;;public;Matéri;Atacora;;10.929123;1.025400;https://www.openstreetmap.org/node/4845691622;cartographie collaborative (OSM);nom : école primaire
primaire;ecole_primaire;EPP Nouari;;public;Matéri;Atacora;;10.914460;1.071169;https://www.openstreetmap.org/node/4845699523;cartographie collaborative (OSM);nom : école primaire
a_preciser;indetermine;Tetes Bien Faites;;non_indique;Bohicon;Zou;;7.186030;2.063888;https://www.openstreetmap.org/node/4849539460;cartographie collaborative (OSM);aucun indice fiable
a_preciser;indetermine;La Trinité;;non_indique;Bohicon;Zou;;7.186173;2.064161;https://www.openstreetmap.org/node/4849541583;cartographie collaborative (OSM);aucun indice fiable
a_preciser;indetermine;Hélios;;non_indique;Bohicon;Zou;;7.181456;2.062597;https://www.openstreetmap.org/node/4849541967;cartographie collaborative (OSM);aucun indice fiable
a_preciser;indetermine;La matinière;;non_indique;Bohicon;Zou;;7.182452;2.061970;https://www.openstreetmap.org/node/4849542653;cartographie collaborative (OSM);aucun indice fiable
secondaire_general;ceg;CEG 2 Bohicon;;public;Bohicon;Zou;;7.198391;2.054707;https://www.openstreetmap.org/node/4849549201;cartographie collaborative (OSM);nom : CEG
primaire;ecole_primaire;Ecole Primaire Publique de Volly-Ahoualy;;public;Bohicon;Zou;;7.149937;2.063247;https://www.openstreetmap.org/node/4849586568;cartographie collaborative (OSM);nom : école primaire
a_preciser;indetermine;CSP La fontaine;;non_indique;Kétou;Plateau;;7.364167;2.594272;https://www.openstreetmap.org/node/4856347168;cartographie collaborative (OSM);aucun indice fiable
a_preciser;indetermine;CSP Mon beau village;;non_indique;Kétou;Plateau;Privé;7.357010;2.593993;https://www.openstreetmap.org/node/4856347169;cartographie collaborative (OSM);aucun indice fiable
a_preciser;indetermine;CSP Owolobi;;non_indique;Kétou;Plateau;;7.371467;2.595343;https://www.openstreetmap.org/node/4856347170;cartographie collaborative (OSM);aucun indice fiable
primaire;ecole_primaire;EPP Illèba;;public;Kétou;Plateau;;7.361516;2.593215;https://www.openstreetmap.org/node/4856347171;cartographie collaborative (OSM);nom : école primaire
a_preciser;indetermine;CSP Afrique Elite;;non_indique;Kétou;Plateau;;7.374707;2.604185;https://www.openstreetmap.org/node/4856523509;cartographie collaborative (OSM);aucun indice fiable
a_preciser;indetermine;CSP Ogo-Olouwa;;non_indique;Kétou;Plateau;;7.366738;2.599238;https://www.openstreetmap.org/node/4856523510;cartographie collaborative (OSM);aucun indice fiable
a_preciser;indetermine;CSP Wole Soyinka;;non_indique;Kétou;Plateau;;7.364879;2.597038;https://www.openstreetmap.org/node/4856523511;cartographie collaborative (OSM);aucun indice fiable
primaire;ecole_primaire;EPP Idenan;;public;Kétou;Plateau;;7.371710;2.602908;https://www.openstreetmap.org/node/4856523512;cartographie collaborative (OSM);nom : école primaire
primaire;ecole_primaire;EPP Oke-Bodé;;public;Kétou;Plateau;;7.372516;2.612338;https://www.openstreetmap.org/node/4856523513;cartographie collaborative (OSM);nom : école primaire
primaire;ecole_primaire;EPP Oloroun-Chogo;;public;Kétou;Plateau;;7.373443;2.597546;https://www.openstreetmap.org/node/4856523514;cartographie collaborative (OSM);nom : école primaire
maternel;ecole_maternelle;Ecole Maternelle d'Adigou;;non_indique;Kétou;Plateau;;7.543471;2.651430;https://www.openstreetmap.org/node/4856552999;cartographie collaborative (OSM);nom : maternelle
primaire;ecole_primaire;EPP Akpotokou;;public;Kétou;Plateau;;7.520865;2.707282;https://www.openstreetmap.org/node/4857427068;cartographie collaborative (OSM);nom : école primaire
superieur;universite;Site universitaire Agricole d'Idigny;;non_indique;Kétou;Plateau;;7.530204;2.703944;https://www.openstreetmap.org/node/4857427069;cartographie collaborative (OSM);nom : université
secondaire_general;ceg;CEG Idigny;;public;Kétou;Plateau;;7.459492;2.708086;https://www.openstreetmap.org/node/4857476678;cartographie collaborative (OSM);nom : CEG
primaire;ecole_primaire;EPP Idigny Centre;;public;Kétou;Plateau;;7.473299;2.713826;https://www.openstreetmap.org/node/4857476679;cartographie collaborative (OSM);nom : école primaire
primaire;ecole_primaire;EPPIdigny quartier;;non_indique;Kétou;Plateau;;7.484713;2.708543;https://www.openstreetmap.org/node/4857476680;cartographie collaborative (OSM);nom : école primaire
secondaire_general;ceg;CEG 1 de Kétou;;public;Kétou;Plateau;;7.360199;2.612872;https://www.openstreetmap.org/node/4857605410;cartographie collaborative (OSM);nom : CEG
maternel;ecole_maternelle;Ecole Maternelle de Ketou Centre;;non_indique;Kétou;Plateau;;7.358044;2.609083;https://www.openstreetmap.org/node/4857605413;cartographie collaborative (OSM);nom : maternelle
secondaire_general;ceg;CEG 3 Kétou;;public;Kétou;Plateau;;7.387497;2.602487;https://www.openstreetmap.org/node/4859372148;cartographie collaborative (OSM);nom : CEG
secondaire_general;ceg;CEG 2 Kétou;;public;Kétou;Plateau;;7.370762;2.578765;https://www.openstreetmap.org/node/4859375020;cartographie collaborative (OSM);nom : CEG
a_preciser;indetermine;CSP Oyingin;;non_indique;Kétou;Plateau;;7.357083;2.606038;https://www.openstreetmap.org/node/4860787850;cartographie collaborative (OSM);aucun indice fiable
secondaire_general;ceg;CEG 1 de Kpankou;;public;Kétou;Plateau;;7.324277;2.589427;https://www.openstreetmap.org/node/4860817599;cartographie collaborative (OSM);nom : CEG
primaire;ecole_primaire;EPP Idjou;;public;Kétou;Plateau;;7.369668;2.683009;https://www.openstreetmap.org/node/4869558693;cartographie collaborative (OSM);nom : école primaire
primaire;ecole_primaire;EPP Kossikou;;public;Kétou;Plateau;;7.422662;2.671287;https://www.openstreetmap.org/node/4869558694;cartographie collaborative (OSM);nom : école primaire
primaire;ecole_primaire;EPP Ofia;;public;Kétou;Plateau;;7.358790;2.652741;https://www.openstreetmap.org/node/4869558695;cartographie collaborative (OSM);nom : école primaire
primaire;ecole_primaire;EPP Ogounou;;public;Kétou;Plateau;;7.313803;2.715243;https://www.openstreetmap.org/node/4869558696;cartographie collaborative (OSM);nom : école primaire
primaire;ecole_primaire;EPP Ossokodjo;;public;Kétou;Plateau;;7.318488;2.662834;https://www.openstreetmap.org/node/4869558697;cartographie collaborative (OSM);nom : école primaire
maternel;ecole_maternelle;Maternelle de Kossikou;;non_indique;Kétou;Plateau;;7.422142;2.671487;https://www.openstreetmap.org/node/4869558702;cartographie collaborative (OSM);nom : maternelle
a_preciser;indetermine;CSP Alafia;;non_indique;Kétou;Plateau;;7.369451;2.615533;https://www.openstreetmap.org/node/4869582139;cartographie collaborative (OSM);aucun indice fiable
a_preciser;indetermine;CSP Droit du savoir;;non_indique;Kétou;Plateau;;7.372927;2.624186;https://www.openstreetmap.org/node/4869582140;cartographie collaborative (OSM);aucun indice fiable
primaire;ecole_primaire;EPP Akpanbaou;;public;Kétou;Plateau;;7.310585;2.618728;https://www.openstreetmap.org/node/4869612335;cartographie collaborative (OSM);nom : école primaire
primaire;ecole_primaire;EPP Agbossassa;;public;Kétou;Plateau;;7.588311;2.530502;https://www.openstreetmap.org/node/4869665794;cartographie collaborative (OSM);nom : école primaire
primaire;ecole_primaire;EPP Sabo;;public;Kétou;Plateau;;7.546375;2.596725;https://www.openstreetmap.org/node/4869665795;cartographie collaborative (OSM);nom : école primaire
a_preciser;indetermine;Ecole Pilote de Gnankpede;;non_indique;Kétou;Plateau;;7.452316;2.558890;https://www.openstreetmap.org/node/4869687602;cartographie collaborative (OSM);aucun indice fiable
primaire;ecole_primaire;EPP Ogélété;;public;Kétou;Plateau;;7.331850;2.739487;https://www.openstreetmap.org/node/4869707154;cartographie collaborative (OSM);nom : école primaire
primaire;ecole_primaire;EPP Chaboto;;public;Kétou;Plateau;;7.395097;2.714706;https://www.openstreetmap.org/node/4869715866;cartographie collaborative (OSM);nom : école primaire
primaire;ecole_primaire;EPP Tankou;;public;Kétou;Plateau;;7.342530;2.650682;https://www.openstreetmap.org/node/4869725647;cartographie collaborative (OSM);nom : école primaire
a_preciser;indetermine;CSP Espoir du Plateau;;non_indique;Kétou;Plateau;;7.346151;2.613116;https://www.openstreetmap.org/node/4869729600;cartographie collaborative (OSM);aucun indice fiable
superieur;enseignement_superieur;"Institut Polytechnique ""Le Citoyen"" (IPC)";;non_indique;Cotonou;Littoral;@nohevog1;6.360471;2.404852;https://www.openstreetmap.org/node/4873083134;cartographie collaborative (OSM);nom : école supérieure / institut
maternel;ecole_maternelle;École maternelle Fontaine d'Eveil;;non_indique;Abomey-Calavi;Atlantique;;6.439133;2.343681;https://www.openstreetmap.org/node/4883176662;cartographie collaborative (OSM);nom : maternelle
secondaire_general;ceg;CEG de Dasso;;public;Ouinhi;Zou;;7.030000;2.475833;https://www.openstreetmap.org/node/4885883332;cartographie collaborative (OSM);nom : CEG
secondaire_general;ceg;CEG de Ouinhi;;public;Ouinhi;Zou;;7.104167;2.515278;https://www.openstreetmap.org/node/4885883333;cartographie collaborative (OSM);nom : CEG
secondaire_general;ceg;CEG de Tohoues;;public;Ouinhi;Zou;;7.018333;2.422778;https://www.openstreetmap.org/node/4885883334;cartographie collaborative (OSM);nom : CEG
a_preciser;indetermine;CSP Bossa;;non_indique;Ouinhi;Zou;;7.000000;2.470000;https://www.openstreetmap.org/node/4885883336;cartographie collaborative (OSM);aucun indice fiable
primaire;ecole_primaire;EPP Ahicon;;public;Ouinhi;Zou;;7.084167;2.509444;https://www.openstreetmap.org/node/4885883341;cartographie collaborative (OSM);nom : école primaire
primaire;ecole_primaire;EPP Ganhoumey;;public;Ouinhi;Zou;;7.150000;2.517778;https://www.openstreetmap.org/node/4885883343;cartographie collaborative (OSM);nom : école primaire
primaire;ecole_primaire;EPP Gnanli/Zounguè A;;public;Ouinhi;Zou;;7.040833;2.503056;https://www.openstreetmap.org/node/4885883344;cartographie collaborative (OSM);nom : école primaire
primaire;ecole_primaire;EPP Gnanli/Zounguè B;;public;Ouinhi;Zou;;7.040833;2.486389;https://www.openstreetmap.org/node/4885883345;cartographie collaborative (OSM);nom : école primaire
primaire;ecole_primaire;EPP Holli A;;public;Ouinhi;Zou;;7.097778;2.519167;https://www.openstreetmap.org/node/4885883346;cartographie collaborative (OSM);nom : école primaire
primaire;ecole_primaire;EPP Holli B;;public;Ouinhi;Zou;;7.103889;2.517222;https://www.openstreetmap.org/node/4885883347;cartographie collaborative (OSM);nom : école primaire
primaire;ecole_primaire;EPP Houanvè;;public;Ouinhi;Zou;;7.023333;2.492778;https://www.openstreetmap.org/node/4885883348;cartographie collaborative (OSM);nom : école primaire
primaire;ecole_primaire;EPP Quartier Hiolli;;public;Ouinhi;Zou;;7.104167;2.518333;https://www.openstreetmap.org/node/4885883349;cartographie collaborative (OSM);nom : école primaire
primaire;ecole_primaire;EPP Yago;;public;Ouinhi;Zou;;6.994167;2.464444;https://www.openstreetmap.org/node/4885883350;cartographie collaborative (OSM);nom : école primaire
primaire;ecole_primaire;EPP Zoloko;;public;Ouinhi;Zou;;7.110556;2.526667;https://www.openstreetmap.org/node/4885883351;cartographie collaborative (OSM);nom : école primaire
primaire;ecole_primaire;EPP Zoungo;;public;Ouinhi;Zou;;7.118611;2.525556;https://www.openstreetmap.org/node/4885883352;cartographie collaborative (OSM);nom : école primaire
primaire;ecole_primaire;EPP de Bossa/A;;public;Ouinhi;Zou;;7.010000;2.476667;https://www.openstreetmap.org/node/4885883353;cartographie collaborative (OSM);nom : école primaire
primaire;ecole_primaire;EPP de Bossa/B;;public;Ouinhi;Zou;;7.010556;2.468056;https://www.openstreetmap.org/node/4885883354;cartographie collaborative (OSM);nom : école primaire
primaire;ecole_primaire;EPP de Dasso;;public;Ouinhi;Zou;;7.022222;2.473333;https://www.openstreetmap.org/node/4885883355;cartographie collaborative (OSM);nom : école primaire
primaire;ecole_primaire;EPP de Gangban;;public;Ouinhi;Zou;;7.025833;2.423611;https://www.openstreetmap.org/node/4885883356;cartographie collaborative (OSM);nom : école primaire
primaire;ecole_primaire;EPP de Mafoungbon;;public;Adja-Ouèrè;Plateau;;7.088333;2.542222;https://www.openstreetmap.org/node/4885883357;cartographie collaborative (OSM);nom : école primaire
primaire;ecole_primaire;EPP de Monzoungoudo;;public;Ouinhi;Zou;;7.086944;2.526111;https://www.openstreetmap.org/node/4885883358;cartographie collaborative (OSM);nom : école primaire
a_preciser;indetermine;Ecole Catholique;;confessionnel;Ouinhi;Zou;;7.101944;2.520000;https://www.openstreetmap.org/node/4885883359;cartographie collaborative (OSM);aucun indice fiable
maternel;ecole_maternelle;Ecole maternelle Bossa;;non_indique;Ouinhi;Zou;;6.999444;2.469444;https://www.openstreetmap.org/node/4885883360;cartographie collaborative (OSM);nom : maternelle
a_preciser;indetermine;École Primaire Publique Atrokpocodji;;public;Abomey-Calavi;Atlantique;publique;6.392865;2.325389;https://www.openstreetmap.org/node/4894938423;cartographie collaborative (OSM);aucun indice fiable
a_preciser;complexe_scolaire;Complexe Scolaire Privée BEL AVENIR;;prive;Cotonou;Littoral;;6.365894;2.483065;https://www.openstreetmap.org/node/4902272589;cartographie collaborative (OSM);nom : complexe / groupe scolaire
a_preciser;complexe_scolaire;Complexe Scolaire d'Agbandonou;;non_indique;Zè;Atlantique;;6.662630;2.285107;https://www.openstreetmap.org/node/4924943397;cartographie collaborative (OSM);nom : complexe / groupe scolaire
primaire;ecole_primaire;Ecole Primaire Adjrako;;non_indique;Zè;Atlantique;;6.615132;2.281248;https://www.openstreetmap.org/node/4924945421;cartographie collaborative (OSM);nom : école primaire
a_preciser;complexe_scolaire;Complexe scolaire Toviklin centre;;non_indique;Toviklin;Couffo;;6.893790;1.833380;https://www.openstreetmap.org/node/4940250358;cartographie collaborative (OSM);nom : complexe / groupe scolaire
secondaire_general;ceg;CEG II Djakotomey;;public;Djakotomey;Couffo;;6.907062;1.731242;https://www.openstreetmap.org/node/4943831272;cartographie collaborative (OSM);nom : CEG
a_preciser;complexe_scolaire;Complexe scolaire Agbédranfo / Groupe A et B;;non_indique;Djakotomey;Couffo;;6.875693;1.727424;https://www.openstreetmap.org/node/4943831278;cartographie collaborative (OSM);nom : complexe / groupe scolaire
a_preciser;complexe_scolaire;Complexe scolaire privé Mawuna;;prive;Djakotomey;Couffo;;6.908298;1.722651;https://www.openstreetmap.org/node/4943831279;cartographie collaborative (OSM);nom : complexe / groupe scolaire
primaire;ecole_primaire;Ecole primaire privée La Promesse;;prive;Djakotomey;Couffo;privé;6.904077;1.714360;https://www.openstreetmap.org/node/4943831281;cartographie collaborative (OSM);nom : école primaire
primaire;ecole_primaire;Ecole primaire publique de Beotchi;;public;Djakotomey;Couffo;;6.906182;1.708458;https://www.openstreetmap.org/node/4943831282;cartographie collaborative (OSM);nom : école primaire
primaire;ecole_primaire;Ecole primaire publique de Djakotomey / Groupe A;;public;Djakotomey;Couffo;;6.904264;1.715404;https://www.openstreetmap.org/node/4943831283;cartographie collaborative (OSM);nom : école primaire
a_preciser;indetermine;École Primaire Publique Tokpa-Zongo;;public;Abomey-Calavi;Atlantique;;6.449774;2.359809;https://www.openstreetmap.org/node/4946554798;cartographie collaborative (OSM);aucun indice fiable
a_preciser;indetermine;École Primaire Publique d' Agamandin;;public;Abomey-Calavi;Atlantique;;6.453480;2.360717;https://www.openstreetmap.org/node/4946556110;cartographie collaborative (OSM);aucun indice fiable
a_preciser;complexe_scolaire;Complexe Scolaire Wend Panga;;non_indique;Abomey-Calavi;Atlantique;;6.389970;2.289677;https://www.openstreetmap.org/node/4961258132;cartographie collaborative (OSM);nom : complexe / groupe scolaire
secondaire_general;college;College Privé Sainte Gisele Affoue;;prive;Abomey-Calavi;Atlantique;;6.389579;2.284378;https://www.openstreetmap.org/node/4961258133;cartographie collaborative (OSM);nom : collège
superieur;universite;Bâtiment MIRD;;non_indique;Abomey-Calavi;Atlantique;;6.420034;2.341385;https://www.openstreetmap.org/node/4972021612;cartographie collaborative (OSM);attribut amenity=university
superieur;universite;Amphi MIRD;;non_indique;Abomey-Calavi;Atlantique;;6.419993;2.341437;https://www.openstreetmap.org/node/4972026746;cartographie collaborative (OSM);attribut amenity=university
a_preciser;indetermine;CSP Vigninou;;non_indique;Abomey-Calavi;Atlantique;;6.436075;2.341714;https://www.openstreetmap.org/node/4987847379;cartographie collaborative (OSM);aucun indice fiable
maternel;ecole_maternelle;SOS Abomey-calavi;;non_indique;Abomey-Calavi;Atlantique;;6.439976;2.351400;https://www.openstreetmap.org/node/4990737405;cartographie collaborative (OSM);attribut amenity=kindergarten
a_preciser;indetermine;(sans nom);;non_indique;Abomey-Calavi;Atlantique;Privée;6.452805;2.337835;https://www.openstreetmap.org/node/4995302525;cartographie collaborative (OSM);aucun indice fiable
a_preciser;complexe_scolaire;Complexe scolaire la voix des anges;;non_indique;Abomey-Calavi;Atlantique;;6.389033;2.305816;https://www.openstreetmap.org/node/4998310740;cartographie collaborative (OSM);nom : complexe / groupe scolaire
a_preciser;indetermine;CSP Finesse;;non_indique;Abomey-Calavi;Atlantique;;6.487096;2.355679;https://www.openstreetmap.org/node/5001268874;cartographie collaborative (OSM);aucun indice fiable
primaire;ecole_primaire;EPP GNININ;;public;Abomey-Calavi;Atlantique;ECOLE;6.497575;2.350592;https://www.openstreetmap.org/node/5001293168;cartographie collaborative (OSM);nom : école primaire
superieur;enseignement_superieur;HECM;;non_indique;Bohicon;Zou;;7.178849;2.040108;https://www.openstreetmap.org/node/5001300686;cartographie collaborative (OSM);nom : école supérieure / institut
a_preciser;indetermine;Lyteb;;non_indique;Bohicon;Zou;;7.178973;2.041930;https://www.openstreetmap.org/node/5001303853;cartographie collaborative (OSM);aucun indice fiable
a_preciser;indetermine;LYTEB;;non_indique;Bohicon;Zou;;7.178879;2.042015;https://www.openstreetmap.org/node/5001304617;cartographie collaborative (OSM);aucun indice fiable
a_preciser;complexe_scolaire;Complexe scolaire Prive Seko;;prive;Abomey-Calavi;Atlantique;;6.436702;2.335757;https://www.openstreetmap.org/node/5001319858;cartographie collaborative (OSM);nom : complexe / groupe scolaire
a_preciser;complexe_scolaire;Complexe scolaire La mire;;non_indique;Abomey-Calavi;Atlantique;;6.431098;2.338127;https://www.openstreetmap.org/node/5001324478;cartographie collaborative (OSM);nom : complexe / groupe scolaire
a_preciser;indetermine;Garderie Mère Therese;;non_indique;Abomey-Calavi;Atlantique;Société privée;6.434175;2.345188;https://www.openstreetmap.org/node/5001337721;cartographie collaborative (OSM);aucun indice fiable
a_preciser;complexe_scolaire;Complexe scolaire st Mathieu1;;non_indique;Abomey-Calavi;Atlantique;;6.421523;2.321535;https://www.openstreetmap.org/node/5001501327;cartographie collaborative (OSM);nom : complexe / groupe scolaire
superieur;universite;amphi Etisalat;;non_indique;Abomey-Calavi;Atlantique;;6.418572;2.345371;https://www.openstreetmap.org/node/5006362973;cartographie collaborative (OSM);attribut amenity=university
a_preciser;complexe_scolaire;CS Danale les prince (cours secondaire);;non_indique;Abomey-Calavi;Atlantique;;6.422082;2.330732;https://www.openstreetmap.org/node/5015070846;cartographie collaborative (OSM);nom : complexe / groupe scolaire
a_preciser;complexe_scolaire;CS Danale les prince (cours primaire);;non_indique;Abomey-Calavi;Atlantique;;6.422219;2.331065;https://www.openstreetmap.org/node/5015070847;cartographie collaborative (OSM);nom : complexe / groupe scolaire
primaire;ecole_primaire;EPP/Sèdonou de Zogbadjè;;public;Abomey-Calavi;Atlantique;;6.425509;2.335286;https://www.openstreetmap.org/node/5015070848;cartographie collaborative (OSM);nom : école primaire
a_preciser;indetermine;CS Quartier Latin;;non_indique;Abomey-Calavi;Atlantique;;6.424190;2.333888;https://www.openstreetmap.org/node/5015070849;cartographie collaborative (OSM);aucun indice fiable
a_preciser;indetermine;CS Miracles de Dieu;;non_indique;Abomey-Calavi;Atlantique;;6.422102;2.334005;https://www.openstreetmap.org/node/5015070850;cartographie collaborative (OSM);aucun indice fiable
maternel;ecole_maternelle;Complexe scolaire maternelle '' les Génies'' de Tankpè;;non_indique;Abomey-Calavi;Atlantique;;6.432784;2.330256;https://www.openstreetmap.org/node/5016175922;cartographie collaborative (OSM);nom : maternelle
a_preciser;complexe_scolaire;Complexe scolaire les Génies de Tankpe;;non_indique;Abomey-Calavi;Atlantique;;6.433007;2.330060;https://www.openstreetmap.org/node/5016176322;cartographie collaborative (OSM);nom : complexe / groupe scolaire
a_preciser;indetermine;École primaire ''les Génies'';;non_indique;Abomey-Calavi;Atlantique;;6.432045;2.330800;https://www.openstreetmap.org/node/5016176324;cartographie collaborative (OSM);aucun indice fiable
a_preciser;complexe_scolaire;Complexe scolaire ''la Mire'';;non_indique;Abomey-Calavi;Atlantique;;6.431171;2.338163;https://www.openstreetmap.org/node/5016337323;cartographie collaborative (OSM);nom : complexe / groupe scolaire
superieur_ou_formation;enseignement_superieur_ou_formation;École Supérieure d'Administration et d'Économie, de Journalisme et des Métiers de l'audiovisuel - Site principal de Cotonou;;prive;Cotonou;Littoral;;6.377227;2.419689;https://www.openstreetmap.org/node/5020753623;cartographie collaborative (OSM);attribut amenity=college
a_preciser;complexe_scolaire;Complexe scolaire privé la Fontaine  Parakou Banikani;;prive;Parakou;Borgou;;9.321808;2.651353;https://www.openstreetmap.org/node/5027194330;cartographie collaborative (OSM);nom : complexe / groupe scolaire
a_preciser;indetermine;École Primaire Publique Agongbomey;;public;Abomey-Calavi;Atlantique;;6.375985;2.361173;https://www.openstreetmap.org/node/5031894748;cartographie collaborative (OSM);aucun indice fiable
secondaire_general;college;Collège Saint Antoine ex Complexe Commercial de l'Atacora(CCA);;confessionnel;Natitingou;Atacora;;10.295561;1.384994;https://www.openstreetmap.org/node/5055713721;cartographie collaborative (OSM);nom : collège
a_preciser;indetermine;(sans nom);;non_indique;Za-Kpota;Zou;;7.194352;2.134336;https://www.openstreetmap.org/node/5067695669;cartographie collaborative (OSM);aucun indice fiable
primaire;ecole_primaire;EPP Assanlin;;public;Za-Kpota;Zou;;7.238910;2.110598;https://www.openstreetmap.org/node/5071751022;cartographie collaborative (OSM);nom : école primaire
primaire;ecole_primaire;EPP;;public;Parakou;Borgou;;9.348114;2.548592;https://www.openstreetmap.org/node/5081134982;cartographie collaborative (OSM);nom : école primaire
a_preciser;indetermine;(sans nom);;non_indique;Abomey-Calavi;Atlantique;;6.471608;2.278491;https://www.openstreetmap.org/node/5085550202;cartographie collaborative (OSM);aucun indice fiable
a_preciser;indetermine;Centre islamique de la jeunesse;;confessionnel;Porto-Novo;Ouémé;;6.472123;2.643650;https://www.openstreetmap.org/node/5110316174;cartographie collaborative (OSM);aucun indice fiable
a_preciser;complexe_scolaire;Complexe scolaire Félicien Bada Le destin;;non_indique;Abomey-Calavi;Atlantique;;6.457705;2.325376;https://www.openstreetmap.org/node/5110317027;cartographie collaborative (OSM);nom : complexe / groupe scolaire
a_preciser;complexe_scolaire;Complexe Scolaire de joues Adjagbo A & B;;non_indique;Abomey-Calavi;Atlantique;;6.475142;2.277744;https://www.openstreetmap.org/node/5110317466;cartographie collaborative (OSM);nom : complexe / groupe scolaire
a_preciser;complexe_scolaire;Complexe scolaire les Talentueux;;non_indique;Abomey-Calavi;Atlantique;;6.461767;2.297327;https://www.openstreetmap.org/node/5110318100;cartographie collaborative (OSM);nom : complexe / groupe scolaire
a_preciser;indetermine;École hôtellerie et de tourisme de Calavi;;non_indique;Abomey-Calavi;Atlantique;;6.447207;2.353288;https://www.openstreetmap.org/node/5110318489;cartographie collaborative (OSM);aucun indice fiable
superieur_ou_formation;enseignement_superieur_ou_formation;Ecole du Patrimoine Africain;;non_indique;Porto-Novo;Ouémé;;6.472486;2.614542;https://www.openstreetmap.org/node/5112915925;cartographie collaborative (OSM);attribut amenity=college
a_preciser;complexe_scolaire;Complexe Scolaire Adjarra Centre;;non_indique;Adjarra;Ouémé;;6.523303;2.667047;https://www.openstreetmap.org/node/5171572722;cartographie collaborative (OSM);nom : complexe / groupe scolaire
a_preciser;complexe_scolaire;Complexe Scolaire la Décision;;non_indique;Adjarra;Ouémé;;6.521417;2.666771;https://www.openstreetmap.org/node/5173139922;cartographie collaborative (OSM);nom : complexe / groupe scolaire
a_preciser;complexe_scolaire;complexe scolaire d'Adjina;;non_indique;Adjarra;Ouémé;;6.522735;2.672612;https://www.openstreetmap.org/node/5174325888;cartographie collaborative (OSM);nom : complexe / groupe scolaire
a_preciser;indetermine;CSP LA Décision;;non_indique;Adjarra;Ouémé;Privée;6.522783;2.666912;https://www.openstreetmap.org/node/5174637516;cartographie collaborative (OSM);aucun indice fiable
a_preciser;indetermine;Ecole coranique ANIWANOU-DINE;;non_indique;Adjarra;Ouémé;;6.523661;2.667888;https://www.openstreetmap.org/node/5176281828;cartographie collaborative (OSM);aucun indice fiable
a_preciser;indetermine;Ècole Primaire Publique de Todjonoukouin;;public;Grand-Popo;Mono;;6.358365;1.840534;https://www.openstreetmap.org/node/5177160826;cartographie collaborative (OSM);aucun indice fiable
a_preciser;complexe_scolaire;Complexe scolaire Bright stars;;non_indique;Abomey-Calavi;Atlantique;;6.460607;2.349128;https://www.openstreetmap.org/node/5183445225;cartographie collaborative (OSM);nom : complexe / groupe scolaire
primaire;ecole_primaire;EPP Tanmè;;public;Adjarra;Ouémé;;6.498770;2.658262;https://www.openstreetmap.org/node/5187212222;cartographie collaborative (OSM);nom : école primaire
primaire;ecole_primaire;EPP AMOUSSA KANDÉVIÉ;;public;Porto-Novo;Ouémé;;6.494708;2.627093;https://www.openstreetmap.org/node/5187212223;cartographie collaborative (OSM);nom : école primaire
maternel;ecole_maternelle;École maternelle de HONVIE;;non_indique;Adjarra;Ouémé;;6.518179;2.652773;https://www.openstreetmap.org/node/5188035021;cartographie collaborative (OSM);nom : maternelle
a_preciser;indetermine;École primaire publique de Zoca;;public;Abomey-Calavi;Atlantique;;6.464455;2.347614;https://www.openstreetmap.org/node/5190427433;cartographie collaborative (OSM);aucun indice fiable
a_preciser;indetermine;(sans nom);;non_indique;Cotonou;Littoral;;6.364639;2.429943;https://www.openstreetmap.org/node/5195900410;cartographie collaborative (OSM);aucun indice fiable
a_preciser;indetermine;École Primaire Publique Centre de Togoudou;;public;Abomey-Calavi;Atlantique;;6.407124;2.331836;https://www.openstreetmap.org/node/5196223722;cartographie collaborative (OSM);aucun indice fiable
a_preciser;complexe_scolaire;Complexe scolaire Saint Augustin;;confessionnel;Abomey-Calavi;Atlantique;Privée;6.439740;2.321088;https://www.openstreetmap.org/node/5200625924;cartographie collaborative (OSM);nom : complexe / groupe scolaire
a_preciser;indetermine;École Primaire Privee Mixte Vizalode;;prive;Abomey-Calavi;Atlantique;;6.393124;2.363538;https://www.openstreetmap.org/node/5209032431;cartographie collaborative (OSM);aucun indice fiable
a_preciser;complexe_scolaire;Complexe Scolaires Saint Augustin;;confessionnel;Cotonou;Littoral;;6.365686;2.426932;https://www.openstreetmap.org/node/5215240878;cartographie collaborative (OSM);nom : complexe / groupe scolaire
a_preciser;complexe_scolaire;Complexe scolaire ABOUBAKAR;;non_indique;Cotonou;Littoral;;6.366555;2.400643;https://www.openstreetmap.org/node/5219682955;cartographie collaborative (OSM);nom : complexe / groupe scolaire
superieur_ou_formation;enseignement_superieur_ou_formation;Haute École de Gestion et de Technologie;;prive;Abomey-Calavi;Atlantique;;6.391684;2.352414;https://www.openstreetmap.org/node/5236195024;cartographie collaborative (OSM);attribut amenity=college
secondaire_general;ceg;College d'Enseignement General l de Lokossa;;non_indique;Lokossa;Mono;;6.639775;1.713567;https://www.openstreetmap.org/node/5241819179;cartographie collaborative (OSM);nom : CEG
secondaire_general;college;Collège;;non_indique;Zogbodomey;Zou;;7.031968;2.104720;https://www.openstreetmap.org/node/5250526722;cartographie collaborative (OSM);nom : collège
a_preciser;complexe_scolaire;Complexe Scolaire Precas;;non_indique;Abomey-Calavi;Atlantique;;6.378467;2.253409;https://www.openstreetmap.org/node/5256181190;cartographie collaborative (OSM);nom : complexe / groupe scolaire
superieur;universite;(sans nom);;non_indique;Zogbodomey;Zou;;7.074999;2.331161;https://www.openstreetmap.org/node/5259700821;cartographie collaborative (OSM);attribut amenity=university
a_preciser;complexe_scolaire;Complexe scolaire « Les savants »;;non_indique;Abomey-Calavi;Atlantique;;6.434752;2.313519;https://www.openstreetmap.org/node/5273288522;cartographie collaborative (OSM);nom : complexe / groupe scolaire
a_preciser;indetermine;École primaire Toko Toko;;non_indique;Djougou;Donga;Circonscription scolaire de Djougou 1;9.742099;2.018128;https://www.openstreetmap.org/node/5284231856;cartographie collaborative (OSM);aucun indice fiable
a_preciser;indetermine;(sans nom);;non_indique;Djougou;Donga;;9.745020;2.034061;https://www.openstreetmap.org/node/5284231859;cartographie collaborative (OSM);aucun indice fiable
secondaire_general;college;collège Tanwé-Hessou;;non_indique;Zogbodomey;Zou;;7.031599;2.104601;https://www.openstreetmap.org/node/5319926822;cartographie collaborative (OSM);nom : collège
a_preciser;indetermine;École primaire publique;;public;Houéyogbé;Mono;;6.561782;1.817978;https://www.openstreetmap.org/node/5321950323;cartographie collaborative (OSM);aucun indice fiable
superieur;enseignement_superieur;ISM Adonaï;;non_indique;Parakou;Borgou;;9.349682;2.617744;https://www.openstreetmap.org/node/5325289024;cartographie collaborative (OSM);nom : école supérieure / institut
primaire;ecole_primaire;Ecole Primaire Publique;;public;Malanville;Alibori;;11.849323;3.384942;https://www.openstreetmap.org/node/5326982385;cartographie collaborative (OSM);nom : école primaire
a_preciser;indetermine;École Primaire Communautaire Espoir pour un Enfant;;non_indique;Cotonou;Littoral;;6.390683;2.432224;https://www.openstreetmap.org/node/5346619683;cartographie collaborative (OSM);aucun indice fiable
a_preciser;complexe_scolaire;Complexe Scolaire Archange d'Eternel;;non_indique;Abomey-Calavi;Atlantique;;6.374818;2.241824;https://www.openstreetmap.org/node/5346669102;cartographie collaborative (OSM);nom : complexe / groupe scolaire
secondaire_general;ceg;CEG Mindédjonou;;public;Adjarra;Ouémé;;6.505577;2.692025;https://www.openstreetmap.org/node/5358677928;cartographie collaborative (OSM);nom : CEG
primaire;ecole_primaire;Ecole Primaire Plublique Agla Sud;;non_indique;Cotonou;Littoral;;6.375121;2.366884;https://www.openstreetmap.org/node/5380944140;cartographie collaborative (OSM);nom : école primaire
secondaire_general;ceg;Collège d'enseignement Général 1 de Djidja;;non_indique;Djidja;Zou;;7.340484;1.935608;https://www.openstreetmap.org/node/5398081526;cartographie collaborative (OSM);nom : CEG
a_preciser;indetermine;Notre dame de l'Immaculée conception;;non_indique;Djidja;Zou;;7.339995;1.936051;https://www.openstreetmap.org/node/5398085424;cartographie collaborative (OSM);aucun indice fiable
secondaire_general;ceg;CEG Agboka;;public;Abomey;Zou;;7.220251;2.005293;https://www.openstreetmap.org/node/5401550627;cartographie collaborative (OSM);nom : CEG
secondaire_general;lycee;Lycée Militaire de Natitingou;;non_indique;Natitingou;Atacora;;10.273890;1.362690;https://www.openstreetmap.org/node/5415009722;cartographie collaborative (OSM);nom : lycée
technique_et_formation;lycee_technique;Lycée Technique Agricole d'Akodeha (LTA);;non_indique;Houéyogbé;Mono;;6.478843;1.887012;https://www.openstreetmap.org/node/5439961051;cartographie collaborative (OSM);nom : lycée technique/agricole
a_preciser;complexe_scolaire;Complexe Scolaire Privé Ribeleck le Générique;;prive;Sèmè-Podji;Ouémé;;6.364259;2.523562;https://www.openstreetmap.org/node/5464608955;cartographie collaborative (OSM);nom : complexe / groupe scolaire
a_preciser;complexe_scolaire;Complexe Scolaire Privé Nissan;;prive;Sèmè-Podji;Ouémé;;6.363001;2.519168;https://www.openstreetmap.org/node/5464734779;cartographie collaborative (OSM);nom : complexe / groupe scolaire
a_preciser;indetermine;Cotonou Internationnal School;;non_indique;Sèmè-Podji;Ouémé;;6.367311;2.516027;https://www.openstreetmap.org/node/5464734804;cartographie collaborative (OSM);aucun indice fiable
a_preciser;complexe_scolaire;Complexe Scolaire Communautaire Marina Pk10;;non_indique;Sèmè-Podji;Ouémé;;6.364768;2.524109;https://www.openstreetmap.org/node/5464759777;cartographie collaborative (OSM);nom : complexe / groupe scolaire
maternel;ecole_maternelle;École Maternelle Privée Espace Éveil;;prive;Cotonou;Littoral;;6.390595;2.429162;https://www.openstreetmap.org/node/5482586214;cartographie collaborative (OSM);nom : maternelle
a_preciser;indetermine;École Primaire Publique de Toyoyome;;public;Cotonou;Littoral;;6.392305;2.426317;https://www.openstreetmap.org/node/5489009401;cartographie collaborative (OSM);aucun indice fiable
a_preciser;indetermine;Centre de Langue;;non_indique;Sèmè-Podji;Ouémé;;6.364553;2.523910;https://www.openstreetmap.org/node/5491845559;cartographie collaborative (OSM);aucun indice fiable
a_preciser;complexe_scolaire;Complexe Scolaire Lica;;non_indique;Abomey-Calavi;Atlantique;;6.457694;2.358282;https://www.openstreetmap.org/node/5491971622;cartographie collaborative (OSM);nom : complexe / groupe scolaire
a_preciser;indetermine;Centre Prescolaire des Soeurs Salesiennes de don Bosco;;non_indique;Cotonou;Littoral;;6.392471;2.428279;https://www.openstreetmap.org/node/5493162069;cartographie collaborative (OSM);aucun indice fiable
secondaire_general;ceg;Collège d'Enseignement Générale de Za-Kpota;;non_indique;Za-Kpota;Zou;;7.224048;2.207398;https://www.openstreetmap.org/node/5494768109;cartographie collaborative (OSM);nom : CEG
a_preciser;indetermine;CS le Chandelier du Jardin Emergent;;non_indique;Cotonou;Littoral;;6.389249;2.430631;https://www.openstreetmap.org/node/5521302721;cartographie collaborative (OSM);aucun indice fiable
primaire;ecole_primaire;Ecole primaire;;non_indique;Za-Kpota;Zou;;7.232530;2.111049;https://www.openstreetmap.org/node/5537882427;cartographie collaborative (OSM);nom : école primaire
superieur;universite;Université d'agriculture de Sakété;;non_indique;Sakété;Plateau;;6.692493;2.642433;https://www.openstreetmap.org/node/5537892524;cartographie collaborative (OSM);nom : université
primaire;ecole_primaire;EPP Gbedougo;;public;Tori-Bossito;Atlantique;;6.507623;2.207407;https://www.openstreetmap.org/node/5538676888;cartographie collaborative (OSM);nom : école primaire
primaire;ecole_primaire;EPP Minantinkpon;;public;Ouidah;Atlantique;;6.395689;2.093694;https://www.openstreetmap.org/node/5538676993;cartographie collaborative (OSM);nom : école primaire
primaire;ecole_primaire;EPP Datinonko;;public;Tori-Bossito;Atlantique;;6.584843;2.201787;https://www.openstreetmap.org/node/5538676995;cartographie collaborative (OSM);nom : école primaire
secondaire_general;ceg;CEG tori cada;;public;Tori-Bossito;Atlantique;;6.558631;2.190068;https://www.openstreetmap.org/node/5538678310;cartographie collaborative (OSM);nom : CEG
a_preciser;indetermine;La Liaison;;non_indique;Abomey-Calavi;Atlantique;;6.444659;2.344018;https://www.openstreetmap.org/node/5543273625;cartographie collaborative (OSM);aucun indice fiable
a_preciser;indetermine;CS le Bénin;;non_indique;Abomey-Calavi;Atlantique;;6.437944;2.311344;https://www.openstreetmap.org/node/5545199991;cartographie collaborative (OSM);aucun indice fiable
a_preciser;indetermine;English International School;;non_indique;Cotonou;Littoral;;6.357331;2.390269;https://www.openstreetmap.org/node/5546147354;cartographie collaborative (OSM);aucun indice fiable
a_preciser;indetermine;Le Pharaon;;non_indique;Abomey-Calavi;Atlantique;;6.434814;2.326882;https://www.openstreetmap.org/node/5559032763;cartographie collaborative (OSM);aucun indice fiable
a_preciser;complexe_scolaire;Complexe Scolaire Le Rempart;;non_indique;Abomey-Calavi;Atlantique;;6.446435;2.326743;https://www.openstreetmap.org/node/5559032842;cartographie collaborative (OSM);nom : complexe / groupe scolaire
a_preciser;complexe_scolaire;Complexe scolaire et universtaire Clé de la Réuissite;;non_indique;Abomey-Calavi;Atlantique;;6.438308;2.341468;https://www.openstreetmap.org/node/5559916472;cartographie collaborative (OSM);nom : complexe / groupe scolaire
a_preciser;complexe_scolaire;Cours Secondaire Sainte Bakhita;;confessionnel;Abomey-Calavi;Atlantique;;6.436408;2.339522;https://www.openstreetmap.org/node/5559918379;cartographie collaborative (OSM);nom : complexe / groupe scolaire
a_preciser;indetermine;Ecole secondaire et ENI Bakhita;;non_indique;Abomey-Calavi;Atlantique;;6.436497;2.339661;https://www.openstreetmap.org/node/5559918438;cartographie collaborative (OSM);aucun indice fiable
a_preciser;indetermine;La Rosière;;non_indique;Abomey-Calavi;Atlantique;;6.434362;2.336352;https://www.openstreetmap.org/node/5559930519;cartographie collaborative (OSM);aucun indice fiable
a_preciser;complexe_scolaire;Complexe Scolaire Les Petits Princes;;non_indique;Abomey-Calavi;Atlantique;;6.454422;2.344044;https://www.openstreetmap.org/node/5560037879;cartographie collaborative (OSM);nom : complexe / groupe scolaire
primaire;ecole_primaire;EPP;;public;Parakou;Borgou;;9.398248;2.583295;https://www.openstreetmap.org/node/5560072173;cartographie collaborative (OSM);nom : école primaire
a_preciser;indetermine;(sans nom);;non_indique;Abomey-Calavi;Atlantique;;6.443095;2.347679;https://www.openstreetmap.org/node/5574511575;cartographie collaborative (OSM);aucun indice fiable
a_preciser;indetermine;(sans nom);;non_indique;Abomey-Calavi;Atlantique;;6.442842;2.347646;https://www.openstreetmap.org/node/5574511622;cartographie collaborative (OSM);aucun indice fiable
a_preciser;complexe_scolaire;Complexe Scolaire Bergerie de Dieu;;non_indique;Abomey-Calavi;Atlantique;;6.446238;2.315453;https://www.openstreetmap.org/node/5575774142;cartographie collaborative (OSM);nom : complexe / groupe scolaire
superieur;universite;Rectotat UNA;;non_indique;Porto-Novo;Ouémé;;6.471299;2.636419;https://www.openstreetmap.org/node/5584103035;cartographie collaborative (OSM);attribut amenity=university
a_preciser;complexe_scolaire;Complexe scolaire Honklohon;;non_indique;Abomey-Calavi;Atlantique;;6.426009;2.339296;https://www.openstreetmap.org/node/5584103507;cartographie collaborative (OSM);nom : complexe / groupe scolaire
secondaire_general;ceg;CEG kpomasse;;public;Kpomassè;Atlantique;;6.443396;2.011628;https://www.openstreetmap.org/node/5584104674;cartographie collaborative (OSM);nom : CEG
a_preciser;indetermine;NOE Winner;;non_indique;Abomey-Calavi;Atlantique;;6.424109;2.326617;https://www.openstreetmap.org/node/5584105932;cartographie collaborative (OSM);aucun indice fiable
a_preciser;complexe_scolaire;Complexe scolaire DON DE DIEU;;non_indique;Abomey-Calavi;Atlantique;;6.424637;2.325840;https://www.openstreetmap.org/node/5584106056;cartographie collaborative (OSM);nom : complexe / groupe scolaire
a_preciser;indetermine;Les Échos du Réveil;;non_indique;Avrankou;Ouémé;;6.517058;2.636207;https://www.openstreetmap.org/node/5586554221;cartographie collaborative (OSM);aucun indice fiable
a_preciser;indetermine;Garderie la merveille;;non_indique;Abomey-Calavi;Atlantique;;6.426302;2.331097;https://www.openstreetmap.org/node/5592355394;cartographie collaborative (OSM);aucun indice fiable
superieur;universite;Campus flash adjarra;;non_indique;Adjarra;Ouémé;;6.509190;2.670128;https://www.openstreetmap.org/node/5592357891;cartographie collaborative (OSM);attribut amenity=university
maternel;ecole_maternelle;Gbehamey;;non_indique;Adjarra;Ouémé;;6.510464;2.672411;https://www.openstreetmap.org/node/5592358212;cartographie collaborative (OSM);attribut amenity=kindergarten
a_preciser;complexe_scolaire;Complexe scolaire adjina;;non_indique;Adjarra;Ouémé;;6.520697;2.673685;https://www.openstreetmap.org/node/5592358375;cartographie collaborative (OSM);nom : complexe / groupe scolaire
a_preciser;indetermine;La providence;;non_indique;Adjarra;Ouémé;;6.512014;2.673846;https://www.openstreetmap.org/node/5592359312;cartographie collaborative (OSM);aucun indice fiable
a_preciser;indetermine;Gbehamey;;non_indique;Adjarra;Ouémé;;6.510141;2.672861;https://www.openstreetmap.org/node/5592359327;cartographie collaborative (OSM);aucun indice fiable
a_preciser;indetermine;Grand Pari de Sota;;non_indique;Adjarra;Ouémé;;6.518283;2.670137;https://www.openstreetmap.org/node/5592359330;cartographie collaborative (OSM);aucun indice fiable
a_preciser;indetermine;Étoile d'orient;;non_indique;Adjarra;Ouémé;;6.515156;2.669644;https://www.openstreetmap.org/node/5592364150;cartographie collaborative (OSM);aucun indice fiable
a_preciser;complexe_scolaire;"Complexe scolaire privée ""MON AVENIR""";;prive;Adjarra;Ouémé;;6.525499;2.673562;https://www.openstreetmap.org/node/5592648517;cartographie collaborative (OSM);nom : complexe / groupe scolaire
a_preciser;complexe_scolaire;"Complexe scolaire privée""MON AVENIR""";;prive;Avrankou;Ouémé;;6.537510;2.652689;https://www.openstreetmap.org/node/5592661132;cartographie collaborative (OSM);nom : complexe / groupe scolaire
a_preciser;complexe_scolaire;"Complexe scolaire privée""MON AVENIR""HOUEGBO";;prive;Adjarra;Ouémé;;6.525794;2.673012;https://www.openstreetmap.org/node/5592664615;cartographie collaborative (OSM);nom : complexe / groupe scolaire
superieur_ou_formation;enseignement_superieur_ou_formation;IUMA;;non_indique;Cotonou;Littoral;;6.384208;2.381029;https://www.openstreetmap.org/node/5593306122;cartographie collaborative (OSM);attribut amenity=college
a_preciser;complexe_scolaire;Complexe scolaire privé Science et Conscience;;prive;Abomey-Calavi;Atlantique;;6.428902;2.340210;https://www.openstreetmap.org/node/5631095194;cartographie collaborative (OSM);nom : complexe / groupe scolaire
a_preciser;complexe_scolaire;Complexe scolaire privé La Lumière divine;;prive;Abomey-Calavi;Atlantique;;6.431675;2.334227;https://www.openstreetmap.org/node/5631095197;cartographie collaborative (OSM);nom : complexe / groupe scolaire
a_preciser;complexe_scolaire;Complexe scolaire le Regard;;non_indique;Abomey-Calavi;Atlantique;;6.434128;2.337388;https://www.openstreetmap.org/node/5631095513;cartographie collaborative (OSM);nom : complexe / groupe scolaire
a_preciser;complexe_scolaire;Complexe scolaire les champions de demain;;non_indique;Abomey-Calavi;Atlantique;;6.429452;2.330368;https://www.openstreetmap.org/node/5631095960;cartographie collaborative (OSM);nom : complexe / groupe scolaire
maternel;ecole_maternelle;Ecole maternelle les champions de demain;;non_indique;Abomey-Calavi;Atlantique;;6.429754;2.330542;https://www.openstreetmap.org/node/5631096121;cartographie collaborative (OSM);nom : maternelle
superieur;universite;Instituit Paul de Tasse;;non_indique;Abomey-Calavi;Atlantique;;6.426479;2.340204;https://www.openstreetmap.org/node/5631096969;cartographie collaborative (OSM);attribut amenity=university
a_preciser;complexe_scolaire;Complexe scolaire;;non_indique;Pobè;Plateau;;6.985637;2.666142;https://www.openstreetmap.org/node/5649949023;cartographie collaborative (OSM);nom : complexe / groupe scolaire
a_preciser;indetermine;Csp Félix Houphouët-Boigny;;non_indique;Cotonou;Littoral;;6.389488;2.381179;https://www.openstreetmap.org/node/5688352232;cartographie collaborative (OSM);aucun indice fiable
a_preciser;complexe_scolaire;Complexe Scolaire le Wagon;;non_indique;Adjarra;Ouémé;;6.512546;2.648261;https://www.openstreetmap.org/node/5702790738;cartographie collaborative (OSM);nom : complexe / groupe scolaire
a_preciser;indetermine;(sans nom);;non_indique;Sèmè-Podji;Ouémé;;6.423617;2.626679;https://www.openstreetmap.org/node/5702845127;cartographie collaborative (OSM);aucun indice fiable
a_preciser;complexe_scolaire;"Complexe Scolaire Privé ""Savoir en eau Vive""";;prive;Abomey-Calavi;Atlantique;;6.472897;2.335969;https://www.openstreetmap.org/node/5702845128;cartographie collaborative (OSM);nom : complexe / groupe scolaire
a_preciser;complexe_scolaire;"Complexe scolaire ""Le Flambeau""";;non_indique;Sèmè-Podji;Ouémé;;6.395300;2.589866;https://www.openstreetmap.org/node/5747965807;cartographie collaborative (OSM);nom : complexe / groupe scolaire
a_preciser;indetermine;École primaire publique de posé groupe D &E;;public;Pobè;Plateau;;6.986201;2.666455;https://www.openstreetmap.org/node/5749223097;cartographie collaborative (OSM);aucun indice fiable
technique_et_formation;lycee_technique;Lycée technique de pobè;;non_indique;Pobè;Plateau;;6.998689;2.671332;https://www.openstreetmap.org/node/5749223098;cartographie collaborative (OSM);nom : lycée technique/agricole
a_preciser;indetermine;École primaire publique d'illèkpa;;public;Pobè;Plateau;;7.067069;2.646285;https://www.openstreetmap.org/node/5749223099;cartographie collaborative (OSM);aucun indice fiable
a_preciser;complexe_scolaire;Complexe scolaire publique pour nord, groupe A;;public;Pobè;Plateau;;6.986150;2.670271;https://www.openstreetmap.org/node/5749224542;cartographie collaborative (OSM);nom : complexe / groupe scolaire
a_preciser;indetermine;École primaire publique d'ita-bolarinwa;;public;Adja-Ouèrè;Plateau;;6.904601;2.619696;https://www.openstreetmap.org/node/5749225191;cartographie collaborative (OSM);aucun indice fiable
a_preciser;complexe_scolaire;Complexe scolaire publique pobè nord groupe C;;public;Pobè;Plateau;;6.986160;2.671290;https://www.openstreetmap.org/node/5749225681;cartographie collaborative (OSM);nom : complexe / groupe scolaire
a_preciser;indetermine;École primaire publique pobè nord groupe B;;public;Pobè;Plateau;;6.985922;2.671025;https://www.openstreetmap.org/node/5749225682;cartographie collaborative (OSM);aucun indice fiable
a_preciser;indetermine;Circonscription scolaire de Pobè;;non_indique;Pobè;Plateau;;6.979226;2.657021;https://www.openstreetmap.org/node/5749226091;cartographie collaborative (OSM);aucun indice fiable
secondaire_general;ceg;CEG 3 POBE AKOUHO;;public;Pobè;Plateau;;6.990752;2.643130;https://www.openstreetmap.org/node/5749226092;cartographie collaborative (OSM);nom : CEG
secondaire_general;ceg;CEG POBÈ;;public;Pobè;Plateau;;6.984012;2.663701;https://www.openstreetmap.org/node/5749226407;cartographie collaborative (OSM);nom : CEG
a_preciser;complexe_scolaire;Complexe scolaire privé espoir de pobè;;prive;Pobè;Plateau;;6.977313;2.653469;https://www.openstreetmap.org/node/5749227549;cartographie collaborative (OSM);nom : complexe / groupe scolaire
secondaire_general;college;Collège catholique sainte claire de pobè;;confessionnel;Pobè;Plateau;;6.983748;2.664125;https://www.openstreetmap.org/node/5749227635;cartographie collaborative (OSM);nom : collège
secondaire_general;ceg;CEG ISSABA;;public;Pobè;Plateau;;7.086533;2.636590;https://www.openstreetmap.org/node/5749227642;cartographie collaborative (OSM);nom : CEG
primaire;ecole_primaire;EPP D'ISSABA;;public;Pobè;Plateau;;7.089923;2.635110;https://www.openstreetmap.org/node/5749227900;cartographie collaborative (OSM);nom : école primaire
primaire;ecole_primaire;EPP ONIGBOLO-USINE A/B;;public;Pobè;Plateau;;7.162670;2.653075;https://www.openstreetmap.org/node/5749227902;cartographie collaborative (OSM);nom : école primaire
secondaire_general;ceg;CEG ONIGBOLO;;public;Pobè;Plateau;;7.175156;2.651079;https://www.openstreetmap.org/node/5749228213;cartographie collaborative (OSM);nom : CEG
primaire;ecole_primaire;EPP ONIGBOLO VILLAGE;;public;Pobè;Plateau;;7.190534;2.648198;https://www.openstreetmap.org/node/5749228214;cartographie collaborative (OSM);nom : école primaire
primaire;ecole_primaire;EPP ODO-META;;public;Kétou;Plateau;;7.208783;2.644797;https://www.openstreetmap.org/node/5749228353;cartographie collaborative (OSM);nom : école primaire
a_preciser;complexe_scolaire;Complexe scolaire privé nonvidé;;prive;Adja-Ouèrè;Plateau;;6.966570;2.649314;https://www.openstreetmap.org/node/5749228360;cartographie collaborative (OSM);nom : complexe / groupe scolaire
primaire;ecole_primaire;EPP OGOUKPATE;;public;Adja-Ouèrè;Plateau;;6.913195;2.626082;https://www.openstreetmap.org/node/5749228411;cartographie collaborative (OSM);nom : école primaire
primaire;ecole_primaire;EPP KOKOROKEHOUN;;public;Adja-Ouèrè;Plateau;;6.950109;2.640526;https://www.openstreetmap.org/node/5749228743;cartographie collaborative (OSM);nom : école primaire
a_preciser;indetermine;Les Lauriers;;non_indique;Cotonou;Littoral;;6.353723;2.375201;https://www.openstreetmap.org/node/5749795307;cartographie collaborative (OSM);aucun indice fiable
secondaire_general;college;Collège Robert Djidonou;;non_indique;Porto-Novo;Ouémé;;6.491734;2.623550;https://www.openstreetmap.org/node/5764235847;cartographie collaborative (OSM);nom : collège
a_preciser;complexe_scolaire;Complexe Scolaire Les Anges;;non_indique;Porto-Novo;Ouémé;;6.479538;2.607627;https://www.openstreetmap.org/node/5764262964;cartographie collaborative (OSM);nom : complexe / groupe scolaire
a_preciser;complexe_scolaire;Complexe scolaire les Jambettes;;non_indique;Porto-Novo;Ouémé;;6.501028;2.606570;https://www.openstreetmap.org/node/5766196446;cartographie collaborative (OSM);nom : complexe / groupe scolaire
secondaire_general;ceg;Collège d'enseignement général Serou;;non_indique;Djougou;Donga;;9.660851;1.704604;https://www.openstreetmap.org/node/5775502656;cartographie collaborative (OSM);nom : CEG
a_preciser;indetermine;École primaire publique Yebessi;;public;Tchaourou;Borgou;;9.353137;2.127001;https://www.openstreetmap.org/node/5775510953;cartographie collaborative (OSM);aucun indice fiable
a_preciser;indetermine;Wewe1;;non_indique;Tchaourou;Borgou;;9.381819;2.117344;https://www.openstreetmap.org/node/5775510954;cartographie collaborative (OSM);aucun indice fiable
a_preciser;indetermine;(sans nom);;non_indique;Bohicon;Zou;;7.233271;2.073168;https://www.openstreetmap.org/node/5781638500;cartographie collaborative (OSM);aucun indice fiable
a_preciser;complexe_scolaire;Complexe Scolaire de Passagnon;;non_indique;Bohicon;Zou;;7.247312;2.074662;https://www.openstreetmap.org/node/5781638505;cartographie collaborative (OSM);nom : complexe / groupe scolaire
a_preciser;indetermine;(sans nom);;non_indique;Tchaourou;Borgou;;8.815525;2.609301;https://www.openstreetmap.org/node/5781794965;cartographie collaborative (OSM);aucun indice fiable
primaire;ecole_primaire;Epp Nassara;;public;Tchaourou;Borgou;;8.930247;2.588453;https://www.openstreetmap.org/node/5781853910;cartographie collaborative (OSM);nom : école primaire
a_preciser;indetermine;(sans nom);;non_indique;Tchaourou;Borgou;;9.040692;2.568401;https://www.openstreetmap.org/node/5781853912;cartographie collaborative (OSM);aucun indice fiable
a_preciser;indetermine;(sans nom);;non_indique;Parakou;Borgou;;9.300964;2.595754;https://www.openstreetmap.org/node/5781862758;cartographie collaborative (OSM);aucun indice fiable
secondaire_general;ceg;Collège d'Enseignement Général 1 de Tanguièta;;public;Tanguiéta;Atacora;;10.627069;1.270302;https://www.openstreetmap.org/node/5782465638;cartographie collaborative (OSM);nom : CEG
a_preciser;complexe_scolaire;Complexe Scolaire Privée le PROGRES;;prive;Tanguiéta;Atacora;;10.614621;1.263176;https://www.openstreetmap.org/node/5786704774;cartographie collaborative (OSM);nom : complexe / groupe scolaire
a_preciser;complexe_scolaire;Complexe Scolaire Catholique Père CHAZAL;;confessionnel;Tanguiéta;Atacora;;10.612735;1.258814;https://www.openstreetmap.org/node/5786704775;cartographie collaborative (OSM);nom : complexe / groupe scolaire
secondaire_general;college;Collège Père CHAZAL;;non_indique;Tanguiéta;Atacora;;10.611807;1.257791;https://www.openstreetmap.org/node/5786704776;cartographie collaborative (OSM);nom : collège
a_preciser;indetermine;Le Progrès;;non_indique;Tanguiéta;Atacora;;10.614670;1.263197;https://www.openstreetmap.org/node/5786882623;cartographie collaborative (OSM);aucun indice fiable
secondaire_general;ceg;CEG 2 de Tanguieta;;public;Tanguiéta;Atacora;;10.631705;1.255285;https://www.openstreetmap.org/node/5787700621;cartographie collaborative (OSM);nom : CEG
primaire;ecole_primaire;Epp tchoutchoubou Quartier;;public;Tanguiéta;Atacora;;10.627960;1.262777;https://www.openstreetmap.org/node/5787702794;cartographie collaborative (OSM);nom : école primaire
primaire;ecole_primaire;Ecole primaire privee des Assemblée de Dieu;;prive;Tanguiéta;Atacora;;10.621110;1.266108;https://www.openstreetmap.org/node/5794026204;cartographie collaborative (OSM);nom : école primaire
primaire;ecole_primaire;EPP Cocota;;public;Toucountouna;Atacora;;10.436208;1.364591;https://www.openstreetmap.org/node/5794060848;cartographie collaborative (OSM);nom : école primaire
a_preciser;complexe_scolaire;Complexe Scolaire Dieu de Victoire;;non_indique;Abomey-Calavi;Atlantique;;6.451813;2.342973;https://www.openstreetmap.org/node/5794075307;cartographie collaborative (OSM);nom : complexe / groupe scolaire
a_preciser;indetermine;Centre d'alphabétisation de Ouaké;;non_indique;Ouaké;Donga;;9.674746;1.389912;https://www.openstreetmap.org/node/5795857657;cartographie collaborative (OSM);aucun indice fiable
primaire;ecole_primaire;EPP Sonaholou;;public;Ouaké;Donga;;9.684349;1.394101;https://www.openstreetmap.org/node/5795857660;cartographie collaborative (OSM);nom : école primaire
primaire;ecole_primaire;Epp Binazon;;public;Cotonou;Littoral;;6.372145;2.416103;https://www.openstreetmap.org/node/5796076905;cartographie collaborative (OSM);nom : école primaire
a_preciser;complexe_scolaire;Complexe scolaire Nord-Sud;;non_indique;Cotonou;Littoral;;6.371886;2.415594;https://www.openstreetmap.org/node/5796076907;cartographie collaborative (OSM);nom : complexe / groupe scolaire
secondaire_general;college;Collège Pacôme YAMADJAKO;;non_indique;Cotonou;Littoral;;6.371512;2.408558;https://www.openstreetmap.org/node/5799355053;cartographie collaborative (OSM);nom : collège
a_preciser;indetermine;ISEG;;non_indique;Cotonou;Littoral;;6.377945;2.416057;https://www.openstreetmap.org/node/5799359299;cartographie collaborative (OSM);aucun indice fiable
a_preciser;complexe_scolaire;Complexe scolaire sikè-nord;;non_indique;Cotonou;Littoral;;6.378132;2.414115;https://www.openstreetmap.org/node/5799359300;cartographie collaborative (OSM);nom : complexe / groupe scolaire
a_preciser;indetermine;CS bilingue Jules William;;non_indique;Cotonou;Littoral;;6.357684;2.369360;https://www.openstreetmap.org/node/5811711455;cartographie collaborative (OSM);aucun indice fiable
a_preciser;indetermine;(sans nom);;non_indique;Cotonou;Littoral;;6.357033;2.395538;https://www.openstreetmap.org/node/5856399016;cartographie collaborative (OSM);aucun indice fiable
a_preciser;indetermine;École primaire publique Foly;;public;Za-Kpota;Zou;;7.203393;2.144651;https://www.openstreetmap.org/node/5881693186;cartographie collaborative (OSM);aucun indice fiable
a_preciser;indetermine;École primaire Adawémè;;non_indique;Za-Kpota;Zou;;7.234510;2.106347;https://www.openstreetmap.org/node/5881693685;cartographie collaborative (OSM);aucun indice fiable
a_preciser;indetermine;CS le retout de l'espoir;;non_indique;Abomey-Calavi;Atlantique;;6.518080;2.363276;https://www.openstreetmap.org/node/5892776956;cartographie collaborative (OSM);aucun indice fiable
secondaire_general;ceg;Collège d'enseignement général de Houngome;;non_indique;Za-Kpota;Zou;;7.194751;2.133518;https://www.openstreetmap.org/node/5908482391;cartographie collaborative (OSM);nom : CEG
a_preciser;complexe_scolaire;Complexe Scolaire Peniel;;non_indique;Abomey-Calavi;Atlantique;;6.462322;2.341545;https://www.openstreetmap.org/node/5933601185;cartographie collaborative (OSM);nom : complexe / groupe scolaire
superieur;universite;Université Sunu;;non_indique;Cotonou;Littoral;;6.356483;2.427594;https://www.openstreetmap.org/node/5962984391;cartographie collaborative (OSM);nom : université
a_preciser;indetermine;(sans nom);;non_indique;Ouidah;Atlantique;;6.356838;2.083042;https://www.openstreetmap.org/node/5981084910;cartographie collaborative (OSM);aucun indice fiable
a_preciser;complexe_scolaire;Complexe Scolaire Franco-Arabe de Ouidah;;non_indique;Ouidah;Atlantique;;6.356655;2.081602;https://www.openstreetmap.org/node/5981084914;cartographie collaborative (OSM);nom : complexe / groupe scolaire
a_preciser;complexe_scolaire;Complexe Scolaire la Source du Succès;;non_indique;Ouidah;Atlantique;;6.356235;2.076557;https://www.openstreetmap.org/node/5981084922;cartographie collaborative (OSM);nom : complexe / groupe scolaire
a_preciser;complexe_scolaire;Complexe scolaire Les Oliviers Verdoyants;;non_indique;Kpomassè;Atlantique;;6.361868;2.054044;https://www.openstreetmap.org/node/6020481101;cartographie collaborative (OSM);nom : complexe / groupe scolaire
technique_et_formation;lycee_technique;Lycee Technique Ouidah;;non_indique;Ouidah;Atlantique;;6.359035;2.072314;https://www.openstreetmap.org/node/6020489927;cartographie collaborative (OSM);nom : lycée technique/agricole
secondaire_general;lycee;Lycee des jeunes filles de Ouidah;;non_indique;Ouidah;Atlantique;;6.357445;2.063396;https://www.openstreetmap.org/node/6020492881;cartographie collaborative (OSM);nom : lycée
a_preciser;indetermine;CEG1 Ouidah;;non_indique;Ouidah;Atlantique;;6.359003;2.063587;https://www.openstreetmap.org/node/6020495288;cartographie collaborative (OSM);aucun indice fiable
a_preciser;indetermine;Cs de GRECE;;non_indique;Ouidah;Atlantique;;6.366201;2.086148;https://www.openstreetmap.org/node/6042600892;cartographie collaborative (OSM);aucun indice fiable
secondaire_general;lycee;Lycée Epam;;non_indique;Ouidah;Atlantique;;6.359232;2.086450;https://www.openstreetmap.org/node/6042617320;cartographie collaborative (OSM);nom : lycée
a_preciser;indetermine;Cs Bilingue Jean Christine Guy-Urbain;;non_indique;Sèmè-Podji;Ouémé;;6.371610;2.508775;https://www.openstreetmap.org/node/6042617892;cartographie collaborative (OSM);aucun indice fiable
a_preciser;indetermine;Cs Fonsaramè Groupe A/B;;non_indique;Ouidah;Atlantique;;6.369103;2.087405;https://www.openstreetmap.org/node/6042617898;cartographie collaborative (OSM);aucun indice fiable
a_preciser;indetermine;Cs de Brésil;;non_indique;Ouidah;Atlantique;;6.352714;2.086319;https://www.openstreetmap.org/node/6042617906;cartographie collaborative (OSM);aucun indice fiable
a_preciser;indetermine;École catholique notre Dame;;confessionnel;Ouidah;Atlantique;;6.358893;2.085028;https://www.openstreetmap.org/node/6042617907;cartographie collaborative (OSM);aucun indice fiable
a_preciser;indetermine;Le Saint esprit Educateur;;confessionnel;Ouidah;Atlantique;;6.359068;2.086901;https://www.openstreetmap.org/node/6042618054;cartographie collaborative (OSM);aucun indice fiable
maternel;ecole_maternelle;École maternelle publique Kindji;;public;Ouidah;Atlantique;;6.359079;2.084265;https://www.openstreetmap.org/node/6042618141;cartographie collaborative (OSM);nom : maternelle
a_preciser;indetermine;École Montaigne;;non_indique;Cotonou;Littoral;;6.351891;2.394665;https://www.openstreetmap.org/node/6060566985;cartographie collaborative (OSM);aucun indice fiable
secondaire_general;ceg;CEG SAKETE;;public;Sakété;Plateau;;6.730809;2.651991;https://www.openstreetmap.org/node/6073225882;cartographie collaborative (OSM);nom : CEG
superieur_ou_formation;enseignement_superieur_ou_formation;IMSP (Ancien bâtiment);;non_indique;Porto-Novo;Ouémé;;6.481388;2.612686;https://www.openstreetmap.org/node/6079853888;cartographie collaborative (OSM);attribut amenity=college
a_preciser;indetermine;CEG1 IKPINLE;;non_indique;Adja-Ouèrè;Plateau;;6.887238;2.618183;https://www.openstreetmap.org/node/6090816602;cartographie collaborative (OSM);aucun indice fiable
a_preciser;indetermine;Dipolme de Formation des enseignants et de perfectionnement des capacités d'adja-ouère;;non_indique;Adja-Ouèrè;Plateau;;6.962816;2.607435;https://www.openstreetmap.org/node/6090823680;cartographie collaborative (OSM);aucun indice fiable
primaire;ecole_primaire;Ecole primaire publique d'Igoissi;;public;Adja-Ouèrè;Plateau;;6.964660;2.607232;https://www.openstreetmap.org/node/6090825000;cartographie collaborative (OSM);nom : école primaire
a_preciser;indetermine;Circonscription scolaire;;non_indique;Djakotomey;Couffo;;6.909368;1.711160;https://www.openstreetmap.org/node/6095443986;cartographie collaborative (OSM);aucun indice fiable
technique_et_formation;lycee_technique;Lycée Technique Agricole d''Adja-Ouère;;non_indique;Adja-Ouèrè;Plateau;;6.992505;2.599041;https://www.openstreetmap.org/node/6124642930;cartographie collaborative (OSM);nom : lycée technique/agricole
a_preciser;indetermine;CS Les Madarins;;non_indique;Abomey-Calavi;Atlantique;;6.440366;2.309014;https://www.openstreetmap.org/node/6137358170;cartographie collaborative (OSM);aucun indice fiable
a_preciser;complexe_scolaire;Groupe Scolaire La Farandole;;non_indique;Abomey-Calavi;Atlantique;;6.438221;2.308990;https://www.openstreetmap.org/node/6137423061;cartographie collaborative (OSM);nom : complexe / groupe scolaire
a_preciser;indetermine;École Primaire Publique de Sozoun;;public;Djidja;Zou;;7.267429;2.028116;https://www.openstreetmap.org/node/6139424683;cartographie collaborative (OSM);aucun indice fiable
secondaire_general;ceg;Collège d'enseignement général de Passagon;;non_indique;Bohicon;Zou;;7.249539;2.072288;https://www.openstreetmap.org/node/6139435066;cartographie collaborative (OSM);nom : CEG
a_preciser;indetermine;(sans nom);;non_indique;Djidja;Zou;;7.265058;2.045445;https://www.openstreetmap.org/node/6139435510;cartographie collaborative (OSM);aucun indice fiable
a_preciser;complexe_scolaire;Complexe scolaire Adjoko groupe A;;non_indique;Za-Kpota;Zou;;7.251625;2.095965;https://www.openstreetmap.org/node/6139435785;cartographie collaborative (OSM);nom : complexe / groupe scolaire
a_preciser;indetermine;École primaire publique Hezonho;;public;Bohicon;Zou;;7.168839;2.075616;https://www.openstreetmap.org/node/6140879189;cartographie collaborative (OSM);aucun indice fiable
secondaire_general;ceg;CEG Ouidah;;public;Ouidah;Atlantique;;6.378530;2.071509;https://www.openstreetmap.org/node/6152908589;cartographie collaborative (OSM);nom : CEG
superieur_ou_formation;enseignement_superieur_ou_formation;École Normale Supérieure de Porto-Novo;;non_indique;Porto-Novo;Ouémé;;6.483208;2.614467;https://www.openstreetmap.org/node/6153449086;cartographie collaborative (OSM);attribut amenity=college
primaire;ecole_primaire;Epp sowe;;public;Zagnanado;Zou;;7.439739;2.309970;https://www.openstreetmap.org/node/6164343259;cartographie collaborative (OSM);nom : école primaire
primaire;ecole_primaire;Epp Igbogougou;;public;Kétou;Plateau;;7.542761;2.542232;https://www.openstreetmap.org/node/6164343262;cartographie collaborative (OSM);nom : école primaire
primaire;ecole_primaire;Epp Gossoe;;public;Dassa-Zoumè;Collines;;7.517741;2.303644;https://www.openstreetmap.org/node/6164348077;cartographie collaborative (OSM);nom : école primaire
primaire;ecole_primaire;Epp agbodohoun;;public;Covè;Zou;;7.412321;2.306693;https://www.openstreetmap.org/node/6164348078;cartographie collaborative (OSM);nom : école primaire
primaire;ecole_primaire;Epp sohoue n'dokpo;;public;Zagnanado;Zou;;7.315524;2.341924;https://www.openstreetmap.org/node/6164348079;cartographie collaborative (OSM);nom : école primaire
primaire;ecole_primaire;Epp don;;public;Zagnanado;Zou;;7.254323;2.379627;https://www.openstreetmap.org/node/6164348080;cartographie collaborative (OSM);nom : école primaire
secondaire_general;ceg;CEG GOSSOE;;public;Dassa-Zoumè;Collines;;7.508056;2.303863;https://www.openstreetmap.org/node/6164348546;cartographie collaborative (OSM);nom : CEG
primaire;ecole_primaire;Epp towego;;public;Covè;Zou;;7.367725;2.316156;https://www.openstreetmap.org/node/6164348547;cartographie collaborative (OSM);nom : école primaire
primaire;ecole_primaire;Epp tan;;public;Zagnanado;Zou;;7.274097;2.371112;https://www.openstreetmap.org/node/6164348548;cartographie collaborative (OSM);nom : école primaire
secondaire_general;ceg;CEG don;;public;Zagnanado;Zou;;7.250732;2.381648;https://www.openstreetmap.org/node/6164348549;cartographie collaborative (OSM);nom : CEG
primaire;ecole_primaire;Epp Kolly;;public;Kétou;Plateau;;7.431472;2.785139;https://www.openstreetmap.org/node/6176804164;cartographie collaborative (OSM);nom : école primaire
a_preciser;indetermine;(sans nom);;non_indique;Houéyogbé;Mono;;6.570646;1.887272;https://www.openstreetmap.org/node/6257967318;cartographie collaborative (OSM);aucun indice fiable
a_preciser;complexe_scolaire;Le Bon Berger de Godomey;;non_indique;Abomey-Calavi;Atlantique;;6.387715;2.349873;https://www.openstreetmap.org/node/6294705885;cartographie collaborative (OSM);nom : complexe / groupe scolaire
primaire;ecole_primaire;EPP Tampobre;;public;Toucountouna;Atacora;;10.563209;1.558678;https://www.openstreetmap.org/node/6329214285;cartographie collaborative (OSM);nom : école primaire
a_preciser;indetermine;CEG1 d'Avrankou;;non_indique;Avrankou;Ouémé;;6.561121;2.661678;https://www.openstreetmap.org/node/6329214286;cartographie collaborative (OSM);aucun indice fiable
primaire;ecole_primaire;EPP Fo-Mama;;public;Kouandé;Atacora;;10.840354;1.843596;https://www.openstreetmap.org/node/6329214385;cartographie collaborative (OSM);nom : école primaire
a_preciser;complexe_scolaire;Complexe Scolaire MAHOUDJRO;;non_indique;Abomey-Calavi;Atlantique;;6.400155;2.257645;https://www.openstreetmap.org/node/6347064185;cartographie collaborative (OSM);nom : complexe / groupe scolaire
a_preciser;indetermine;École catholique Laudato Si;;confessionnel;Ifangni;Plateau;;6.644879;2.708279;https://www.openstreetmap.org/node/6349028187;cartographie collaborative (OSM);aucun indice fiable
a_preciser;indetermine;Sèmé City;;non_indique;Cotonou;Littoral;;6.350542;2.408397;https://www.openstreetmap.org/node/6361361026;cartographie collaborative (OSM);aucun indice fiable
technique_et_formation;centre_formation;Centre de formation professionelle d'Abomey;;non_indique;Abomey;Zou;Etat;7.194170;1.981290;https://www.openstreetmap.org/node/6383183759;cartographie collaborative (OSM);nom : centre de formation
maternel;ecole_maternelle;Ecole Maternelle de Sagan;;non_indique;Allada;Atlantique;;6.744340;2.123746;https://www.openstreetmap.org/node/6412162012;cartographie collaborative (OSM);nom : maternelle
primaire;ecole_primaire;Ecole Primaire Publique de Sangan;;public;Allada;Atlantique;;6.744673;2.124505;https://www.openstreetmap.org/node/6412162013;cartographie collaborative (OSM);nom : école primaire
superieur;universite;Amphithéâtre Idriss Déby ITNO (Université d'Abomey Calavi-Bénin);;non_indique;Abomey-Calavi;Atlantique;;6.434741;2.338573;https://www.openstreetmap.org/node/6423150588;cartographie collaborative (OSM);nom : université
a_preciser;indetermine;video leader;;non_indique;Cotonou;Littoral;;6.364644;2.384952;https://www.openstreetmap.org/node/6468195587;cartographie collaborative (OSM);aucun indice fiable
primaire;ecole_primaire;Ecole primaire publique Tchèhèlou;;public;Abomey;Zou;;7.181235;1.980890;https://www.openstreetmap.org/node/6468224286;cartographie collaborative (OSM);nom : école primaire
a_preciser;indetermine;Ecole Franco arabe;;non_indique;Parakou;Borgou;;9.318890;2.641381;https://www.openstreetmap.org/node/6468781420;cartographie collaborative (OSM);aucun indice fiable
a_preciser;complexe_scolaire;Complexe scolaire privee;;prive;Bohicon;Zou;;7.178066;2.056641;https://www.openstreetmap.org/node/6475127586;cartographie collaborative (OSM);nom : complexe / groupe scolaire
primaire;ecole_primaire;Epp OGBELADJA;;public;Kétou;Plateau;;7.396886;2.520498;https://www.openstreetmap.org/node/6477870855;cartographie collaborative (OSM);nom : école primaire
primaire;ecole_primaire;Epp Inanssè;;public;Kétou;Plateau;;7.411370;2.572288;https://www.openstreetmap.org/node/6477870856;cartographie collaborative (OSM);nom : école primaire
primaire;ecole_primaire;Epp Atanka;;public;Kétou;Plateau;;7.241978;2.718587;https://www.openstreetmap.org/node/6477871148;cartographie collaborative (OSM);nom : école primaire
primaire;ecole_primaire;Epp Adjélanwa;;public;Kétou;Plateau;;7.252832;2.754742;https://www.openstreetmap.org/node/6477871150;cartographie collaborative (OSM);nom : école primaire
primaire;ecole_primaire;Epp Kewi;;public;Kétou;Plateau;;7.266699;2.711134;https://www.openstreetmap.org/node/6477871457;cartographie collaborative (OSM);nom : école primaire
primaire;ecole_primaire;Epp Igbo-Edè;;public;Pobè;Plateau;;7.200397;2.717628;https://www.openstreetmap.org/node/6477871689;cartographie collaborative (OSM);nom : école primaire
a_preciser;indetermine;École privée;;prive;Sô-Ava;Atlantique;;6.473558;2.395527;https://www.openstreetmap.org/node/6480950707;cartographie collaborative (OSM);aucun indice fiable
secondaire_general;ceg;CEG ganvié;;public;Sô-Ava;Atlantique;;6.473687;2.393725;https://www.openstreetmap.org/node/6480950996;cartographie collaborative (OSM);nom : CEG
a_preciser;indetermine;Ecole privée Saint Barthelemy;;prive;Sô-Ava;Atlantique;;6.473565;2.395542;https://www.openstreetmap.org/node/6480976674;cartographie collaborative (OSM);aucun indice fiable
maternel;ecole_maternelle;Ecole maternelle;;non_indique;Sô-Ava;Atlantique;;6.473704;2.392190;https://www.openstreetmap.org/node/6480983494;cartographie collaborative (OSM);nom : maternelle
primaire;ecole_primaire;Ecole primaire publique Ganvié A;;public;Sô-Ava;Atlantique;;6.473292;2.393488;https://www.openstreetmap.org/node/6480984523;cartographie collaborative (OSM);nom : école primaire
primaire;ecole_primaire;EPP Ganvié Guedevié;;public;Sô-Ava;Atlantique;;6.472805;2.398549;https://www.openstreetmap.org/node/6481174756;cartographie collaborative (OSM);nom : école primaire
a_preciser;indetermine;École primaire public de ganvié;;public;Sô-Ava;Atlantique;;6.473228;2.393375;https://www.openstreetmap.org/node/6481493855;cartographie collaborative (OSM);aucun indice fiable
a_preciser;indetermine;École catholique Saint Gérard Maiella de Kountongbé;;confessionnel;Adjarra;Ouémé;Soeurs de Saint Gérard;6.498266;2.643487;https://www.openstreetmap.org/node/6495322985;cartographie collaborative (OSM);aucun indice fiable
a_preciser;complexe_scolaire;Complexe scolaire de Sakete;;non_indique;Sakété;Plateau;;6.728360;2.655143;https://www.openstreetmap.org/node/6566144528;cartographie collaborative (OSM);nom : complexe / groupe scolaire
a_preciser;indetermine;Ecole martenelle Jacqueline de Romilly;;non_indique;Abomey-Calavi;Atlantique;;6.410058;2.321967;https://www.openstreetmap.org/node/6660059285;cartographie collaborative (OSM);aucun indice fiable
a_preciser;complexe_scolaire;Complexe scolaire de Gendarmerie;;non_indique;Lokossa;Mono;;6.651022;1.722657;https://www.openstreetmap.org/node/6665609876;cartographie collaborative (OSM);nom : complexe / groupe scolaire
a_preciser;complexe_scolaire;Complexe scolaire Saint Joseph de la victoire;;confessionnel;Abomey-Calavi;Atlantique;;6.461676;2.334215;https://www.openstreetmap.org/node/6743589786;cartographie collaborative (OSM);nom : complexe / groupe scolaire
primaire;ecole_primaire;EPP VEKKY DOGBODJI;;public;Sô-Ava;Atlantique;;6.490596;2.419976;https://www.openstreetmap.org/node/6772330721;cartographie collaborative (OSM);nom : école primaire
a_preciser;indetermine;Cs Jacqueline de Romilly;;non_indique;Abomey-Calavi;Atlantique;;6.410016;2.321928;https://www.openstreetmap.org/node/6783137785;cartographie collaborative (OSM);aucun indice fiable
a_preciser;indetermine;EtriLabs;;non_indique;Cotonou;Littoral;;6.360360;2.394060;https://www.openstreetmap.org/node/6876022656;cartographie collaborative (OSM);aucun indice fiable
primaire;ecole_primaire;Ecole primaire privée Guidibi & Fils;;prive;Parakou;Borgou;;9.323836;2.645235;https://www.openstreetmap.org/node/6887344734;cartographie collaborative (OSM);nom : école primaire
primaire;ecole_primaire;Ecole primaire publique Agbosso-Kota;;public;Bonou;Ouémé;;6.829333;2.509897;https://www.openstreetmap.org/node/6887359332;cartographie collaborative (OSM);nom : école primaire
a_preciser;indetermine;Kpétou-Gbadji;;non_indique;Houéyogbé;Mono;;6.562338;1.915113;https://www.openstreetmap.org/node/6895156542;cartographie collaborative (OSM);aucun indice fiable
a_preciser;indetermine;Honhoué;;non_indique;Houéyogbé;Mono;;6.545512;1.915241;https://www.openstreetmap.org/node/6895156544;cartographie collaborative (OSM);aucun indice fiable
a_preciser;indetermine;Dévèdji;;non_indique;Bopa;Mono;;6.555515;1.934836;https://www.openstreetmap.org/node/6895156545;cartographie collaborative (OSM);aucun indice fiable
a_preciser;indetermine;Zoungbonou;;non_indique;Houéyogbé;Mono;;6.569729;1.818333;https://www.openstreetmap.org/node/6895156546;cartographie collaborative (OSM);aucun indice fiable
a_preciser;indetermine;Aglé;;non_indique;Houéyogbé;Mono;;6.555073;1.917489;https://www.openstreetmap.org/node/6895156547;cartographie collaborative (OSM);aucun indice fiable
maternel;ecole_maternelle;Dévèdji;;non_indique;Bopa;Mono;;6.555754;1.935329;https://www.openstreetmap.org/node/6895419659;cartographie collaborative (OSM);attribut amenity=kindergarten
a_preciser;complexe_scolaire;Complexe Scolaire Godomey HLACOMEY;;non_indique;Abomey-Calavi;Atlantique;Directeur;6.391157;2.349761;https://www.openstreetmap.org/node/6908374328;cartographie collaborative (OSM);nom : complexe / groupe scolaire
a_preciser;indetermine;Ecole Bilingue de Godomey;;non_indique;Abomey-Calavi;Atlantique;;6.391272;2.349768;https://www.openstreetmap.org/node/6908402740;cartographie collaborative (OSM);aucun indice fiable
a_preciser;indetermine;Ferdinand Oyono;;non_indique;Abomey-Calavi;Atlantique;;6.408001;2.337443;https://www.openstreetmap.org/node/6908484333;cartographie collaborative (OSM);aucun indice fiable
a_preciser;indetermine;ISEI BENIN;;non_indique;Abomey-Calavi;Atlantique;;6.411226;2.339873;https://www.openstreetmap.org/node/6908484334;cartographie collaborative (OSM);aucun indice fiable
a_preciser;complexe_scolaire;complexe scolaire bilingue auxiliatrice de dekoungbe;;non_indique;Abomey-Calavi;Atlantique;;6.375506;2.327778;https://www.openstreetmap.org/node/6908563584;cartographie collaborative (OSM);nom : complexe / groupe scolaire
a_preciser;indetermine;(sans nom);;non_indique;Adjohoun;Ouémé;;6.753098;2.479502;https://www.openstreetmap.org/node/6923479867;cartographie collaborative (OSM);aucun indice fiable
a_preciser;indetermine;impact action;;non_indique;Abomey-Calavi;Atlantique;;6.378713;2.338458;https://www.openstreetmap.org/node/6930033070;cartographie collaborative (OSM);aucun indice fiable
secondaire_general;ceg;CEG Azowlisse;;public;Adjohoun;Ouémé;;6.666669;2.498917;https://www.openstreetmap.org/node/6933224214;cartographie collaborative (OSM);nom : CEG
secondaire_general;college;Collège Sainte Thérèse d'Avila;;confessionnel;Natitingou;Atacora;;10.304445;1.384101;https://www.openstreetmap.org/node/6934923085;cartographie collaborative (OSM);nom : collège
primaire;ecole_primaire;EPP Sainte Thérèse d'Avila;;public;Natitingou;Atacora;;10.304409;1.383850;https://www.openstreetmap.org/node/6934923185;cartographie collaborative (OSM);nom : école primaire
a_preciser;complexe_scolaire;Complexe Scolaire Tranza A et B;;non_indique;Parakou;Borgou;;9.352156;2.629376;https://www.openstreetmap.org/node/6943889510;cartographie collaborative (OSM);nom : complexe / groupe scolaire
superieur;enseignement_superieur;INFRE (Institut National de Formation et Recherche en Education);;non_indique;Porto-Novo;Ouémé;;6.475047;2.621145;https://www.openstreetmap.org/node/6986977959;cartographie collaborative (OSM);nom : école supérieure / institut
superieur_ou_formation;enseignement_superieur_ou_formation;HEGT;;non_indique;Abomey-Calavi;Atlantique;;6.391584;2.352468;https://www.openstreetmap.org/node/6987931315;cartographie collaborative (OSM);attribut amenity=college
a_preciser;indetermine;La Gloire de Dieu;;non_indique;Cotonou;Littoral;;6.388079;2.426042;https://www.openstreetmap.org/node/6989608751;cartographie collaborative (OSM);aucun indice fiable
technique_et_formation;centre_formation;Centre de Formation Militaire de Bembèrèkè (CFMB);;non_indique;Bembèrèkè;Borgou;;10.220226;2.673424;https://www.openstreetmap.org/node/7009137085;cartographie collaborative (OSM);nom : centre de formation
primaire;ecole_primaire;Epp;;public;Toucountouna;Atacora;;10.609836;1.577109;https://www.openstreetmap.org/node/7033719513;cartographie collaborative (OSM);nom : école primaire
technique_et_formation;lycee_technique;Lycée Technique Agricole de Kika;;non_indique;Tchaourou;Borgou;;9.289150;2.752822;https://www.openstreetmap.org/node/7102052585;cartographie collaborative (OSM);nom : lycée technique/agricole
a_preciser;indetermine;École Primaire Publique Dekoubgbé Gnikindji;;public;Abomey-Calavi;Atlantique;;6.374029;2.318433;https://www.openstreetmap.org/node/7160893207;cartographie collaborative (OSM);aucun indice fiable
primaire;ecole_primaire;EPP Kagnizia;;public;Bassila;Donga;;9.303298;1.441427;https://www.openstreetmap.org/node/7191382985;cartographie collaborative (OSM);nom : école primaire
secondaire_general;ceg;CEG Sô ava;;public;Abomey-Calavi;Atlantique;;6.505172;2.401248;https://www.openstreetmap.org/node/7215818588;cartographie collaborative (OSM);nom : CEG
a_preciser;complexe_scolaire;Complexe scolaire de Dame;;non_indique;Toffo;Atlantique;;6.836251;2.227418;https://www.openstreetmap.org/node/7228998205;cartographie collaborative (OSM);nom : complexe / groupe scolaire
a_preciser;indetermine;EEP de Hontoui;;non_indique;Aplahoué;Couffo;;7.163947;1.732225;https://www.openstreetmap.org/node/7238448585;cartographie collaborative (OSM);aucun indice fiable
primaire;ecole_primaire;Ecole Primaire Publique d'Agbocodji;;public;Abomey-Calavi;Atlantique;;6.381167;2.324608;https://www.openstreetmap.org/node/7271486039;cartographie collaborative (OSM);nom : école primaire
a_preciser;indetermine;La spirale;;non_indique;Abomey-Calavi;Atlantique;;6.413283;2.346293;https://www.openstreetmap.org/node/7271662826;cartographie collaborative (OSM);aucun indice fiable
a_preciser;complexe_scolaire;Complexe scolaire Les champions;;non_indique;Abomey-Calavi;Atlantique;;6.393955;2.336653;https://www.openstreetmap.org/node/7271690890;cartographie collaborative (OSM);nom : complexe / groupe scolaire
primaire;ecole_primaire;EPP KITIKPLI, ARRONDISSEMENT DE LEMA,  SAVALOU;;public;Savalou;Collines;;7.728246;1.672126;https://www.openstreetmap.org/node/7310710985;cartographie collaborative (OSM);nom : école primaire
primaire;ecole_primaire;EPP ASSABA, BOBE, BANTE, COLLINES, BÉNIN;;public;Bantè;Collines;;8.373470;1.974928;https://www.openstreetmap.org/node/7310710986;cartographie collaborative (OSM);nom : école primaire
primaire;ecole_primaire;EPP IFEDON, LEMA, SAVALOU;;public;Savalou;Collines;;7.772100;1.673986;https://www.openstreetmap.org/node/7310711187;cartographie collaborative (OSM);nom : école primaire
primaire;ecole_primaire;EPP TCHAHOUNKA, LEMA, SAVALOU, BENIN;;public;Savalou;Collines;;7.753675;1.689319;https://www.openstreetmap.org/node/7310711486;cartographie collaborative (OSM);nom : école primaire
primaire;ecole_primaire;EPP IBERE OKETA;;public;Pobè;Plateau;;6.963127;2.706222;https://www.openstreetmap.org/node/7315424485;cartographie collaborative (OSM);nom : école primaire
secondaire_general;ceg;CEG TEKPAROU;;public;Tchaourou;Borgou;;9.012778;2.586025;https://www.openstreetmap.org/node/7335150785;cartographie collaborative (OSM);nom : CEG
primaire;ecole_primaire;EPP DOVI-SOME;;public;Dassa-Zoumè;Collines;;7.839618;2.280839;https://www.openstreetmap.org/node/7335176292;cartographie collaborative (OSM);nom : école primaire
secondaire_general;ceg;CEG TAKPA, Toui, Ouèssè, Collines, Bénin;;public;Ouèssè;Collines;;8.758456;2.597764;https://www.openstreetmap.org/node/7335176387;cartographie collaborative (OSM);nom : CEG
secondaire_general;ceg;CEG YAOUI;;public;Ouèssè;Collines;;8.486094;2.599006;https://www.openstreetmap.org/node/7335176390;cartographie collaborative (OSM);nom : CEG
primaire;ecole_primaire;EPP EROKOYA ZANKOUMANDON;;public;Dassa-Zoumè;Collines;;7.876305;2.289609;https://www.openstreetmap.org/node/7335176393;cartographie collaborative (OSM);nom : école primaire
secondaire_general;ceg;CEG AKOFODJOULE;;public;Dassa-Zoumè;Collines;;7.764248;2.364672;https://www.openstreetmap.org/node/7335177386;cartographie collaborative (OSM);nom : CEG
secondaire_general;ceg;CEG TITIROU;;public;Parakou;Borgou;;9.322027;2.626091;https://www.openstreetmap.org/node/7335358986;cartographie collaborative (OSM);nom : CEG
primaire;ecole_primaire;EPP AGBOGBOME, PAOUIGNAN, DASSA ZOUME, COLLINES, BÉNIN;;public;Kétou;Plateau;;7.585612;2.468377;https://www.openstreetmap.org/node/7335363685;cartographie collaborative (OSM);nom : école primaire
primaire;ecole_primaire;EPP;;public;Savalou;Collines;;7.809307;1.734949;https://www.openstreetmap.org/node/7380043786;cartographie collaborative (OSM);nom : école primaire
primaire;ecole_primaire;EPP GOVI;;public;Savalou;Collines;;7.816460;2.049357;https://www.openstreetmap.org/node/7380043787;cartographie collaborative (OSM);nom : école primaire
primaire;ecole_primaire;EPP ATAKPLAKANME;;public;Savalou;Collines;;7.782609;1.739903;https://www.openstreetmap.org/node/7380045688;cartographie collaborative (OSM);nom : école primaire
primaire;ecole_primaire;EPP DJAGBALO;;public;Bantè;Collines;;8.428797;2.035245;https://www.openstreetmap.org/node/7380045690;cartographie collaborative (OSM);nom : école primaire
a_preciser;complexe_scolaire;Complexe scolaire l'Exemple;;non_indique;Abomey-Calavi;Atlantique;;6.425671;2.317207;https://www.openstreetmap.org/node/7415781233;cartographie collaborative (OSM);nom : complexe / groupe scolaire
primaire;ecole_primaire;Ecole primaire publique Agbo-Tagon;;public;Toffo;Atlantique;;6.829505;2.211091;https://www.openstreetmap.org/node/7475237806;cartographie collaborative (OSM);nom : école primaire
a_preciser;indetermine;CS Gbeman 2b;;non_indique;Abomey-Calavi;Atlantique;;6.411611;2.302980;https://www.openstreetmap.org/node/7536967286;cartographie collaborative (OSM);aucun indice fiable
a_preciser;indetermine;CS Gbeman 2a;;non_indique;Abomey-Calavi;Atlantique;;6.403998;2.316303;https://www.openstreetmap.org/node/7536967385;cartographie collaborative (OSM);aucun indice fiable
primaire;ecole_primaire;Ecole primaire Hadehou;;non_indique;Abomey-Calavi;Atlantique;;6.466837;2.263968;https://www.openstreetmap.org/node/7549974453;cartographie collaborative (OSM);nom : école primaire
superieur_ou_formation;enseignement_superieur_ou_formation;Jardin des Élus;;non_indique;Cotonou;Littoral;;6.362277;2.476315;https://www.openstreetmap.org/node/7608090022;cartographie collaborative (OSM);attribut amenity=college
primaire;ecole_primaire;ECOLE PRIMAIRE PRIVÉE LA PERSÉVÉRANCE DE DJEGBE;;prive;Ouèssè;Collines;;8.303233;2.406552;https://www.openstreetmap.org/node/7642731885;cartographie collaborative (OSM);nom : école primaire
primaire;ecole_primaire;EPP DJEGBE CENTRE;;public;Ouèssè;Collines;;8.302613;2.405930;https://www.openstreetmap.org/node/7642732085;cartographie collaborative (OSM);nom : école primaire
a_preciser;indetermine;Le jardin d'Eden;;non_indique;Abomey-Calavi;Atlantique;;6.467938;2.303327;https://www.openstreetmap.org/node/7660697208;cartographie collaborative (OSM);aucun indice fiable
primaire;ecole_primaire;Epp;;public;Savè;Collines;;8.042562;2.484831;https://www.openstreetmap.org/node/7671926922;cartographie collaborative (OSM);nom : école primaire
a_preciser;indetermine;École primaire publique;;public;Toffo;Atlantique;;6.889629;2.246397;https://www.openstreetmap.org/node/7681380487;cartographie collaborative (OSM);aucun indice fiable
a_preciser;indetermine;TASSI TEDJI;;non_indique;Kandi;Alibori;;11.491207;3.090426;https://www.openstreetmap.org/node/7791423185;cartographie collaborative (OSM);aucun indice fiable
a_preciser;indetermine;Laboratoire des Sciences et Techniques de l’Eau et de l'Environnement;;non_indique;Abomey-Calavi;Atlantique;;6.412679;2.338446;https://www.openstreetmap.org/node/7839054557;cartographie collaborative (OSM);aucun indice fiable
a_preciser;indetermine;Laboratoire d'hydraulique Appliqué;;non_indique;Abomey-Calavi;Atlantique;;6.412909;2.338627;https://www.openstreetmap.org/node/7839088358;cartographie collaborative (OSM);aucun indice fiable
a_preciser;indetermine;École primaire publique d'Ahoho;;public;Athiémé;Mono;;6.604008;1.629028;https://www.openstreetmap.org/node/7839124012;cartographie collaborative (OSM);aucun indice fiable
a_preciser;indetermine;Circonscription Scolaire de Toviklin;;non_indique;Toviklin;Couffo;;6.899867;1.836395;https://www.openstreetmap.org/node/7845634341;cartographie collaborative (OSM);aucun indice fiable
a_preciser;complexe_scolaire;Complexe scolaire les Majaumer;;non_indique;Abomey-Calavi;Atlantique;;6.446660;2.339026;https://www.openstreetmap.org/node/7856812128;cartographie collaborative (OSM);nom : complexe / groupe scolaire
a_preciser;indetermine;World CARP - Bénin;;non_indique;Abomey-Calavi;Atlantique;;6.430558;2.341875;https://www.openstreetmap.org/node/7858378108;cartographie collaborative (OSM);aucun indice fiable
maternel;ecole_maternelle;Ecole maternelle Bilingue la Maisonnette de l'Eveil;;non_indique;Abomey-Calavi;Atlantique;;6.449314;2.345010;https://www.openstreetmap.org/node/7900249940;cartographie collaborative (OSM);nom : maternelle
a_preciser;indetermine;FFPMU Bénin - centre de Bohicon;;non_indique;Bohicon;Zou;;7.186737;2.054462;https://www.openstreetmap.org/node/7902463436;cartographie collaborative (OSM);aucun indice fiable
primaire;ecole_primaire;EPP ADAME-AHITO;;public;Bohicon;Zou;;7.190030;2.060741;https://www.openstreetmap.org/node/7934017488;cartographie collaborative (OSM);nom : école primaire
primaire;ecole_primaire;EPP DOKON;;public;Abomey;Zou;;7.218997;2.006056;https://www.openstreetmap.org/node/7945339685;cartographie collaborative (OSM);nom : école primaire
a_preciser;indetermine;Laboratoire de l'Hydraulique Appliquée;;non_indique;Abomey-Calavi;Atlantique;;6.412893;2.338651;https://www.openstreetmap.org/node/7945980659;cartographie collaborative (OSM);aucun indice fiable
a_preciser;indetermine;Laboratoire des Sciences et Techniques de l’Eau et de l'Environnement;;non_indique;Abomey-Calavi;Atlantique;;6.412684;2.338446;https://www.openstreetmap.org/node/7946002363;cartographie collaborative (OSM);aucun indice fiable
secondaire_general;ceg;CEG Akodéha;;public;Comè;Mono;;6.468314;1.920200;https://www.openstreetmap.org/node/8172162507;cartographie collaborative (OSM);nom : CEG
superieur_ou_formation;enseignement_superieur_ou_formation;École primaire privée A K;;prive;Kandi;Alibori;;11.123271;2.941439;https://www.openstreetmap.org/node/8246141608;cartographie collaborative (OSM);attribut amenity=college
secondaire_general;ceg;CEG;;public;Kandi;Alibori;;11.068424;2.899737;https://www.openstreetmap.org/node/8246141609;cartographie collaborative (OSM);nom : CEG
maternel;ecole_maternelle;École maternelle publique st Jean Cotonou;;public;Cotonou;Littoral;;6.365488;2.414526;https://www.openstreetmap.org/node/8256673535;cartographie collaborative (OSM);nom : maternelle
a_preciser;indetermine;École primaire publique Gamagou;;public;Gogounou;Alibori;;10.617008;2.751041;https://www.openstreetmap.org/node/8260741495;cartographie collaborative (OSM);aucun indice fiable
a_preciser;complexe_scolaire;Complexe scolaire Bouba;;non_indique;Sèmè-Podji;Ouémé;;6.387832;2.443628;https://www.openstreetmap.org/node/8278560660;cartographie collaborative (OSM);nom : complexe / groupe scolaire
a_preciser;indetermine;École primaire catholique Saint Emmanuel de KoKoumoulou;;confessionnel;Ifangni;Plateau;;6.619803;2.682023;https://www.openstreetmap.org/node/8333455517;cartographie collaborative (OSM);aucun indice fiable
superieur_ou_formation;enseignement_superieur_ou_formation;CBDIBA ONG;;non_indique;Bohicon;Zou;;7.139505;2.083953;https://www.openstreetmap.org/node/8354625217;cartographie collaborative (OSM);attribut amenity=college
a_preciser;complexe_scolaire;Complexe scolaire l'avenir du millénaire;;non_indique;Abomey-Calavi;Atlantique;;6.451593;2.345585;https://www.openstreetmap.org/node/8397984269;cartographie collaborative (OSM);nom : complexe / groupe scolaire
a_preciser;indetermine;Les Héritiers du Savoir;;non_indique;Ouidah;Atlantique;;6.381626;2.209741;https://www.openstreetmap.org/node/8428935432;cartographie collaborative (OSM);aucun indice fiable
secondaire_general;ceg;Collège d'enseignement général de Paparapanga;;non_indique;Djougou;Donga;;9.607113;1.774714;https://www.openstreetmap.org/node/8431615024;cartographie collaborative (OSM);nom : CEG
a_preciser;complexe_scolaire;Complexe scolaire d'initiation pratique Azognon 2;;non_indique;Abomey-Calavi;Atlantique;;6.448033;2.334644;https://www.openstreetmap.org/node/8442768238;cartographie collaborative (OSM);nom : complexe / groupe scolaire
secondaire_general;college;Collège La Soif;;non_indique;Sèmè-Podji;Ouémé;;6.380898;2.445148;https://www.openstreetmap.org/node/8478569250;cartographie collaborative (OSM);nom : collège
a_preciser;complexe_scolaire;Complexe Scolaire Calin'Ours;;non_indique;Cotonou;Littoral;;6.363175;2.421561;https://www.openstreetmap.org/node/8532487826;cartographie collaborative (OSM);nom : complexe / groupe scolaire
primaire;ecole_primaire;EPP Fignohou;;public;Abomey-Calavi;Atlantique;;6.372182;2.337660;https://www.openstreetmap.org/node/8535925296;cartographie collaborative (OSM);nom : école primaire
a_preciser;indetermine;CS Providence IKM;;non_indique;Bohicon;Zou;;7.185624;2.047382;https://www.openstreetmap.org/node/8536539917;cartographie collaborative (OSM);aucun indice fiable
secondaire_general;college;Collège le Messie;;non_indique;Abomey-Calavi;Atlantique;;6.357201;2.348450;https://www.openstreetmap.org/node/8560697658;cartographie collaborative (OSM);nom : collège
a_preciser;indetermine;École la RÉFÉRENCE;;non_indique;Cotonou;Littoral;;6.384925;2.416028;https://www.openstreetmap.org/node/8626500717;cartographie collaborative (OSM);aucun indice fiable
primaire;ecole_primaire;EPP OKE OLA;;public;Pobè;Plateau;;6.974534;2.658298;https://www.openstreetmap.org/node/8701184317;cartographie collaborative (OSM);nom : école primaire
a_preciser;indetermine;Ste Eulalie;;non_indique;Abomey-Calavi;Atlantique;;6.476107;2.356250;https://www.openstreetmap.org/node/8735486829;cartographie collaborative (OSM);aucun indice fiable
primaire;ecole_primaire;Ecole EPP;;public;Ouidah;Atlantique;;6.376964;2.078094;https://www.openstreetmap.org/node/8752574517;cartographie collaborative (OSM);nom : école primaire
primaire;ecole_primaire;EPP;;public;Kpomassè;Atlantique;;6.353964;2.057020;https://www.openstreetmap.org/node/8752729022;cartographie collaborative (OSM);nom : école primaire
primaire;ecole_primaire;EPP;;public;Ouidah;Atlantique;;6.381688;2.212754;https://www.openstreetmap.org/node/8752883318;cartographie collaborative (OSM);nom : école primaire
a_preciser;complexe_scolaire;Complexe scolaire VIAWE;;non_indique;Abomey-Calavi;Atlantique;;6.381967;2.303538;https://www.openstreetmap.org/node/8807372102;cartographie collaborative (OSM);nom : complexe / groupe scolaire
a_preciser;indetermine;École primaire privée SONAGNON;;prive;Abomey-Calavi;Atlantique;;6.385830;2.303759;https://www.openstreetmap.org/node/8808176973;cartographie collaborative (OSM);aucun indice fiable
superieur;universite;Irgib Africa University;;non_indique;Cotonou;Littoral;;6.365031;2.451719;https://www.openstreetmap.org/node/8853563343;cartographie collaborative (OSM);nom : université
a_preciser;indetermine;École Nationale Supérieure des Armées;;non_indique;Porto-Novo;Ouémé;;6.469590;2.618981;https://www.openstreetmap.org/node/8880442417;cartographie collaborative (OSM);aucun indice fiable
secondaire_general;ceg;Collège d'enseignement général Akodéha;;non_indique;Comè;Mono;;6.468378;1.919763;https://www.openstreetmap.org/node/8930192715;cartographie collaborative (OSM);nom : CEG
a_preciser;complexe_scolaire;Complexe scolaire Akodéha;;non_indique;Comè;Mono;;6.456575;1.920930;https://www.openstreetmap.org/node/8930266294;cartographie collaborative (OSM);nom : complexe / groupe scolaire
primaire;ecole_primaire;EPP;;public;Ouidah;Atlantique;;6.382471;2.215169;https://www.openstreetmap.org/node/9005119417;cartographie collaborative (OSM);nom : école primaire
primaire;ecole_primaire;EPP DJAVI ZEBE;;public;Adjarra;Ouémé;;6.519162;2.687063;https://www.openstreetmap.org/node/9016992717;cartographie collaborative (OSM);nom : école primaire
primaire;ecole_primaire;EPP ALLADAKO;;public;Adjarra;Ouémé;;6.506920;2.682946;https://www.openstreetmap.org/node/9017055119;cartographie collaborative (OSM);nom : école primaire
primaire;ecole_primaire;EPP AYERE AGBAROU;;public;Adja-Ouèrè;Plateau;;6.963945;2.643803;https://www.openstreetmap.org/node/9019934517;cartographie collaborative (OSM);nom : école primaire
primaire;ecole_primaire;EPP Zone CEB TCN;;public;Sakété;Plateau;;6.734211;2.649430;https://www.openstreetmap.org/node/9020687617;cartographie collaborative (OSM);nom : école primaire
maternel;ecole_maternelle;École Maternelle ARAROMI;;non_indique;Sakété;Plateau;;6.738500;2.657035;https://www.openstreetmap.org/node/9020711417;cartographie collaborative (OSM);nom : maternelle
primaire;ecole_primaire;EPPr Le temple des Leaders Site Nouveau;;non_indique;Sakété;Plateau;;6.743467;2.653623;https://www.openstreetmap.org/node/9020755019;cartographie collaborative (OSM);nom : école primaire
primaire;ecole_primaire;EPP TANZOUN BLIGUEDE;;public;Avrankou;Ouémé;;6.536589;2.626178;https://www.openstreetmap.org/node/9022343217;cartographie collaborative (OSM);nom : école primaire
primaire;ecole_primaire;EPP AVALIGBO;;public;Avrankou;Ouémé;;6.546058;2.669311;https://www.openstreetmap.org/node/9022638817;cartographie collaborative (OSM);nom : école primaire
primaire;ecole_primaire;EPP HOUEZE;;public;Avrankou;Ouémé;;6.562741;2.666248;https://www.openstreetmap.org/node/9022697418;cartographie collaborative (OSM);nom : école primaire
primaire;ecole_primaire;Future EPP 2 SEDJE;;public;Avrankou;Ouémé;;6.563543;2.651488;https://www.openstreetmap.org/node/9022822132;cartographie collaborative (OSM);nom : école primaire
primaire;ecole_primaire;EPP Baobab;;public;Kandi;Alibori;;11.106146;2.931799;https://www.openstreetmap.org/node/9028521117;cartographie collaborative (OSM);nom : école primaire
a_preciser;indetermine;Site Vanavo;;non_indique;Kandi;Alibori;;11.136345;2.918241;https://www.openstreetmap.org/node/9028911419;cartographie collaborative (OSM);aucun indice fiable
a_preciser;indetermine;École Vanavo;;non_indique;Kandi;Alibori;;11.136024;2.918961;https://www.openstreetmap.org/node/9028944517;cartographie collaborative (OSM);aucun indice fiable
secondaire_general;ceg;CEG 3 KANDI;;public;Kandi;Alibori;;11.136923;2.923129;https://www.openstreetmap.org/node/9028980917;cartographie collaborative (OSM);nom : CEG
a_preciser;indetermine;Gbehamey;;non_indique;Adjarra;Ouémé;;6.508401;2.678064;https://www.openstreetmap.org/node/9029560418;cartographie collaborative (OSM);aucun indice fiable
primaire;ecole_primaire;EPP WOLLO Site;;public;Malanville;Alibori;;11.857897;3.377415;https://www.openstreetmap.org/node/9031735917;cartographie collaborative (OSM);nom : école primaire
a_preciser;indetermine;EPM Adjegoule;;non_indique;Savè;Collines;;8.023083;2.502878;https://www.openstreetmap.org/node/9037327817;cartographie collaborative (OSM);aucun indice fiable
secondaire_general;ceg;Site  CEG 3 Savè;;public;Savè;Collines;;8.049899;2.508650;https://www.openstreetmap.org/node/9037693417;cartographie collaborative (OSM);nom : CEG
primaire;ecole_primaire;EPP DAKPA;;public;Savè;Collines;;8.036323;2.475274;https://www.openstreetmap.org/node/9037758817;cartographie collaborative (OSM);nom : école primaire
secondaire_general;ceg;Réserve CEG KABOLE;;public;Glazoué;Collines;;7.952436;2.227871;https://www.openstreetmap.org/node/9039097617;cartographie collaborative (OSM);nom : CEG
primaire;ecole_primaire;Site EPP YAWA;;public;Glazoué;Collines;;7.945923;2.209624;https://www.openstreetmap.org/node/9039757217;cartographie collaborative (OSM);nom : école primaire
primaire;ecole_primaire;EPP KABOLE 1;;public;Glazoué;Collines;;7.947925;2.232577;https://www.openstreetmap.org/node/9039836017;cartographie collaborative (OSM);nom : école primaire
secondaire_general;ceg;Site CEG 2;;public;Dassa-Zoumè;Collines;;7.792185;2.178477;https://www.openstreetmap.org/node/9040211517;cartographie collaborative (OSM);nom : CEG
primaire;ecole_primaire;Site EPP MOUMOUDJI;;public;Dassa-Zoumè;Collines;;7.804236;2.181442;https://www.openstreetmap.org/node/9040250217;cartographie collaborative (OSM);nom : école primaire
primaire;ecole_primaire;Réserve EPP Carrefour Tranche 1 KPEKOUTE;;public;Dassa-Zoumè;Collines;;7.783055;2.176628;https://www.openstreetmap.org/node/9040478017;cartographie collaborative (OSM);nom : école primaire
a_preciser;indetermine;EPM Ayedero Site;;non_indique;Dassa-Zoumè;Collines;;7.786198;2.207039;https://www.openstreetmap.org/node/9040811117;cartographie collaborative (OSM);aucun indice fiable
primaire;ecole_primaire;EPP QUARTIER LOULE 1;;public;Dassa-Zoumè;Collines;;7.798237;2.208524;https://www.openstreetmap.org/node/9040884318;cartographie collaborative (OSM);nom : école primaire
secondaire_general;ceg;RÉSERVE CEG 4 AYEDERO SECTEUR 5;;public;Dassa-Zoumè;Collines;;7.774573;2.215198;https://www.openstreetmap.org/node/9041049418;cartographie collaborative (OSM);nom : CEG
primaire;ecole_primaire;EPP Bètou;;public;Dassa-Zoumè;Collines;;7.790504;2.195637;https://www.openstreetmap.org/node/9041085117;cartographie collaborative (OSM);nom : école primaire
a_preciser;indetermine;Site ÉPP d'AGBETODJI;;non_indique;Savalou;Collines;;7.921298;1.978902;https://www.openstreetmap.org/node/9094037319;cartographie collaborative (OSM);aucun indice fiable
primaire;ecole_primaire;Site EPP FIFADJI;;public;Savalou;Collines;;7.913955;1.985702;https://www.openstreetmap.org/node/9094094217;cartographie collaborative (OSM);nom : école primaire
primaire;ecole_primaire;EPP HEZONHO face St Henri;;public;Bohicon;Zou;;7.168471;2.076029;https://www.openstreetmap.org/node/9097191917;cartographie collaborative (OSM);nom : école primaire
primaire;ecole_primaire;EPP MANABOE;;public;Bohicon;Zou;;7.197581;2.083731;https://www.openstreetmap.org/node/9097334617;cartographie collaborative (OSM);nom : école primaire
primaire;ecole_primaire;Site EPP DAKPA GNIDJAZOUN;;public;Bohicon;Zou;;7.203395;2.025446;https://www.openstreetmap.org/node/9097601117;cartographie collaborative (OSM);nom : école primaire
primaire;ecole_primaire;EPP DJEGBE Abomey;;public;Abomey;Zou;;7.172930;2.014412;https://www.openstreetmap.org/node/9100357817;cartographie collaborative (OSM);nom : école primaire
a_preciser;indetermine;Site PRESREDI DJEGBE;;non_indique;Abomey;Zou;;7.186271;2.014102;https://www.openstreetmap.org/node/9100430917;cartographie collaborative (OSM);aucun indice fiable
primaire;ecole_primaire;Site EPP DJEGBE;;public;Abomey;Zou;;7.179973;2.023562;https://www.openstreetmap.org/node/9100437817;cartographie collaborative (OSM);nom : école primaire
primaire;ecole_primaire;EPP PAHOU QUARTIER;;public;Ouidah;Atlantique;;6.381110;2.208916;https://www.openstreetmap.org/node/9137552217;cartographie collaborative (OSM);nom : école primaire
secondaire_general;ceg;Terrain Sport CEG PAHOU;;public;Abomey-Calavi;Atlantique;;6.384302;2.228797;https://www.openstreetmap.org/node/9137658218;cartographie collaborative (OSM);nom : CEG
maternel;ecole_maternelle;Maternelle ou Centre de Santé;;non_indique;Abomey-Calavi;Atlantique;;6.377035;2.258358;https://www.openstreetmap.org/node/9137842517;cartographie collaborative (OSM);nom : maternelle
primaire;ecole_primaire;EPP ACADJAMIN Jardin;;public;Abomey-Calavi;Atlantique;;6.383819;2.268096;https://www.openstreetmap.org/node/9137945218;cartographie collaborative (OSM);nom : école primaire
primaire;ecole_primaire;EPP KOUEHONOU ACADJAME;;public;Abomey-Calavi;Atlantique;;6.390104;2.261662;https://www.openstreetmap.org/node/9138093017;cartographie collaborative (OSM);nom : école primaire
a_preciser;complexe_scolaire;Complexe Scolaire Imonlè;;non_indique;Abomey-Calavi;Atlantique;;6.533954;2.366225;https://www.openstreetmap.org/node/9182496981;cartographie collaborative (OSM);nom : complexe / groupe scolaire
a_preciser;indetermine;CEG3 C omè;;non_indique;Comè;Mono;;6.436152;1.902698;https://www.openstreetmap.org/node/9187974683;cartographie collaborative (OSM);aucun indice fiable
secondaire_general;ceg;PASE DROP PPN 10 CEG DJASSIN;;public;Porto-Novo;Ouémé;;6.476039;2.602344;https://www.openstreetmap.org/node/9280159417;cartographie collaborative (OSM);nom : CEG
primaire;ecole_primaire;EPP Complexe Scolaire Public dAvrankou Centre;;public;Avrankou;Ouémé;;6.552820;2.654091;https://www.openstreetmap.org/node/9293832917;cartographie collaborative (OSM);nom : école primaire
a_preciser;indetermine;La Référence;;non_indique;Abomey-Calavi;Atlantique;;6.483722;2.356322;https://www.openstreetmap.org/node/9310144081;cartographie collaborative (OSM);aucun indice fiable
a_preciser;indetermine;École primaire publique de SAHOUE-KEDJI;;public;Houéyogbé;Mono;;6.587880;1.849125;https://www.openstreetmap.org/node/9326860009;cartographie collaborative (OSM);aucun indice fiable
a_preciser;indetermine;École primaire publique de ZINDJIHOUE;;public;Houéyogbé;Mono;;6.580207;1.853682;https://www.openstreetmap.org/node/9326875652;cartographie collaborative (OSM);aucun indice fiable
a_preciser;complexe_scolaire;Complexe Scolaire de DOUTOU A-B-C-D;;non_indique;Houéyogbé;Mono;;6.571277;1.874782;https://www.openstreetmap.org/node/9327192558;cartographie collaborative (OSM);nom : complexe / groupe scolaire
maternel;ecole_maternelle;Emp Domegbo;;non_indique;Abomey-Calavi;Atlantique;;6.542621;2.326793;https://www.openstreetmap.org/node/9339776045;cartographie collaborative (OSM);nom : maternelle
a_preciser;indetermine;École de base de Gbedji;;non_indique;Porto-Novo;Ouémé;;6.467245;2.627875;https://www.openstreetmap.org/node/9388877701;cartographie collaborative (OSM);aucun indice fiable
a_preciser;indetermine;(sans nom);;non_indique;Tori-Bossito;Atlantique;;6.593357;2.084705;https://www.openstreetmap.org/node/9447004912;cartographie collaborative (OSM);aucun indice fiable
primaire;ecole_primaire;EPP GOUDON;;public;Athiémé;Mono;;6.563689;1.730556;https://www.openstreetmap.org/node/9529269297;cartographie collaborative (OSM);nom : école primaire
a_preciser;indetermine;(sans nom);;non_indique;Comè;Mono;;6.420474;1.866320;https://www.openstreetmap.org/node/9544563845;cartographie collaborative (OSM);aucun indice fiable
a_preciser;complexe_scolaire;Complexe Scolaire Brice Sinsin;;non_indique;Abomey-Calavi;Atlantique;;6.446886;2.309264;https://www.openstreetmap.org/node/9560907587;cartographie collaborative (OSM);nom : complexe / groupe scolaire
maternel;ecole_maternelle;Ecole Maternelle Brice Sinsin;;non_indique;Abomey-Calavi;Atlantique;;6.446508;2.309409;https://www.openstreetmap.org/node/9560907592;cartographie collaborative (OSM);nom : maternelle
a_preciser;complexe_scolaire;Complexe scolaire succès et excellence le PYTHAGORE;;non_indique;Abomey;Zou;;7.185544;2.008214;https://www.openstreetmap.org/node/9562871635;cartographie collaborative (OSM);nom : complexe / groupe scolaire
a_preciser;complexe_scolaire;Complexe scolaire de Dogueme;;non_indique;Abomey;Zou;;7.198261;1.987095;https://www.openstreetmap.org/node/9562877725;cartographie collaborative (OSM);nom : complexe / groupe scolaire
a_preciser;indetermine;Ecole Martenelle de Vidole;;non_indique;Abomey;Zou;;7.195137;1.984609;https://www.openstreetmap.org/node/9563707992;cartographie collaborative (OSM);aucun indice fiable
a_preciser;indetermine;École Primaire Public de Ketou;;public;Kétou;Plateau;;7.355583;2.609312;https://www.openstreetmap.org/node/9564950538;cartographie collaborative (OSM);aucun indice fiable
a_preciser;complexe_scolaire;Complexe scolaire de Djimè;;non_indique;Abomey;Zou;;7.180942;2.023472;https://www.openstreetmap.org/node/9566064332;cartographie collaborative (OSM);nom : complexe / groupe scolaire
primaire;ecole_primaire;Ecole Primaire Publique de Sérékali A;;public;Nikki;Borgou;;9.917430;3.040155;https://www.openstreetmap.org/node/9606056973;cartographie collaborative (OSM);nom : école primaire
secondaire_general;ceg;Collège d'Enseignement Général de Biro;;non_indique;Nikki;Borgou;;9.904106;2.939184;https://www.openstreetmap.org/node/9612566427;cartographie collaborative (OSM);nom : CEG
a_preciser;indetermine;Light Innovation;;non_indique;Parakou;Borgou;;9.346229;2.638007;https://www.openstreetmap.org/node/9613695194;cartographie collaborative (OSM);aucun indice fiable
primaire;ecole_primaire;Ecole primaire publique de Guinrou;;public;Nikki;Borgou;;9.963028;2.945244;https://www.openstreetmap.org/node/9623990915;cartographie collaborative (OSM);nom : école primaire
primaire;ecole_primaire;Ecole Primaire Publique de Biro;;public;Nikki;Borgou;;9.912510;2.949023;https://www.openstreetmap.org/node/9623998027;cartographie collaborative (OSM);nom : école primaire
secondaire_general;college;Collège sainte Thérèse de l'enfant Jésus;;confessionnel;Abomey;Zou;;7.183413;2.014257;https://www.openstreetmap.org/node/9625858227;cartographie collaborative (OSM);nom : collège
technique_et_formation;centre_formation;Centre de Formation Professionnellle d' Abomey ( CFPA);;non_indique;Abomey;Zou;;7.194746;1.981890;https://www.openstreetmap.org/node/9634538918;cartographie collaborative (OSM);nom : centre de formation
a_preciser;indetermine;École primaire publique de Lizeme;;public;Comè;Mono;;6.440958;1.899434;https://www.openstreetmap.org/node/9714329353;cartographie collaborative (OSM);aucun indice fiable
a_preciser;indetermine;École Primaire Publique de LOKOHOUE;;public;Houéyogbé;Mono;;6.480070;1.856702;https://www.openstreetmap.org/node/9718261808;cartographie collaborative (OSM);aucun indice fiable
secondaire_general;college;Collège d’enseignement général de DRE;;non_indique;Houéyogbé;Mono;;6.463831;1.838226;https://www.openstreetmap.org/node/9718307148;cartographie collaborative (OSM);nom : collège
a_preciser;indetermine;(sans nom);;non_indique;Tchaourou;Borgou;;9.236082;2.535499;https://www.openstreetmap.org/node/9722072517;cartographie collaborative (OSM);aucun indice fiable
primaire;ecole_primaire;Epp;;public;Tchaourou;Borgou;;9.115264;2.591489;https://www.openstreetmap.org/node/9722072617;cartographie collaborative (OSM);nom : école primaire
a_preciser;indetermine;Bio Guerra Senior;;non_indique;Parakou;Borgou;;9.376975;2.633313;https://www.openstreetmap.org/node/9730757517;cartographie collaborative (OSM);aucun indice fiable
a_preciser;complexe_scolaire;Complexe scolaire La Volonté de Dieu;;non_indique;Parakou;Borgou;;9.377370;2.633306;https://www.openstreetmap.org/node/9730757717;cartographie collaborative (OSM);nom : complexe / groupe scolaire
a_preciser;indetermine;Cs la floraison;;non_indique;Parakou;Borgou;;9.360395;2.629605;https://www.openstreetmap.org/node/9753915517;cartographie collaborative (OSM);aucun indice fiable
superieur;universite;University HECM;;non_indique;Parakou;Borgou;;9.357721;2.617935;https://www.openstreetmap.org/node/9759156617;cartographie collaborative (OSM);nom : université
superieur;universite;Institut universitaire Les Cours Sonou;;non_indique;Abomey-Calavi;Atlantique;;6.432124;2.350916;https://www.openstreetmap.org/node/9780177917;cartographie collaborative (OSM);nom : université
a_preciser;complexe_scolaire;Complexe scolaire Félix Houphët Boigny (Maternel et primaire);;non_indique;Cotonou;Littoral;;6.389604;2.381271;https://www.openstreetmap.org/node/10018436011;cartographie collaborative (OSM);nom : complexe / groupe scolaire
a_preciser;complexe_scolaire;Complexe scolaire Baptiste sois un model;;non_indique;Cotonou;Littoral;;6.388597;2.382708;https://www.openstreetmap.org/node/10018597757;cartographie collaborative (OSM);nom : complexe / groupe scolaire
a_preciser;complexe_scolaire;Complexe scolaire Padre Pio;;non_indique;Cotonou;Littoral;;6.388361;2.380170;https://www.openstreetmap.org/node/10018606932;cartographie collaborative (OSM);nom : complexe / groupe scolaire
secondaire_general;ceg;CEG Yagbé;;public;Cotonou;Littoral;;6.372087;2.470595;https://www.openstreetmap.org/node/10020909400;cartographie collaborative (OSM);nom : CEG
secondaire_general;college;Academia College;;non_indique;Parakou;Borgou;;9.376207;2.624771;https://www.openstreetmap.org/node/10024122671;cartographie collaborative (OSM);nom : collège
a_preciser;complexe_scolaire;Complexe Scolaire Privé Rouga Osseni;;prive;Parakou;Borgou;;9.376247;2.626149;https://www.openstreetmap.org/node/10024145405;cartographie collaborative (OSM);nom : complexe / groupe scolaire
primaire;ecole_primaire;EPP LAGO;;public;Dangbo;Ouémé;;6.603368;2.542062;https://www.openstreetmap.org/node/10039978491;cartographie collaborative (OSM);nom : école primaire
primaire;ecole_primaire;EPP Ague-Milahin;;public;Adjohoun;Ouémé;;6.670548;2.479410;https://www.openstreetmap.org/node/10042414691;cartographie collaborative (OSM);nom : école primaire
primaire;ecole_primaire;EPP de Bolamè;;public;Zagnanado;Zou;;7.063067;2.363514;https://www.openstreetmap.org/node/10056357568;cartographie collaborative (OSM);nom : école primaire
a_preciser;indetermine;École primaire publique de Boukoubourou;;public;Kérou;Atacora;;10.972572;2.213898;https://www.openstreetmap.org/node/10082817507;cartographie collaborative (OSM);aucun indice fiable
a_preciser;indetermine;École primaire publique de Tinhoure;;public;Banikoara;Alibori;;11.012664;2.217859;https://www.openstreetmap.org/node/10082850860;cartographie collaborative (OSM);aucun indice fiable
primaire;ecole_primaire;EPP de Doumè;;public;Savalou;Collines;;8.018358;1.647391;https://www.openstreetmap.org/node/10087653567;cartographie collaborative (OSM);nom : école primaire
a_preciser;indetermine;École primaire publique de Karagoun n'kourou;;public;Banikoara;Alibori;;11.103808;2.244169;https://www.openstreetmap.org/node/10090645535;cartographie collaborative (OSM);aucun indice fiable
primaire;ecole_primaire;Ecole primaire publique Alfa-Kpara;;public;Djougou;Donga;;9.616333;1.768391;https://www.openstreetmap.org/node/10110209662;cartographie collaborative (OSM);nom : école primaire
a_preciser;indetermine;École primaire publique Paparapanga;;public;Djougou;Donga;;9.602529;1.778581;https://www.openstreetmap.org/node/10110216519;cartographie collaborative (OSM);aucun indice fiable
a_preciser;indetermine;École primaire publique vanhoui;;public;Djougou;Donga;;9.565059;1.818949;https://www.openstreetmap.org/node/10110216625;cartographie collaborative (OSM);aucun indice fiable
secondaire_general;ceg;Collège d'enseignement général I de Djougou;;non_indique;Djougou;Donga;;9.702402;1.674436;https://www.openstreetmap.org/node/10118307558;cartographie collaborative (OSM);nom : CEG
a_preciser;indetermine;École urbaine centre de Djougou;;non_indique;Djougou;Donga;;9.706091;1.664998;https://www.openstreetmap.org/node/10118312031;cartographie collaborative (OSM);aucun indice fiable
a_preciser;complexe_scolaire;Complexe scolaire Félix Houphët Boigny (Primaire et secondaire);;non_indique;Cotonou;Littoral;;6.386913;2.381993;https://www.openstreetmap.org/node/10154973243;cartographie collaborative (OSM);nom : complexe / groupe scolaire
superieur;enseignement_superieur;IMA : Institut de Multimédia Appliqué;;non_indique;Cotonou;Littoral;;6.388114;2.379479;https://www.openstreetmap.org/node/10171751158;cartographie collaborative (OSM);nom : école supérieure / institut
a_preciser;complexe_scolaire;Complexe Scolaire Catholique PADRE PIO;;confessionnel;Cotonou;Littoral;;6.388439;2.380091;https://www.openstreetmap.org/node/10173921257;cartographie collaborative (OSM);nom : complexe / groupe scolaire
maternel;ecole_maternelle;École maternelle primaire LA Ronde;;non_indique;Cotonou;Littoral;;6.390082;2.379051;https://www.openstreetmap.org/node/10173933523;cartographie collaborative (OSM);nom : maternelle
a_preciser;complexe_scolaire;Complexe Scolaire Henri Ahoyo;;non_indique;Cotonou;Littoral;;6.389307;2.385710;https://www.openstreetmap.org/node/10173951843;cartographie collaborative (OSM);nom : complexe / groupe scolaire
superieur;universite;Complexe scolaire universitaire clé de la réussite;;non_indique;Cotonou;Littoral;;6.390720;2.377852;https://www.openstreetmap.org/node/10176096155;cartographie collaborative (OSM);nom : université
maternel;ecole_maternelle;École maternelle et primaire Émilie de Villeneuve;;non_indique;Cotonou;Littoral;;6.391023;2.378557;https://www.openstreetmap.org/node/10176100008;cartographie collaborative (OSM);nom : maternelle
a_preciser;indetermine;GRACE VINE School;;non_indique;Cotonou;Littoral;;6.390048;2.379747;https://www.openstreetmap.org/node/10176114702;cartographie collaborative (OSM);aucun indice fiable
a_preciser;indetermine;École Primaire Publique GODOHOU;;public;Lalo;Couffo;;6.834670;1.858855;https://www.openstreetmap.org/node/10214520200;cartographie collaborative (OSM);aucun indice fiable
a_preciser;indetermine;ÉCOLE PRIMAIRE PUBLIQUE;;public;Lalo;Couffo;;6.859765;1.867828;https://www.openstreetmap.org/node/10214550159;cartographie collaborative (OSM);aucun indice fiable
primaire;ecole_primaire;EPP Ouedo Centre;;public;Abomey-Calavi;Atlantique;;6.455120;2.263644;https://www.openstreetmap.org/node/10224937427;cartographie collaborative (OSM);nom : école primaire
primaire;ecole_primaire;EPP HEDJAME;;public;Toviklin;Couffo;;6.923180;1.783783;https://www.openstreetmap.org/node/10230342843;cartographie collaborative (OSM);nom : école primaire
primaire;ecole_primaire;EPP Sobourarou;;public;Péhunco;Atacora;;10.385217;1.997401;https://www.openstreetmap.org/node/10256991088;cartographie collaborative (OSM);nom : école primaire
primaire;ecole_primaire;EPP Sinnin;;public;Péhunco;Atacora;;10.250094;1.934772;https://www.openstreetmap.org/node/10256993904;cartographie collaborative (OSM);nom : école primaire
primaire;ecole_primaire;EPP Bouérou-Gourou;;public;Péhunco;Atacora;;10.159914;1.953670;https://www.openstreetmap.org/node/10256997094;cartographie collaborative (OSM);nom : école primaire
primaire;ecole_primaire;EPP Sayakourou;;public;Péhunco;Atacora;;10.324519;1.991667;https://www.openstreetmap.org/node/10257000971;cartographie collaborative (OSM);nom : école primaire
primaire;ecole_primaire;EPP Gbéba;;public;Péhunco;Atacora;;10.248034;1.888854;https://www.openstreetmap.org/node/10257002716;cartographie collaborative (OSM);nom : école primaire
superieur;universite;Université Nationale d’Agriculture (UNA);;non_indique;Kétou;Plateau;;7.386813;2.601769;https://www.openstreetmap.org/node/10565958269;cartographie collaborative (OSM);nom : université
a_preciser;complexe_scolaire;Complexe Scolaire Catholique Sainte Marie Immaculée;;confessionnel;Parakou;Borgou;;9.387185;2.641650;https://www.openstreetmap.org/node/10567589573;cartographie collaborative (OSM);nom : complexe / groupe scolaire
a_preciser;indetermine;École primaire publique momongou ii;;public;Djougou;Donga;;9.545606;1.860913;https://www.openstreetmap.org/node/10567590482;cartographie collaborative (OSM);aucun indice fiable
secondaire_general;ceg;Ceg Gounmori;;public;Banikoara;Alibori;;11.185296;2.305788;https://www.openstreetmap.org/node/10567590483;cartographie collaborative (OSM);nom : CEG
a_preciser;indetermine;École primaire publique Fomerou;;public;Djougou;Donga;;9.555200;1.842499;https://www.openstreetmap.org/node/10567598559;cartographie collaborative (OSM);aucun indice fiable
a_preciser;indetermine;École primaire publique Onklou;;public;Djougou;Donga;;9.498513;1.985349;https://www.openstreetmap.org/node/10567601141;cartographie collaborative (OSM);aucun indice fiable
primaire;ecole_primaire;Epp;;public;Kérou;Atacora;;10.996009;2.213574;https://www.openstreetmap.org/node/10567601681;cartographie collaborative (OSM);nom : école primaire
primaire;ecole_primaire;Epp;;public;Banikoara;Alibori;;11.064656;2.226128;https://www.openstreetmap.org/node/10567605561;cartographie collaborative (OSM);nom : école primaire
a_preciser;indetermine;École primaire publique Danogou;;public;Djougou;Donga;;9.521945;1.944854;https://www.openstreetmap.org/node/10567608641;cartographie collaborative (OSM);aucun indice fiable
secondaire_general;ceg;Ceg patargo;;public;Djougou;Donga;;9.532920;1.919646;https://www.openstreetmap.org/node/10567608642;cartographie collaborative (OSM);nom : CEG
secondaire_general;college;Collège d’enseignement Général Zongo;;non_indique;Parakou;Borgou;;9.365340;2.622063;https://www.openstreetmap.org/node/10617901205;cartographie collaborative (OSM);nom : collège
primaire;ecole_primaire;EPP Ikpinlè;;public;Adja-Ouèrè;Plateau;;6.891623;2.620870;https://www.openstreetmap.org/node/10621545328;cartographie collaborative (OSM);nom : école primaire
a_preciser;complexe_scolaire;Complexe scolaire La Rosette de Tinre;;non_indique;Parakou;Borgou;;9.384955;2.625507;https://www.openstreetmap.org/node/10647992105;cartographie collaborative (OSM);nom : complexe / groupe scolaire
a_preciser;indetermine;CSP Fignon;;non_indique;Adja-Ouèrè;Plateau;;6.899786;2.624709;https://www.openstreetmap.org/node/10651778462;cartographie collaborative (OSM);aucun indice fiable
superieur;universite;Institut universitaire des sciences économiques et biologiques appliquées;;non_indique;Parakou;Borgou;;9.358369;2.624647;https://www.openstreetmap.org/node/10655850506;cartographie collaborative (OSM);nom : université
a_preciser;indetermine;École Primaire Publique Huilerie d'Agonvy;;public;Adja-Ouèrè;Plateau;;6.889223;2.606683;https://www.openstreetmap.org/node/10680273939;cartographie collaborative (OSM);aucun indice fiable
maternel;ecole_maternelle;École maternelle Godonotin;;non_indique;Kpomassè;Atlantique;;6.376833;2.008900;https://www.openstreetmap.org/node/10695037345;cartographie collaborative (OSM);nom : maternelle
superieur;universite;CIPMA Chaire UNESCO;;non_indique;Abomey-Calavi;Atlantique;;6.420412;2.339740;https://www.openstreetmap.org/node/10723664193;cartographie collaborative (OSM);attribut amenity=university
a_preciser;indetermine;École Primaire Publique Gbedavo;;public;Dassa-Zoumè;Collines;;7.630627;2.168329;https://www.openstreetmap.org/node/10737033189;cartographie collaborative (OSM);aucun indice fiable
a_preciser;indetermine;École Primaire Publique Adjakonou;;public;Dassa-Zoumè;Collines;;7.631441;2.112007;https://www.openstreetmap.org/node/10737038549;cartographie collaborative (OSM);aucun indice fiable
primaire;ecole_primaire;EPP ADANDOKPODJI - SADA;;public;Abomey;Zou;;7.182498;1.973644;https://www.openstreetmap.org/node/10757650581;cartographie collaborative (OSM);nom : école primaire
a_preciser;complexe_scolaire;Complexe Scolaire Saint Joseph d'Abomey;;confessionnel;Abomey;Zou;;7.181464;1.972124;https://www.openstreetmap.org/node/10757690779;cartographie collaborative (OSM);nom : complexe / groupe scolaire
secondaire_general;college;Collège;;non_indique;Abomey;Zou;;7.181831;1.971887;https://www.openstreetmap.org/node/10757695564;cartographie collaborative (OSM);nom : collège
superieur_ou_formation;enseignement_superieur_ou_formation;Yesmaol Design;;prive;Abomey-Calavi;Atlantique;YESSOUFOU Matym;6.383939;2.342098;https://www.openstreetmap.org/node/10763914128;cartographie collaborative (OSM);attribut amenity=college
a_preciser;indetermine;École Primaire Publique d'illoro-Aguidi;;public;Sakété;Plateau;;6.788695;2.685353;https://www.openstreetmap.org/node/10775168208;cartographie collaborative (OSM);aucun indice fiable
a_preciser;complexe_scolaire;Complexe scolaire la belle volière;;non_indique;Abomey-Calavi;Atlantique;;6.429641;2.300908;https://www.openstreetmap.org/node/10811903902;cartographie collaborative (OSM);nom : complexe / groupe scolaire
a_preciser;indetermine;École primaire privée la sentinelle;;prive;Abomey-Calavi;Atlantique;;6.432690;2.296658;https://www.openstreetmap.org/node/10811918126;cartographie collaborative (OSM);aucun indice fiable
a_preciser;indetermine;CSMA Ikpinlè;;non_indique;Adja-Ouèrè;Plateau;;6.889842;2.620795;https://www.openstreetmap.org/node/10823875032;cartographie collaborative (OSM);aucun indice fiable
primaire;ecole_primaire;EPP Saint-Michel;;public;Adja-Ouèrè;Plateau;;6.890086;2.618845;https://www.openstreetmap.org/node/10823875037;cartographie collaborative (OSM);nom : école primaire
a_preciser;complexe_scolaire;Complexe scolaire St Daniel comboni;;prive;Abomey-Calavi;Atlantique;;6.417231;2.300907;https://www.openstreetmap.org/node/10848269606;cartographie collaborative (OSM);nom : complexe / groupe scolaire
a_preciser;complexe_scolaire;Complexe scolaire privé Bon Pasteur;;prive;Abomey-Calavi;Atlantique;;6.427141;2.296126;https://www.openstreetmap.org/node/10848338926;cartographie collaborative (OSM);nom : complexe / groupe scolaire
technique_et_formation;lycee_technique;Lycée technique privé industriel saint Barthélémy;;prive;Abomey-Calavi;Atlantique;;6.416318;2.305413;https://www.openstreetmap.org/node/10848340508;cartographie collaborative (OSM);nom : lycée technique/agricole
a_preciser;indetermine;École primaire publique d'awakè;;public;Abomey-Calavi;Atlantique;;6.429665;2.298995;https://www.openstreetmap.org/node/10848343282;cartographie collaborative (OSM);aucun indice fiable
a_preciser;complexe_scolaire;Complexe scolaire Alice Land;;non_indique;Abomey-Calavi;Atlantique;;6.419386;2.295048;https://www.openstreetmap.org/node/10848345416;cartographie collaborative (OSM);nom : complexe / groupe scolaire
a_preciser;complexe_scolaire;Complexe scolaire et parascolaire le potier divin;;non_indique;Abomey-Calavi;Atlantique;;6.420124;2.293094;https://www.openstreetmap.org/node/10848345505;cartographie collaborative (OSM);nom : complexe / groupe scolaire
secondaire_general;ceg;CEG ANAVIE;;public;Adjarra;Ouémé;;6.504632;2.638057;https://www.openstreetmap.org/node/10899100816;cartographie collaborative (OSM);nom : CEG
secondaire_general;college;COLLEGE ROBERT DJIDONOU;;non_indique;Avrankou;Ouémé;;6.513323;2.630177;https://www.openstreetmap.org/node/10899117705;cartographie collaborative (OSM);nom : collège
a_preciser;complexe_scolaire;Complexe Scolaire de DJEGAN-KPEVI;;non_indique;Porto-Novo;Ouémé;;6.503886;2.624007;https://www.openstreetmap.org/node/10912507706;cartographie collaborative (OSM);nom : complexe / groupe scolaire
a_preciser;indetermine;CPS Compétent;;non_indique;Parakou;Borgou;;9.351467;2.651595;https://www.openstreetmap.org/node/10961356865;cartographie collaborative (OSM);aucun indice fiable
a_preciser;indetermine;CSP Privé le Plateau;;prive;Parakou;Borgou;;9.382794;2.632763;https://www.openstreetmap.org/node/10968657957;cartographie collaborative (OSM);aucun indice fiable
superieur_ou_formation;enseignement_superieur_ou_formation;Cabinet Campus;;non_indique;Parakou;Borgou;;9.332521;2.651287;https://www.openstreetmap.org/node/10968666840;cartographie collaborative (OSM);attribut amenity=college
a_preciser;indetermine;SCP GRATIA PLANA;;non_indique;Parakou;Borgou;;9.379853;2.635053;https://www.openstreetmap.org/node/10968667820;cartographie collaborative (OSM);aucun indice fiable
secondaire_general;college;Collège Privé ''Jean Playa de Guema;;prive;Parakou;Borgou;;9.383737;2.628561;https://www.openstreetmap.org/node/10968668285;cartographie collaborative (OSM);nom : collège
a_preciser;indetermine;CSP Privé, Les Grâces Jean Playa;;prive;Parakou;Borgou;;9.383753;2.628408;https://www.openstreetmap.org/node/10968669554;cartographie collaborative (OSM);aucun indice fiable
a_preciser;indetermine;CS Privé Billing , L'école des Premiers;;prive;Parakou;Borgou;;9.378575;2.627678;https://www.openstreetmap.org/node/10968670709;cartographie collaborative (OSM);aucun indice fiable
a_preciser;indetermine;École primaire publique de Kodilou;;public;Bantè;Collines;;8.364328;1.626862;https://www.openstreetmap.org/node/10968757670;cartographie collaborative (OSM);aucun indice fiable
primaire;ecole_primaire;EPP Tourou;;public;Parakou;Borgou;;9.344673;2.539140;https://www.openstreetmap.org/node/10970219556;cartographie collaborative (OSM);nom : école primaire
a_preciser;indetermine;Ecole;;non_indique;Parakou;Borgou;;9.314943;2.642494;https://www.openstreetmap.org/node/10970416466;cartographie collaborative (OSM);aucun indice fiable
a_preciser;indetermine;École arabe;;non_indique;Parakou;Borgou;;9.315471;2.662417;https://www.openstreetmap.org/node/10970420190;cartographie collaborative (OSM);aucun indice fiable
primaire;ecole_primaire;EPP GANOU;;public;Parakou;Borgou;;9.387220;2.611999;https://www.openstreetmap.org/node/10970456174;cartographie collaborative (OSM);nom : école primaire
a_preciser;indetermine;ECDS/EPAM;;non_indique;Parakou;Borgou;;9.358673;2.624960;https://www.openstreetmap.org/node/10970456180;cartographie collaborative (OSM);aucun indice fiable
primaire;ecole_primaire;EPP;;public;Parakou;Borgou;;9.378068;2.635116;https://www.openstreetmap.org/node/10970477199;cartographie collaborative (OSM);nom : école primaire
a_preciser;indetermine;École privée Franco-Arabe;;prive;Parakou;Borgou;;9.387399;2.611558;https://www.openstreetmap.org/node/10970483545;cartographie collaborative (OSM);aucun indice fiable
a_preciser;indetermine;École Amitié;;non_indique;Parakou;Borgou;;9.399003;2.616228;https://www.openstreetmap.org/node/10970485787;cartographie collaborative (OSM);aucun indice fiable
a_preciser;indetermine;CSP le Prométhée;;non_indique;Parakou;Borgou;;9.321338;2.642915;https://www.openstreetmap.org/node/10970487183;cartographie collaborative (OSM);aucun indice fiable
a_preciser;indetermine;CSP ÉVIDENT SUCCÈS;;non_indique;Parakou;Borgou;;9.325893;2.630540;https://www.openstreetmap.org/node/10970487184;cartographie collaborative (OSM);aucun indice fiable
a_preciser;indetermine;CSP Nelson Mandela;;non_indique;Parakou;Borgou;;9.362789;2.600670;https://www.openstreetmap.org/node/10970487904;cartographie collaborative (OSM);aucun indice fiable
a_preciser;indetermine;École franco-arabe;;non_indique;Parakou;Borgou;;9.319980;2.652471;https://www.openstreetmap.org/node/10970488540;cartographie collaborative (OSM);aucun indice fiable
a_preciser;indetermine;École bilingue(nidderian international school;;non_indique;Parakou;Borgou;;9.376638;2.608303;https://www.openstreetmap.org/node/10970489284;cartographie collaborative (OSM);aucun indice fiable
a_preciser;indetermine;CSP le défi;;non_indique;Parakou;Borgou;;9.318777;2.638336;https://www.openstreetmap.org/node/10970491980;cartographie collaborative (OSM);aucun indice fiable
maternel;ecole_maternelle;CSP Maternelle et primaire Dieu le père;;non_indique;Parakou;Borgou;;9.326135;2.621386;https://www.openstreetmap.org/node/10970491982;cartographie collaborative (OSM);nom : maternelle
primaire;ecole_primaire;EPP les archanges;;public;Parakou;Borgou;;9.390725;2.619581;https://www.openstreetmap.org/node/10970492657;cartographie collaborative (OSM);nom : école primaire
a_preciser;indetermine;ESM-BENIN;;non_indique;Parakou;Borgou;;9.364525;2.633307;https://www.openstreetmap.org/node/10970494382;cartographie collaborative (OSM);aucun indice fiable
a_preciser;complexe_scolaire;Complexe scolaire les mignons;;non_indique;Parakou;Borgou;;9.349077;2.617473;https://www.openstreetmap.org/node/10970495162;cartographie collaborative (OSM);nom : complexe / groupe scolaire
a_preciser;complexe_scolaire;Complexe scolaire privé ste Philomene;;prive;Parakou;Borgou;;9.348456;2.587601;https://www.openstreetmap.org/node/10970495171;cartographie collaborative (OSM);nom : complexe / groupe scolaire
maternel;ecole_maternelle;École maternelle ladji farani;;non_indique;Parakou;Borgou;;9.339803;2.631245;https://www.openstreetmap.org/node/10970497462;cartographie collaborative (OSM);nom : maternelle
primaire;ecole_primaire;EPP SWINROU;;public;Parakou;Borgou;;9.397396;2.617272;https://www.openstreetmap.org/node/10970497536;cartographie collaborative (OSM);nom : école primaire
a_preciser;indetermine;CSP La destinée;;non_indique;Parakou;Borgou;;9.375054;2.640180;https://www.openstreetmap.org/node/10970498160;cartographie collaborative (OSM);aucun indice fiable
a_preciser;indetermine;École anago talonon;;non_indique;Parakou;Borgou;;9.377808;2.621800;https://www.openstreetmap.org/node/10970498776;cartographie collaborative (OSM);aucun indice fiable
secondaire_general;lycee;Lycée des jeunes filles;;non_indique;Parakou;Borgou;;9.383184;2.614630;https://www.openstreetmap.org/node/10970498780;cartographie collaborative (OSM);nom : lycée
a_preciser;indetermine;CSP les Bulles de joie;;non_indique;Parakou;Borgou;;9.367007;2.626898;https://www.openstreetmap.org/node/10970499194;cartographie collaborative (OSM);aucun indice fiable
superieur_ou_formation;enseignement_superieur_ou_formation;Ecole franco arabe;;non_indique;Parakou;Borgou;;9.323590;2.638246;https://www.openstreetmap.org/node/10970499538;cartographie collaborative (OSM);attribut amenity=college
a_preciser;indetermine;St thomas d'Aquin;;non_indique;Parakou;Borgou;;9.322644;2.635499;https://www.openstreetmap.org/node/10970499546;cartographie collaborative (OSM);aucun indice fiable
a_preciser;indetermine;Le messie;;non_indique;Parakou;Borgou;;9.381827;2.643331;https://www.openstreetmap.org/node/10970499829;cartographie collaborative (OSM);aucun indice fiable
maternel;ecole_maternelle;École maternelle et primaire St Joseph De Copertino;;non_indique;Parakou;Borgou;;9.319107;2.652243;https://www.openstreetmap.org/node/10970500132;cartographie collaborative (OSM);nom : maternelle
a_preciser;indetermine;école AL-BIRR;;non_indique;Parakou;Borgou;;9.328397;2.627651;https://www.openstreetmap.org/node/10970500140;cartographie collaborative (OSM);aucun indice fiable
a_preciser;indetermine;CSP SOUKTIGNINA;;non_indique;Parakou;Borgou;;9.321211;2.636861;https://www.openstreetmap.org/node/10970500296;cartographie collaborative (OSM);aucun indice fiable
a_preciser;indetermine;FOYER D'ÉTUDIANT(E)S PÈRE GEORGES HOUNYEME;;non_indique;Parakou;Borgou;;9.360562;2.638655;https://www.openstreetmap.org/node/10970500399;cartographie collaborative (OSM);aucun indice fiable
a_preciser;indetermine;Sainte Thérèse de l'enfant Jésus;;confessionnel;Parakou;Borgou;;9.324704;2.625313;https://www.openstreetmap.org/node/10970500857;cartographie collaborative (OSM);aucun indice fiable
secondaire_general;college;Collège J.M. Le Faucon;;non_indique;Parakou;Borgou;;9.371155;2.628496;https://www.openstreetmap.org/node/10970501261;cartographie collaborative (OSM);nom : collège
maternel;ecole_maternelle;École maternelle et primaire st joseph copertino;;non_indique;Parakou;Borgou;;9.314633;2.655874;https://www.openstreetmap.org/node/10970501509;cartographie collaborative (OSM);nom : maternelle
a_preciser;indetermine;Complexe catholique blingue saint Hubert;;confessionnel;Parakou;Borgou;;9.342419;2.613522;https://www.openstreetmap.org/node/10970501517;cartographie collaborative (OSM);aucun indice fiable
a_preciser;indetermine;MONT-NIMBA;;non_indique;Parakou;Borgou;;9.356967;2.639171;https://www.openstreetmap.org/node/10970502144;cartographie collaborative (OSM);aucun indice fiable
a_preciser;indetermine;École privée Jean Racine;;prive;Parakou;Borgou;;9.342658;2.613406;https://www.openstreetmap.org/node/10970502221;cartographie collaborative (OSM);aucun indice fiable
a_preciser;indetermine;GUEMA ouest;;non_indique;Parakou;Borgou;;9.387128;2.617779;https://www.openstreetmap.org/node/10970502404;cartographie collaborative (OSM);aucun indice fiable
a_preciser;indetermine;École Arabe;;non_indique;Parakou;Borgou;;9.364744;2.636149;https://www.openstreetmap.org/node/10970502499;cartographie collaborative (OSM);aucun indice fiable
primaire;ecole_primaire;EPP Nouveau Quartier/Ladji-Farani;;public;Parakou;Borgou;;9.365816;2.639481;https://www.openstreetmap.org/node/10970502530;cartographie collaborative (OSM);nom : école primaire
a_preciser;indetermine;Cathédrale sainte pierre et sainte Paul;;confessionnel;Parakou;Borgou;;9.341136;2.623649;https://www.openstreetmap.org/node/10970502537;cartographie collaborative (OSM);aucun indice fiable
a_preciser;indetermine;IRSBAC;;non_indique;Parakou;Borgou;;9.356351;2.638363;https://www.openstreetmap.org/node/10970502614;cartographie collaborative (OSM);aucun indice fiable
superieur;universite;EFES-SAPIENTIA;;non_indique;Parakou;Borgou;;9.343237;2.609953;https://www.openstreetmap.org/node/10970502626;cartographie collaborative (OSM);attribut amenity=university
a_preciser;complexe_scolaire;Complexe scolaire privé moderne Mont Nimba;;prive;Parakou;Borgou;;9.352954;2.594391;https://www.openstreetmap.org/node/10970502633;cartographie collaborative (OSM);nom : complexe / groupe scolaire
a_preciser;indetermine;CITÉ DU SAVOIR;;non_indique;Parakou;Borgou;;9.351894;2.643472;https://www.openstreetmap.org/node/10970502916;cartographie collaborative (OSM);aucun indice fiable
a_preciser;indetermine;CSP la floraison;;non_indique;Parakou;Borgou;;9.360373;2.629010;https://www.openstreetmap.org/node/10970503312;cartographie collaborative (OSM);aucun indice fiable
a_preciser;indetermine;CSP Privé Entente;;prive;Parakou;Borgou;;9.370073;2.630622;https://www.openstreetmap.org/node/10970503313;cartographie collaborative (OSM);aucun indice fiable
a_preciser;indetermine;CSP Notre Dame des Élites;;non_indique;Parakou;Borgou;;9.377936;2.646677;https://www.openstreetmap.org/node/10970503314;cartographie collaborative (OSM);aucun indice fiable
a_preciser;indetermine;La miséricorde;;non_indique;Parakou;Borgou;;9.335696;2.650795;https://www.openstreetmap.org/node/10970503454;cartographie collaborative (OSM);aucun indice fiable
a_preciser;indetermine;CSP LA GAIETE;;non_indique;Parakou;Borgou;;9.360883;2.643251;https://www.openstreetmap.org/node/10970503833;cartographie collaborative (OSM);aucun indice fiable
secondaire_general;college;Collège catholique saint Thomas d'Aquin;;confessionnel;Parakou;Borgou;;9.322794;2.635438;https://www.openstreetmap.org/node/10970505406;cartographie collaborative (OSM);nom : collège
a_preciser;indetermine;Le prestige des AS;;non_indique;Parakou;Borgou;;9.380203;2.643171;https://www.openstreetmap.org/node/10970505607;cartographie collaborative (OSM);aucun indice fiable
a_preciser;indetermine;Bilingue le succès de l'avenir;;non_indique;Parakou;Borgou;;9.364809;2.599868;https://www.openstreetmap.org/node/10970505621;cartographie collaborative (OSM);aucun indice fiable
a_preciser;indetermine;CSP Gratis plena;;non_indique;Parakou;Borgou;;9.379918;2.611181;https://www.openstreetmap.org/node/10970505762;cartographie collaborative (OSM);aucun indice fiable
a_preciser;indetermine;Suite école Amitié;;non_indique;Parakou;Borgou;;9.398977;2.616348;https://www.openstreetmap.org/node/10970505764;cartographie collaborative (OSM);aucun indice fiable
a_preciser;indetermine;CPET DON BOSCO;;non_indique;Parakou;Borgou;;9.355180;2.636098;https://www.openstreetmap.org/node/10970506217;cartographie collaborative (OSM);aucun indice fiable
secondaire_general;ceg;CEG  titirou;;public;Parakou;Borgou;;9.322498;2.625743;https://www.openstreetmap.org/node/10970506424;cartographie collaborative (OSM);nom : CEG
a_preciser;indetermine;École primaire privée ( Al hammad);;prive;Parakou;Borgou;;9.315755;2.652923;https://www.openstreetmap.org/node/10970506426;cartographie collaborative (OSM);aucun indice fiable
maternel;ecole_maternelle;École maternelle centre sot;;non_indique;Parakou;Borgou;;9.341817;2.614040;https://www.openstreetmap.org/node/10970513884;cartographie collaborative (OSM);nom : maternelle
a_preciser;indetermine;École primaire publique forêt;;public;Parakou;Borgou;;9.339075;2.620842;https://www.openstreetmap.org/node/10970515872;cartographie collaborative (OSM);aucun indice fiable
a_preciser;indetermine;La cime du savoir;;non_indique;Parakou;Borgou;;9.351266;2.587828;https://www.openstreetmap.org/node/10970521427;cartographie collaborative (OSM);aucun indice fiable
a_preciser;indetermine;(sans nom);;non_indique;Parakou;Borgou;;9.324490;2.617681;https://www.openstreetmap.org/node/10970522407;cartographie collaborative (OSM);aucun indice fiable
a_preciser;indetermine;CSP Gratis plena 2;;non_indique;Parakou;Borgou;;9.386632;2.612657;https://www.openstreetmap.org/node/10970522408;cartographie collaborative (OSM);aucun indice fiable
primaire;ecole_primaire;EPP bannikanni 3;;public;Parakou;Borgou;;9.322626;2.653704;https://www.openstreetmap.org/node/10970523534;cartographie collaborative (OSM);nom : école primaire
a_preciser;indetermine;CSP la Fontaine;;non_indique;Parakou;Borgou;;9.320365;2.652285;https://www.openstreetmap.org/node/10970524215;cartographie collaborative (OSM);aucun indice fiable
a_preciser;indetermine;École de couture chez Hodgar;;non_indique;Parakou;Borgou;;9.322579;2.625552;https://www.openstreetmap.org/node/10970524305;cartographie collaborative (OSM);aucun indice fiable
a_preciser;indetermine;CAEB;;non_indique;Parakou;Borgou;;9.366101;2.627490;https://www.openstreetmap.org/node/10970526915;cartographie collaborative (OSM);aucun indice fiable
a_preciser;indetermine;École primaire publique d'Arrafat;;public;Parakou;Borgou;;9.336464;2.650820;https://www.openstreetmap.org/node/10970526918;cartographie collaborative (OSM);aucun indice fiable
a_preciser;complexe_scolaire;Complexe scolaire dépôt À/B;;non_indique;Parakou;Borgou;;9.347835;2.614858;https://www.openstreetmap.org/node/10970527454;cartographie collaborative (OSM);nom : complexe / groupe scolaire
a_preciser;indetermine;Sts Jean- Gaston;;non_indique;Parakou;Borgou;;9.333796;2.646676;https://www.openstreetmap.org/node/10970527751;cartographie collaborative (OSM);aucun indice fiable
a_preciser;indetermine;École supérieure de formation et de recyclage des enseignants (ESFRE);;non_indique;Parakou;Borgou;;9.391799;2.622256;https://www.openstreetmap.org/node/10970528373;cartographie collaborative (OSM);aucun indice fiable
a_preciser;indetermine;École primaire privée la prospérité;;prive;Parakou;Borgou;;9.328600;2.654524;https://www.openstreetmap.org/node/10970528405;cartographie collaborative (OSM);aucun indice fiable
a_preciser;indetermine;E S M Bénin;;non_indique;Parakou;Borgou;;9.364527;2.633372;https://www.openstreetmap.org/node/10970529111;cartographie collaborative (OSM);aucun indice fiable
a_preciser;indetermine;École OCBN;;non_indique;Parakou;Borgou;;9.354280;2.609868;https://www.openstreetmap.org/node/10970529115;cartographie collaborative (OSM);aucun indice fiable
a_preciser;indetermine;École bilingue;;non_indique;Parakou;Borgou;;9.390506;2.625760;https://www.openstreetmap.org/node/10970529122;cartographie collaborative (OSM);aucun indice fiable
a_preciser;indetermine;CSP le Ronier;;non_indique;Parakou;Borgou;;9.354627;2.603576;https://www.openstreetmap.org/node/10970540462;cartographie collaborative (OSM);aucun indice fiable
a_preciser;indetermine;JIMOD ONG;;non_indique;Parakou;Borgou;;9.348271;2.594604;https://www.openstreetmap.org/node/10970546472;cartographie collaborative (OSM);aucun indice fiable
a_preciser;indetermine;École de stylisme de design et d'accessoires de mode;;non_indique;Parakou;Borgou;;9.363807;2.634376;https://www.openstreetmap.org/node/10970546946;cartographie collaborative (OSM);aucun indice fiable
secondaire_general;college;Collège Privé la source;;prive;Parakou;Borgou;;9.358356;2.634856;https://www.openstreetmap.org/node/10970547933;cartographie collaborative (OSM);nom : collège
a_preciser;indetermine;École primaire publique de gare;;public;Parakou;Borgou;;9.343970;2.609450;https://www.openstreetmap.org/node/10970549038;cartographie collaborative (OSM);aucun indice fiable
a_preciser;indetermine;École primaire privée franco-arabe collection gabo;;prive;Parakou;Borgou;;9.391826;2.624950;https://www.openstreetmap.org/node/10970549050;cartographie collaborative (OSM);aucun indice fiable
a_preciser;indetermine;École privée la vision secondaire;;prive;Parakou;Borgou;;9.353960;2.609704;https://www.openstreetmap.org/node/10970550814;cartographie collaborative (OSM);aucun indice fiable
maternel;ecole_maternelle;École maternelle primaire catholique Marie auxiliatrice;;confessionnel;Parakou;Borgou;;9.360100;2.634196;https://www.openstreetmap.org/node/10970551404;cartographie collaborative (OSM);nom : maternelle
secondaire_general;college;Collège privé le carrefour des talents;;prive;Parakou;Borgou;;9.379310;2.641378;https://www.openstreetmap.org/node/10970553992;cartographie collaborative (OSM);nom : collège
maternel;ecole_maternelle;École maternelle Émilie de Villeneuve;;non_indique;Parakou;Borgou;;9.362175;2.635409;https://www.openstreetmap.org/node/10970556235;cartographie collaborative (OSM);nom : maternelle
a_preciser;indetermine;École primaire publique de zongo 2;;public;Parakou;Borgou;;9.363760;2.631874;https://www.openstreetmap.org/node/10970556406;cartographie collaborative (OSM);aucun indice fiable
a_preciser;indetermine;MESTP/DDEST;;non_indique;Parakou;Borgou;;9.348263;2.594732;https://www.openstreetmap.org/node/10970559220;cartographie collaborative (OSM);aucun indice fiable
secondaire_general;lycee;Lycée Mathieu Bouké;;non_indique;Parakou;Borgou;;9.354255;2.614600;https://www.openstreetmap.org/node/10970573348;cartographie collaborative (OSM);nom : lycée
primaire;ecole_primaire;Epp Igbodja;;public;Savè;Collines;;7.817636;2.585507;https://www.openstreetmap.org/node/10970586331;cartographie collaborative (OSM);nom : école primaire
a_preciser;complexe_scolaire;Complexe scolaire le messie;;non_indique;Parakou;Borgou;;9.381818;2.643455;https://www.openstreetmap.org/node/10970589027;cartographie collaborative (OSM);nom : complexe / groupe scolaire
primaire;ecole_primaire;EPP Wansirou;;public;Parakou;Borgou;;9.358047;2.617476;https://www.openstreetmap.org/node/10970593765;cartographie collaborative (OSM);nom : école primaire
a_preciser;indetermine;Ecole urbaine centre;;non_indique;Cotonou;Littoral;;6.358084;2.435749;https://www.openstreetmap.org/node/10970593776;cartographie collaborative (OSM);aucun indice fiable
a_preciser;complexe_scolaire;Complexe scolaire Abdoulaye Issa;;non_indique;Parakou;Borgou;;9.341549;2.622040;https://www.openstreetmap.org/node/10970595465;cartographie collaborative (OSM);nom : complexe / groupe scolaire
secondaire_general;ceg;CEG Igbodja;;public;Savè;Collines;;7.821620;2.579252;https://www.openstreetmap.org/node/10970601049;cartographie collaborative (OSM);nom : CEG
secondaire_general;college;Collège privé Pyramide des arts;;prive;Adjarra;Ouémé;;6.495573;2.652880;https://www.openstreetmap.org/node/10980374172;cartographie collaborative (OSM);nom : collège
a_preciser;indetermine;APEALCA INTERNATIONAL SCHOOL;;non_indique;Adjarra;Ouémé;;6.516642;2.650404;https://www.openstreetmap.org/node/10980376778;cartographie collaborative (OSM);aucun indice fiable
a_preciser;complexe_scolaire;Cours primaire Adjati;;non_indique;Adjarra;Ouémé;;6.529248;2.652120;https://www.openstreetmap.org/node/10980382569;cartographie collaborative (OSM);nom : complexe / groupe scolaire
primaire;ecole_primaire;Epp Gasako;;public;Adjarra;Ouémé;;6.505026;2.663053;https://www.openstreetmap.org/node/10980382696;cartographie collaborative (OSM);nom : école primaire
primaire;ecole_primaire;EPP Dossouvie;;public;Adjarra;Ouémé;;6.510916;2.644710;https://www.openstreetmap.org/node/10980385874;cartographie collaborative (OSM);nom : école primaire
primaire;ecole_primaire;Epp gbangnito;;public;Adjarra;Ouémé;;6.493809;2.690055;https://www.openstreetmap.org/node/10980387676;cartographie collaborative (OSM);nom : école primaire
a_preciser;complexe_scolaire;Complexe Scolaire La grâce divine;;non_indique;Adjarra;Ouémé;;6.514149;2.664225;https://www.openstreetmap.org/node/10980388582;cartographie collaborative (OSM);nom : complexe / groupe scolaire
a_preciser;indetermine;École Primaire Publique Adovié;;public;Adjarra;Ouémé;;6.530240;2.658338;https://www.openstreetmap.org/node/10980392636;cartographie collaborative (OSM);aucun indice fiable
a_preciser;indetermine;CS SHALOM KPOVIÉ GBADA;;non_indique;Adjarra;Ouémé;;6.521415;2.647606;https://www.openstreetmap.org/node/10980392838;cartographie collaborative (OSM);aucun indice fiable
a_preciser;indetermine;École primaire publique de DJAVi;;public;Adjarra;Ouémé;;6.510732;2.688035;https://www.openstreetmap.org/node/10980399180;cartographie collaborative (OSM);aucun indice fiable
a_preciser;indetermine;CSP ALLOGNON;;non_indique;Adjarra;Ouémé;;6.517097;2.645440;https://www.openstreetmap.org/node/10980404029;cartographie collaborative (OSM);aucun indice fiable
a_preciser;indetermine;Cspe mandela;;non_indique;Adjarra;Ouémé;;6.509296;2.639609;https://www.openstreetmap.org/node/10980404030;cartographie collaborative (OSM);aucun indice fiable
a_preciser;indetermine;ONG islamique;;confessionnel;Adjarra;Ouémé;;6.511378;2.685866;https://www.openstreetmap.org/node/10980409348;cartographie collaborative (OSM);aucun indice fiable
secondaire_general;ceg;CEG Epp Kpota;;public;Adjarra;Ouémé;;6.496145;2.653516;https://www.openstreetmap.org/node/10980410360;cartographie collaborative (OSM);nom : CEG
a_preciser;indetermine;CSP Bonne semence;;non_indique;Adjarra;Ouémé;;6.513326;2.636391;https://www.openstreetmap.org/node/10980412847;cartographie collaborative (OSM);aucun indice fiable
a_preciser;indetermine;CSP Le flambeau;;non_indique;Adjarra;Ouémé;;6.513764;2.646534;https://www.openstreetmap.org/node/10980412848;cartographie collaborative (OSM);aucun indice fiable
a_preciser;complexe_scolaire;Complexe Scolaire La sagesse Divine Plus;;non_indique;Adjarra;Ouémé;;6.517320;2.663089;https://www.openstreetmap.org/node/10980416701;cartographie collaborative (OSM);nom : complexe / groupe scolaire
primaire;ecole_primaire;EPP Aholouko;;public;Adjarra;Ouémé;;6.536608;2.662153;https://www.openstreetmap.org/node/10980416702;cartographie collaborative (OSM);nom : école primaire
a_preciser;indetermine;Guide de nos enfants;;non_indique;Adjarra;Ouémé;;6.517697;2.643226;https://www.openstreetmap.org/node/10980417935;cartographie collaborative (OSM);aucun indice fiable
a_preciser;indetermine;Centre des Sourds;;non_indique;Adjarra;Ouémé;;6.518589;2.650856;https://www.openstreetmap.org/node/10980421400;cartographie collaborative (OSM);aucun indice fiable
a_preciser;indetermine;CSP Les merveilles du monde;;non_indique;Adjarra;Ouémé;;6.517631;2.646484;https://www.openstreetmap.org/node/10980422305;cartographie collaborative (OSM);aucun indice fiable
a_preciser;complexe_scolaire;Complexe Scolaire Privée Le Messie;;prive;Adjarra;Ouémé;;6.511323;2.671354;https://www.openstreetmap.org/node/10980422795;cartographie collaborative (OSM);nom : complexe / groupe scolaire
secondaire_general;ceg;CEG les élites d'adjarra;;public;Adjarra;Ouémé;;6.512619;2.642188;https://www.openstreetmap.org/node/10980423163;cartographie collaborative (OSM);nom : CEG
a_preciser;indetermine;CSP la résurrection;;non_indique;Adjarra;Ouémé;;6.510995;2.646559;https://www.openstreetmap.org/node/10980425333;cartographie collaborative (OSM);aucun indice fiable
a_preciser;indetermine;CSP les élites d'adjarra;;non_indique;Adjarra;Ouémé;;6.512614;2.641639;https://www.openstreetmap.org/node/10980425335;cartographie collaborative (OSM);aucun indice fiable
a_preciser;indetermine;CSP le Jourdain;;non_indique;Adjarra;Ouémé;;6.534814;2.662613;https://www.openstreetmap.org/node/10980425668;cartographie collaborative (OSM);aucun indice fiable
primaire;ecole_primaire;EPP Hounhoueko C;;public;Adjarra;Ouémé;;6.535240;2.664052;https://www.openstreetmap.org/node/10980427862;cartographie collaborative (OSM);nom : école primaire
primaire;ecole_primaire;EPP HOUNHOUEKO AB;;public;Adjarra;Ouémé;;6.535303;2.663614;https://www.openstreetmap.org/node/10980431146;cartographie collaborative (OSM);nom : école primaire
a_preciser;indetermine;CSP la main de Dieu;;non_indique;Adjarra;Ouémé;;6.532812;2.668546;https://www.openstreetmap.org/node/10980431147;cartographie collaborative (OSM);aucun indice fiable
secondaire_general;college;Collège Privé d'enseignement général Étoile D'orient;;prive;Adjarra;Ouémé;;6.513832;2.669068;https://www.openstreetmap.org/node/10980437963;cartographie collaborative (OSM);nom : collège
a_preciser;indetermine;Le LAURÉAT;;non_indique;Adjarra;Ouémé;;6.520083;2.648574;https://www.openstreetmap.org/node/10980438542;cartographie collaborative (OSM);aucun indice fiable
primaire;ecole_primaire;EPP DROGBO;;public;Adjarra;Ouémé;;6.521014;2.678928;https://www.openstreetmap.org/node/10980444530;cartographie collaborative (OSM);nom : école primaire
maternel;ecole_maternelle;École maternelle de tchakou;;non_indique;Adjarra;Ouémé;;6.485494;2.704205;https://www.openstreetmap.org/node/10980451700;cartographie collaborative (OSM);nom : maternelle
a_preciser;indetermine;La Cité du Roi Salomon;;non_indique;Adjarra;Ouémé;;6.487134;2.701250;https://www.openstreetmap.org/node/10980452628;cartographie collaborative (OSM);aucun indice fiable
a_preciser;indetermine;CSP MAGNIFICAT;;non_indique;Adjarra;Ouémé;;6.496632;2.701288;https://www.openstreetmap.org/node/10980457636;cartographie collaborative (OSM);aucun indice fiable
primaire;ecole_primaire;EPP MÉDÉDJONOU SÈMÉ;;public;Adjarra;Ouémé;;6.489519;2.698271;https://www.openstreetmap.org/node/10980478088;cartographie collaborative (OSM);nom : école primaire
primaire;ecole_primaire;Epp lindja-dangbo;;public;Adjarra;Ouémé;;6.491541;2.703345;https://www.openstreetmap.org/node/10980481852;cartographie collaborative (OSM);nom : école primaire
a_preciser;complexe_scolaire;COMPLEXE scolaire privé ma joie Promise;;prive;Adjarra;Ouémé;;6.508196;2.690332;https://www.openstreetmap.org/node/10980506919;cartographie collaborative (OSM);nom : complexe / groupe scolaire
a_preciser;indetermine;CSP les chevaliers;;non_indique;Adjarra;Ouémé;;6.505647;2.658382;https://www.openstreetmap.org/node/10989947601;cartographie collaborative (OSM);aucun indice fiable
primaire;ecole_primaire;EPP Agata;;public;Adjarra;Ouémé;;6.503362;2.651677;https://www.openstreetmap.org/node/10989972764;cartographie collaborative (OSM);nom : école primaire
a_preciser;indetermine;CSP Succès au cœur;;non_indique;Adjarra;Ouémé;;6.506624;2.661609;https://www.openstreetmap.org/node/10989978855;cartographie collaborative (OSM);aucun indice fiable
a_preciser;indetermine;International Marie auxiliatrice school;;non_indique;Adjarra;Ouémé;;6.507446;2.660498;https://www.openstreetmap.org/node/10989983552;cartographie collaborative (OSM);aucun indice fiable
a_preciser;indetermine;CSP houetognon;;non_indique;Adjarra;Ouémé;;6.514837;2.659341;https://www.openstreetmap.org/node/10989987072;cartographie collaborative (OSM);aucun indice fiable
a_preciser;indetermine;CSP Marie auxiliatrice;;non_indique;Adjarra;Ouémé;;6.507752;2.661511;https://www.openstreetmap.org/node/10989988703;cartographie collaborative (OSM);aucun indice fiable
secondaire_general;ceg;CEG de yevie;;public;Adjarra;Ouémé;;6.506139;2.656212;https://www.openstreetmap.org/node/10989991202;cartographie collaborative (OSM);nom : CEG
a_preciser;indetermine;CSP les chevaliers;;non_indique;Adjarra;Ouémé;;6.505657;2.658603;https://www.openstreetmap.org/node/10989994372;cartographie collaborative (OSM);aucun indice fiable
a_preciser;complexe_scolaire;Complexe Scolaire Moustapha nassiratou;;non_indique;Adjarra;Ouémé;;6.516716;2.667847;https://www.openstreetmap.org/node/10989998393;cartographie collaborative (OSM);nom : complexe / groupe scolaire
a_preciser;complexe_scolaire;Complexe scolaire ma joie Promise primaire;;non_indique;Adjarra;Ouémé;;6.508110;2.690319;https://www.openstreetmap.org/node/10990006888;cartographie collaborative (OSM);nom : complexe / groupe scolaire
superieur;universite;Université catholique bilingue;;confessionnel;Adjarra;Ouémé;;6.509086;2.676998;https://www.openstreetmap.org/node/10990014499;cartographie collaborative (OSM);nom : université
a_preciser;complexe_scolaire;Complexe Scolaire Privé la Destinée;;prive;Adjarra;Ouémé;;6.509260;2.655660;https://www.openstreetmap.org/node/10990033618;cartographie collaborative (OSM);nom : complexe / groupe scolaire
a_preciser;complexe_scolaire;Complexe scolaire ma joie Promise secondaire;;non_indique;Adjarra;Ouémé;;6.508141;2.690274;https://www.openstreetmap.org/node/10990042408;cartographie collaborative (OSM);nom : complexe / groupe scolaire
secondaire_general;ceg;Ceg Yevie;;public;Adjarra;Ouémé;;6.507340;2.656493;https://www.openstreetmap.org/node/10990058176;cartographie collaborative (OSM);nom : CEG
superieur;universite;University for English;;non_indique;Adjarra;Ouémé;;6.520728;2.654861;https://www.openstreetmap.org/node/10990058180;cartographie collaborative (OSM);nom : université
a_preciser;complexe_scolaire;Complexe Scolaire le Droit Chemin;;non_indique;Adjarra;Ouémé;;6.509280;2.654609;https://www.openstreetmap.org/node/10990073126;cartographie collaborative (OSM);nom : complexe / groupe scolaire
a_preciser;indetermine;CSP le mérite;;non_indique;Adjarra;Ouémé;;6.501945;2.654025;https://www.openstreetmap.org/node/10990123489;cartographie collaborative (OSM);aucun indice fiable
a_preciser;indetermine;La sagesse de Dieu;;non_indique;Adjarra;Ouémé;;6.501454;2.651344;https://www.openstreetmap.org/node/10990126201;cartographie collaborative (OSM);aucun indice fiable
maternel;ecole_maternelle;École privée maternelle félicitation;;prive;Adjarra;Ouémé;;6.496858;2.689645;https://www.openstreetmap.org/node/10990127892;cartographie collaborative (OSM);nom : maternelle
technique_et_formation;lycee_technique;Lycée technique (le leader);;non_indique;Adjarra;Ouémé;;6.525307;2.663393;https://www.openstreetmap.org/node/10990136866;cartographie collaborative (OSM);nom : lycée technique/agricole
a_preciser;indetermine;CSP le référentiel du savoir;;non_indique;Adjarra;Ouémé;;6.500343;2.654747;https://www.openstreetmap.org/node/10990142383;cartographie collaborative (OSM);aucun indice fiable
a_preciser;indetermine;École primaire publique de Gbehadji;;public;Adjarra;Ouémé;;6.499360;2.695953;https://www.openstreetmap.org/node/10990146795;cartographie collaborative (OSM);aucun indice fiable
superieur;enseignement_superieur;Institut national de la jeunesse de l'éducation physique et du sport (INJEPS);;non_indique;Adjarra;Ouémé;;6.501622;2.692604;https://www.openstreetmap.org/node/10990154343;cartographie collaborative (OSM);nom : école supérieure / institut
a_preciser;indetermine;Conplexe scolaire privé don de Dieu;;prive;Adjarra;Ouémé;;6.520315;2.658873;https://www.openstreetmap.org/node/10990159744;cartographie collaborative (OSM);aucun indice fiable
a_preciser;indetermine;CPS la référence salem;;non_indique;Adjarra;Ouémé;;6.522294;2.661732;https://www.openstreetmap.org/node/10990163400;cartographie collaborative (OSM);aucun indice fiable
a_preciser;indetermine;École primaire privée félicitation;;prive;Adjarra;Ouémé;;6.496861;2.689694;https://www.openstreetmap.org/node/10990166368;cartographie collaborative (OSM);aucun indice fiable
a_preciser;indetermine;École primaire publique de mededjonou;;public;Adjarra;Ouémé;;6.499477;2.700216;https://www.openstreetmap.org/node/10990171655;cartographie collaborative (OSM);aucun indice fiable
maternel;ecole_maternelle;École maternelle publique de mededjonou;;public;Adjarra;Ouémé;;6.499007;2.697756;https://www.openstreetmap.org/node/10990186906;cartographie collaborative (OSM);nom : maternelle
a_preciser;indetermine;CS Temple du savoir;;non_indique;Adjarra;Ouémé;;6.499631;2.659692;https://www.openstreetmap.org/node/10990199381;cartographie collaborative (OSM);aucun indice fiable
a_preciser;indetermine;Congrégation des sœurs esclaves de la très sainte eucharistie de la mère de dieu;;confessionnel;Adjarra;Ouémé;;6.518565;2.684021;https://www.openstreetmap.org/node/10990225203;cartographie collaborative (OSM);aucun indice fiable
a_preciser;indetermine;Complexes scolaires de Houegbo;;non_indique;Adjarra;Ouémé;;6.529127;2.674018;https://www.openstreetmap.org/node/10990264948;cartographie collaborative (OSM);aucun indice fiable
maternel;ecole_maternelle;École maternelle publique de pkota;;public;Adjarra;Ouémé;;6.529282;2.671477;https://www.openstreetmap.org/node/10990269140;cartographie collaborative (OSM);nom : maternelle
a_preciser;complexe_scolaire;Complexe Scolaire saint Lambert;;confessionnel;Adjarra;Ouémé;;6.512696;2.663981;https://www.openstreetmap.org/node/10992320461;cartographie collaborative (OSM);nom : complexe / groupe scolaire
a_preciser;indetermine;CSP sainte Odette;;confessionnel;Adjarra;Ouémé;;6.517285;2.686433;https://www.openstreetmap.org/node/10992333036;cartographie collaborative (OSM);aucun indice fiable
maternel;ecole_maternelle;École maternelle saint Lambert;;confessionnel;Adjarra;Ouémé;;6.512705;2.663832;https://www.openstreetmap.org/node/10992335926;cartographie collaborative (OSM);nom : maternelle
a_preciser;indetermine;CPS prive franco- arabe;;prive;Adjarra;Ouémé;;6.522847;2.672696;https://www.openstreetmap.org/node/10992335927;cartographie collaborative (OSM);aucun indice fiable
a_preciser;indetermine;CSP le Secret de l'excellence;;non_indique;Adjarra;Ouémé;;6.521230;2.665266;https://www.openstreetmap.org/node/10992335928;cartographie collaborative (OSM);aucun indice fiable
a_preciser;indetermine;La congrégation des sœurs esclave de la très sainte eucharistie et de mère de Dieu;;confessionnel;Adjarra;Ouémé;;6.518924;2.684047;https://www.openstreetmap.org/node/10992359312;cartographie collaborative (OSM);aucun indice fiable
secondaire_general;college;Collège vision d'Afrique;;non_indique;Adjarra;Ouémé;;6.519579;2.646316;https://www.openstreetmap.org/node/10992637172;cartographie collaborative (OSM);nom : collège
a_preciser;indetermine;CSP la sagesse Divine;;non_indique;Adjarra;Ouémé;;6.490774;2.665503;https://www.openstreetmap.org/node/10992681674;cartographie collaborative (OSM);aucun indice fiable
a_preciser;indetermine;CSP la recherche;;non_indique;Adjarra;Ouémé;;6.525617;2.654502;https://www.openstreetmap.org/node/10992685098;cartographie collaborative (OSM);aucun indice fiable
primaire;ecole_primaire;EPP kpovié gbada;;public;Avrankou;Ouémé;;6.524684;2.643914;https://www.openstreetmap.org/node/10992689116;cartographie collaborative (OSM);nom : école primaire
a_preciser;indetermine;École catholique de malanhoui;;confessionnel;Adjarra;Ouémé;;6.492869;2.664498;https://www.openstreetmap.org/node/10992691168;cartographie collaborative (OSM);aucun indice fiable
maternel;ecole_maternelle;Complexe scolaire privé maternelle le compétent;;prive;Adjarra;Ouémé;;6.484423;2.662311;https://www.openstreetmap.org/node/10992702441;cartographie collaborative (OSM);nom : maternelle
a_preciser;complexe_scolaire;Complexe scolaire privé primaire stella;;prive;Adjarra;Ouémé;;6.485304;2.657107;https://www.openstreetmap.org/node/10992702442;cartographie collaborative (OSM);nom : complexe / groupe scolaire
a_preciser;indetermine;Foyer saint Bibiane pour jeunes collégiennes et lycéenne;;confessionnel;Adjarra;Ouémé;;6.496524;2.664204;https://www.openstreetmap.org/node/10992709079;cartographie collaborative (OSM);aucun indice fiable
a_preciser;indetermine;CSP Saint Moïse;;confessionnel;Adjarra;Ouémé;;6.495664;2.657708;https://www.openstreetmap.org/node/10992709271;cartographie collaborative (OSM);aucun indice fiable
a_preciser;indetermine;CS Enicio-Enicia;;non_indique;Adjarra;Ouémé;;6.494674;2.660541;https://www.openstreetmap.org/node/10992714160;cartographie collaborative (OSM);aucun indice fiable
a_preciser;complexe_scolaire;Complexe scolaire privé primaire le compétent;;prive;Adjarra;Ouémé;;6.484406;2.662339;https://www.openstreetmap.org/node/10992714161;cartographie collaborative (OSM);nom : complexe / groupe scolaire
a_preciser;complexe_scolaire;Complexe scolaire privé la gloire messainique;;prive;Adjarra;Ouémé;;6.488746;2.665527;https://www.openstreetmap.org/node/10992727717;cartographie collaborative (OSM);nom : complexe / groupe scolaire
maternel;ecole_maternelle;Complexe scolaire privé maternelle stella;;prive;Adjarra;Ouémé;;6.485362;2.657180;https://www.openstreetmap.org/node/10992728660;cartographie collaborative (OSM);nom : maternelle
a_preciser;complexe_scolaire;Complexe scolaire acendance Adovie abiko;;non_indique;Adjarra;Ouémé;;6.528756;2.659036;https://www.openstreetmap.org/node/10992740955;cartographie collaborative (OSM);nom : complexe / groupe scolaire
primaire;ecole_primaire;EPP malanhoui;;public;Adjarra;Ouémé;;6.487638;2.660401;https://www.openstreetmap.org/node/10992745523;cartographie collaborative (OSM);nom : école primaire
secondaire_general;college;Complexe scolaire acendance (collège);;non_indique;Adjarra;Ouémé;;6.529334;2.659215;https://www.openstreetmap.org/node/10992751825;cartographie collaborative (OSM);nom : collège
a_preciser;complexe_scolaire;Complexe Scolaire Privé Bel Espoir;;prive;Adjarra;Ouémé;;6.513749;2.651122;https://www.openstreetmap.org/node/10992850324;cartographie collaborative (OSM);nom : complexe / groupe scolaire
a_preciser;complexe_scolaire;Complexe Scolaire Privé Bel Espoir Groupe A et B;;prive;Adjarra;Ouémé;;6.512698;2.651803;https://www.openstreetmap.org/node/10992851268;cartographie collaborative (OSM);nom : complexe / groupe scolaire
a_preciser;complexe_scolaire;Complexe Scolaire de Honvie;;non_indique;Adjarra;Ouémé;;6.516643;2.654778;https://www.openstreetmap.org/node/10992902438;cartographie collaborative (OSM);nom : complexe / groupe scolaire
secondaire_general;college;Complexe Scolaire Collège Privé ( Enseignement Général et Industriel);;prive;Adjarra;Ouémé;;6.513021;2.651262;https://www.openstreetmap.org/node/10992903910;cartographie collaborative (OSM);nom : collège
a_preciser;indetermine;CSP gpep;;non_indique;Adjarra;Ouémé;;6.481549;2.670444;https://www.openstreetmap.org/node/11067616435;cartographie collaborative (OSM);aucun indice fiable
a_preciser;indetermine;Les jumeaux;;non_indique;Adjarra;Ouémé;;6.478177;2.668393;https://www.openstreetmap.org/node/11067619592;cartographie collaborative (OSM);aucun indice fiable
a_preciser;complexe_scolaire;Complexe scolaire la clé de la connaissance;;non_indique;Adjarra;Ouémé;;6.477057;2.661055;https://www.openstreetmap.org/node/11067645204;cartographie collaborative (OSM);nom : complexe / groupe scolaire
maternel;ecole_maternelle;École maternelle publique de Vidjinan;;public;Adjarra;Ouémé;;6.469408;2.666245;https://www.openstreetmap.org/node/11067668830;cartographie collaborative (OSM);nom : maternelle
a_preciser;complexe_scolaire;Complexe scolaire privé la bénédiction divine;;prive;Adjarra;Ouémé;;6.469488;2.664175;https://www.openstreetmap.org/node/11067669986;cartographie collaborative (OSM);nom : complexe / groupe scolaire
a_preciser;complexe_scolaire;Complexe scolaire le succès;;non_indique;Adjarra;Ouémé;;6.480885;2.666455;https://www.openstreetmap.org/node/11067683810;cartographie collaborative (OSM);nom : complexe / groupe scolaire
a_preciser;complexe_scolaire;Complexe scolaire chemin du bonheur;;non_indique;Adjarra;Ouémé;;6.473238;2.663416;https://www.openstreetmap.org/node/11067688784;cartographie collaborative (OSM);nom : complexe / groupe scolaire
secondaire_general;college;Collège technique les jumeaux;;non_indique;Adjarra;Ouémé;;6.477977;2.668326;https://www.openstreetmap.org/node/11067699029;cartographie collaborative (OSM);nom : collège
secondaire_general;college;Collège Moderne Hamdan ben Rachid;;non_indique;Parakou;Borgou;;9.347801;2.640421;https://www.openstreetmap.org/node/11075358086;cartographie collaborative (OSM);nom : collège
maternel;ecole_maternelle;École maternelle de Ladji farani;;non_indique;Parakou;Borgou;;9.339719;2.631151;https://www.openstreetmap.org/node/11075405157;cartographie collaborative (OSM);nom : maternelle
a_preciser;indetermine;École CSP les competents;;non_indique;Parakou;Borgou;;9.351412;2.651487;https://www.openstreetmap.org/node/11075425041;cartographie collaborative (OSM);aucun indice fiable
a_preciser;indetermine;École catholique Mgr FAROUD;;confessionnel;Parakou;Borgou;;9.349010;2.638176;https://www.openstreetmap.org/node/11075425758;cartographie collaborative (OSM);aucun indice fiable
maternel;ecole_maternelle;École maternelle Jean Maurice catroux;;non_indique;Parakou;Borgou;;9.349006;2.637991;https://www.openstreetmap.org/node/11075442221;cartographie collaborative (OSM);nom : maternelle
a_preciser;indetermine;École CSPB;;non_indique;Parakou;Borgou;;9.327463;2.652862;https://www.openstreetmap.org/node/11075468790;cartographie collaborative (OSM);aucun indice fiable
a_preciser;indetermine;École komkoba;;non_indique;Parakou;Borgou;;9.334443;2.654354;https://www.openstreetmap.org/node/11075595045;cartographie collaborative (OSM);aucun indice fiable
a_preciser;indetermine;CSP la Fontaine;;non_indique;Parakou;Borgou;;9.336724;2.652629;https://www.openstreetmap.org/node/11075595050;cartographie collaborative (OSM);aucun indice fiable
a_preciser;indetermine;École komkoba;;non_indique;Parakou;Borgou;;9.322831;2.647992;https://www.openstreetmap.org/node/11075596084;cartographie collaborative (OSM);aucun indice fiable
secondaire_general;ceg;CEG Baka;;public;Parakou;Borgou;;9.333299;2.655173;https://www.openstreetmap.org/node/11075632224;cartographie collaborative (OSM);nom : CEG
primaire;ecole_primaire;Epp baka;;public;Parakou;Borgou;;9.318105;2.672266;https://www.openstreetmap.org/node/11075661206;cartographie collaborative (OSM);nom : école primaire
a_preciser;indetermine;La cité du savoir;;non_indique;Parakou;Borgou;;9.351241;2.645925;https://www.openstreetmap.org/node/11075689289;cartographie collaborative (OSM);aucun indice fiable
a_preciser;indetermine;(sans nom);;non_indique;Parakou;Borgou;;9.354146;2.645663;https://www.openstreetmap.org/node/11075856345;cartographie collaborative (OSM);aucun indice fiable
secondaire_general;ceg;CEG NIMA;;public;Parakou;Borgou;;9.358320;2.646375;https://www.openstreetmap.org/node/11075977776;cartographie collaborative (OSM);nom : CEG
a_preciser;indetermine;LE FLAMBEAU;;non_indique;Parakou;Borgou;;9.362977;2.645902;https://www.openstreetmap.org/node/11076004840;cartographie collaborative (OSM);aucun indice fiable
a_preciser;indetermine;Centre al-hanifiyath pour le développement social;;non_indique;Adjarra;Ouémé;;6.468574;2.679840;https://www.openstreetmap.org/node/11079049691;cartographie collaborative (OSM);aucun indice fiable
primaire;ecole_primaire;Epp bokovi tokomey;;public;Adjarra;Ouémé;;6.468927;2.685647;https://www.openstreetmap.org/node/11079050989;cartographie collaborative (OSM);nom : école primaire
secondaire_general;ceg;Ceg Aglogbe;;public;Adjarra;Ouémé;;6.471356;2.676042;https://www.openstreetmap.org/node/11079055640;cartographie collaborative (OSM);nom : CEG
a_preciser;indetermine;Espoir Bignon;;non_indique;Adjarra;Ouémé;;6.470210;2.684682;https://www.openstreetmap.org/node/11079065076;cartographie collaborative (OSM);aucun indice fiable
a_preciser;complexe_scolaire;Complexe scolaire primaire le salut divin gracieux;;non_indique;Adjarra;Ouémé;;6.476971;2.689568;https://www.openstreetmap.org/node/11083317876;cartographie collaborative (OSM);nom : complexe / groupe scolaire
primaire;ecole_primaire;EPP De OUEKE;;public;Adjarra;Ouémé;;6.484345;2.687354;https://www.openstreetmap.org/node/11083336772;cartographie collaborative (OSM);nom : école primaire
secondaire_general;ceg;CEG de odo-hongla;;public;Adjarra;Ouémé;;6.472570;2.703397;https://www.openstreetmap.org/node/11083336773;cartographie collaborative (OSM);nom : CEG
a_preciser;indetermine;École secondaire d'odo;;non_indique;Adjarra;Ouémé;;6.475993;2.694897;https://www.openstreetmap.org/node/11083339629;cartographie collaborative (OSM);aucun indice fiable
a_preciser;complexe_scolaire;Complexe scolaire martenel le salut divin;;non_indique;Adjarra;Ouémé;;6.476990;2.689661;https://www.openstreetmap.org/node/11083379069;cartographie collaborative (OSM);nom : complexe / groupe scolaire
primaire;ecole_primaire;Epp Kombè;;public;Parakou;Borgou;;9.350349;2.620471;https://www.openstreetmap.org/node/11098002417;cartographie collaborative (OSM);nom : école primaire
a_preciser;indetermine;(sans nom);;non_indique;Parakou;Borgou;;9.355135;2.626869;https://www.openstreetmap.org/node/11142087110;cartographie collaborative (OSM);aucun indice fiable
a_preciser;complexe_scolaire;Complexe Scolaire Ciracide;;non_indique;Sèmè-Podji;Ouémé;;6.389070;2.445437;https://www.openstreetmap.org/node/11148841173;cartographie collaborative (OSM);nom : complexe / groupe scolaire
a_preciser;indetermine;CSP le socle du savoir;;non_indique;Parakou;Borgou;;9.349284;2.621354;https://www.openstreetmap.org/node/11202171729;cartographie collaborative (OSM);aucun indice fiable
primaire;ecole_primaire;EPP Abdoulaye Issa;;public;Parakou;Borgou;;9.341774;2.622459;https://www.openstreetmap.org/node/11202189619;cartographie collaborative (OSM);nom : école primaire
secondaire_general;college;Collège d'Enseignement Secondaire Application;;non_indique;Porto-Novo;Ouémé;;6.482244;2.614878;https://www.openstreetmap.org/node/11412521450;cartographie collaborative (OSM);nom : collège
primaire;ecole_primaire;EPP KOMEY;;public;Djidja;Zou;;7.400357;1.953077;https://www.openstreetmap.org/node/11944495585;cartographie collaborative (OSM);nom : école primaire
secondaire_general;ceg;CEG Hinvi;;public;Allada;Atlantique;;6.771338;2.168338;https://www.openstreetmap.org/node/12061581804;cartographie collaborative (OSM);nom : CEG
primaire;ecole_primaire;EPP Tankpè;;public;Abomey-Calavi;Atlantique;;6.422875;2.324443;https://www.openstreetmap.org/node/12061597052;cartographie collaborative (OSM);nom : école primaire
primaire;ecole_primaire;EPP Hinvi usine;;public;Allada;Atlantique;;6.765913;2.179445;https://www.openstreetmap.org/node/12061599657;cartographie collaborative (OSM);nom : école primaire
a_preciser;complexe_scolaire;Complexe scolaire Dagobert 1er;;non_indique;Allada;Atlantique;;6.669789;2.166895;https://www.openstreetmap.org/node/12061606427;cartographie collaborative (OSM);nom : complexe / groupe scolaire
a_preciser;indetermine;École Bilingue Chrétienne d'Allada;;non_indique;Allada;Atlantique;;6.664960;2.155198;https://www.openstreetmap.org/node/12061611267;cartographie collaborative (OSM);aucun indice fiable
a_preciser;indetermine;École primaire publique d'Attogon;;public;Allada;Atlantique;;6.724666;2.166277;https://www.openstreetmap.org/node/12061612209;cartographie collaborative (OSM);aucun indice fiable
primaire;ecole_primaire;EPP ALLOMEY;;public;Allada;Atlantique;;6.664876;2.150428;https://www.openstreetmap.org/node/12061613061;cartographie collaborative (OSM);nom : école primaire
a_preciser;indetermine;CSP LE succès 2;;non_indique;Allada;Atlantique;;6.766108;2.185484;https://www.openstreetmap.org/node/12061613499;cartographie collaborative (OSM);aucun indice fiable
secondaire_general;college;Collège Catholique Sainte Jeanne d'Arc d'Allada;;confessionnel;Allada;Atlantique;;6.664260;2.153461;https://www.openstreetmap.org/node/12061617154;cartographie collaborative (OSM);nom : collège
secondaire_general;ceg;Collège d'enseignement général;;non_indique;Allada;Atlantique;;6.729506;2.160539;https://www.openstreetmap.org/node/12061618827;cartographie collaborative (OSM);nom : CEG
a_preciser;complexe_scolaire;Complexe scolaire bilingue sainte mère Theresa;;confessionnel;Abomey-Calavi;Atlantique;;6.432052;2.344298;https://www.openstreetmap.org/node/12061620433;cartographie collaborative (OSM);nom : complexe / groupe scolaire
a_preciser;indetermine;Les surdoués;;non_indique;Abomey-Calavi;Atlantique;;6.418274;2.335575;https://www.openstreetmap.org/node/12061621665;cartographie collaborative (OSM);aucun indice fiable
primaire;ecole_primaire;EPP;;public;Allada;Atlantique;;6.726828;2.165942;https://www.openstreetmap.org/node/12061622043;cartographie collaborative (OSM);nom : école primaire
superieur_ou_formation;enseignement_superieur_ou_formation;Uacstartup Valley;;non_indique;Abomey-Calavi;Atlantique;;6.460331;2.356374;https://www.openstreetmap.org/node/12061625870;cartographie collaborative (OSM);attribut amenity=college
a_preciser;complexe_scolaire;Complexe Scolaire Allada Centre A B C;;non_indique;Allada;Atlantique;;6.662686;2.152973;https://www.openstreetmap.org/node/12061625872;cartographie collaborative (OSM);nom : complexe / groupe scolaire
a_preciser;complexe_scolaire;Complexe scolaire de Lissegazou;;non_indique;Allada;Atlantique;;6.630643;2.092132;https://www.openstreetmap.org/node/12061655359;cartographie collaborative (OSM);nom : complexe / groupe scolaire
secondaire_general;ceg;CEG Hinvi;;public;Allada;Atlantique;;6.771349;2.168366;https://www.openstreetmap.org/node/12062935392;cartographie collaborative (OSM);nom : CEG
primaire;ecole_primaire;EPP ATTOGON;;public;Allada;Atlantique;;6.716308;2.157505;https://www.openstreetmap.org/node/12063363902;cartographie collaborative (OSM);nom : école primaire
a_preciser;complexe_scolaire;Complexe scolaire ''Misericorde Divine '';;non_indique;Allada;Atlantique;;6.705280;2.150607;https://www.openstreetmap.org/node/12063381994;cartographie collaborative (OSM);nom : complexe / groupe scolaire
a_preciser;complexe_scolaire;Complexe Scolaire Sainte Fored;;confessionnel;Abomey-Calavi;Atlantique;;6.429190;2.337233;https://www.openstreetmap.org/node/12078449980;cartographie collaborative (OSM);nom : complexe / groupe scolaire
superieur;enseignement_superieur;Institut de Mathématiques et des Sciences Physiques;;non_indique;Dangbo;Ouémé;;6.602744;2.545330;https://www.openstreetmap.org/node/12120592491;cartographie collaborative (OSM);nom : école supérieure / institut
superieur;universite;Amphi UEMOA;;non_indique;Adjarra;Ouémé;;6.515834;2.675819;https://www.openstreetmap.org/node/12139574112;cartographie collaborative (OSM);attribut amenity=university
secondaire_general;ceg;CEG Agoué;;public;Grand-Popo;Mono;;6.252133;1.688104;https://www.openstreetmap.org/node/12144235123;cartographie collaborative (OSM);nom : CEG
secondaire_general;college;Collège privé d'enseignement général saint Luc;;prive;Akpro-Missérété;Ouémé;;6.547760;2.583336;https://www.openstreetmap.org/node/12145761713;cartographie collaborative (OSM);nom : collège
a_preciser;complexe_scolaire;Complexe scolaire Dodji;;non_indique;Avrankou;Ouémé;;6.544791;2.616410;https://www.openstreetmap.org/node/12146041039;cartographie collaborative (OSM);nom : complexe / groupe scolaire
maternel;ecole_maternelle;École Maternelle de Gomè - Sota;;non_indique;Akpro-Missérété;Ouémé;;6.580951;2.591756;https://www.openstreetmap.org/node/12146085369;cartographie collaborative (OSM);nom : maternelle
a_preciser;complexe_scolaire;Complexe scolaire privé les arrons;;prive;Akpro-Missérété;Ouémé;;6.537364;2.589384;https://www.openstreetmap.org/node/12146108565;cartographie collaborative (OSM);nom : complexe / groupe scolaire
a_preciser;complexe_scolaire;Complexe scolaire AVE MARIA;;non_indique;Akpro-Missérété;Ouémé;;6.542994;2.582557;https://www.openstreetmap.org/node/12146134115;cartographie collaborative (OSM);nom : complexe / groupe scolaire
a_preciser;complexe_scolaire;Complexe Scolaire Akpro-Missérété ABC;;non_indique;Akpro-Missérété;Ouémé;;6.558667;2.587840;https://www.openstreetmap.org/node/12146134230;cartographie collaborative (OSM);nom : complexe / groupe scolaire
a_preciser;complexe_scolaire;Complexe scolaire bilingue;;non_indique;Akpro-Missérété;Ouémé;;6.567517;2.597100;https://www.openstreetmap.org/node/12146145329;cartographie collaborative (OSM);nom : complexe / groupe scolaire
a_preciser;indetermine;Notre dame de la Persévérance;;non_indique;Akpro-Missérété;Ouémé;;6.599409;2.590255;https://www.openstreetmap.org/node/12146149229;cartographie collaborative (OSM);aucun indice fiable
a_preciser;complexe_scolaire;Complexe scolaire le formateur d'abogomain;;non_indique;Akpro-Missérété;Ouémé;;6.542189;2.579679;https://www.openstreetmap.org/node/12146153220;cartographie collaborative (OSM);nom : complexe / groupe scolaire
a_preciser;indetermine;LA DIVINE SHALOM;;non_indique;Akpro-Missérété;Ouémé;;6.580560;2.590232;https://www.openstreetmap.org/node/12146154376;cartographie collaborative (OSM);aucun indice fiable
a_preciser;indetermine;École primaire publique;;public;Akpro-Missérété;Ouémé;;6.606435;2.590605;https://www.openstreetmap.org/node/12146154377;cartographie collaborative (OSM);aucun indice fiable
a_preciser;indetermine;"Le challenge ""ALFURAIH""";;non_indique;Akpro-Missérété;Ouémé;;6.565936;2.597143;https://www.openstreetmap.org/node/12146154568;cartographie collaborative (OSM);aucun indice fiable
a_preciser;indetermine;Notre dame de la Persévérance;;non_indique;Akpro-Missérété;Ouémé;;6.599932;2.589780;https://www.openstreetmap.org/node/12146159166;cartographie collaborative (OSM);aucun indice fiable
primaire;ecole_primaire;EPP MISSERETE ADANMAYI;;public;Akpro-Missérété;Ouémé;;6.557072;2.590440;https://www.openstreetmap.org/node/12146159590;cartographie collaborative (OSM);nom : école primaire
a_preciser;indetermine;CSP LES VAILLANTS;;non_indique;Akpro-Missérété;Ouémé;;6.569820;2.592815;https://www.openstreetmap.org/node/12146161230;cartographie collaborative (OSM);aucun indice fiable
a_preciser;complexe_scolaire;Complexe scolaire Saint Luc;;confessionnel;Akpro-Missérété;Ouémé;;6.547759;2.583381;https://www.openstreetmap.org/node/12146161311;cartographie collaborative (OSM);nom : complexe / groupe scolaire
a_preciser;complexe_scolaire;Cours primaire publique;;public;Akpro-Missérété;Ouémé;;6.589531;2.589726;https://www.openstreetmap.org/node/12146163377;cartographie collaborative (OSM);nom : complexe / groupe scolaire
secondaire_general;ceg;CEG 1 MISSERETE;;public;Akpro-Missérété;Ouémé;;6.553347;2.588628;https://www.openstreetmap.org/node/12146164607;cartographie collaborative (OSM);nom : CEG
primaire;ecole_primaire;EPP AKPAKANME-GBENONKPO;;public;Akpro-Missérété;Ouémé;;6.570653;2.594219;https://www.openstreetmap.org/node/12146164821;cartographie collaborative (OSM);nom : école primaire
a_preciser;indetermine;CSP LA VOIE DU SUCCÈS;;non_indique;Akpro-Missérété;Ouémé;;6.596946;2.590464;https://www.openstreetmap.org/node/12146164824;cartographie collaborative (OSM);aucun indice fiable
a_preciser;complexe_scolaire;Complexe scolaire Batiste de vankon azohoue;;non_indique;Akpro-Missérété;Ouémé;;6.536770;2.594024;https://www.openstreetmap.org/node/12146165514;cartographie collaborative (OSM);nom : complexe / groupe scolaire
a_preciser;indetermine;CSP LES ANGES DIVINS;;non_indique;Adjarra;Ouémé;;6.509301;2.662304;https://www.openstreetmap.org/node/12146165701;cartographie collaborative (OSM);aucun indice fiable
a_preciser;complexe_scolaire;Complexe scolaire bilingue les prunelles;;non_indique;Akpro-Missérété;Ouémé;;6.538727;2.592136;https://www.openstreetmap.org/node/12146166059;cartographie collaborative (OSM);nom : complexe / groupe scolaire
a_preciser;complexe_scolaire;Complexe scolaire privé l'elite;;prive;Akpro-Missérété;Ouémé;;6.545653;2.569155;https://www.openstreetmap.org/node/12146166060;cartographie collaborative (OSM);nom : complexe / groupe scolaire
a_preciser;indetermine;CSP Soainte Dominique;;non_indique;Akpro-Missérété;Ouémé;;6.585367;2.590711;https://www.openstreetmap.org/node/12146166436;cartographie collaborative (OSM);aucun indice fiable
a_preciser;indetermine;CSP BILINGUE La sécurité en Éducation;;non_indique;Akpro-Missérété;Ouémé;;6.548749;2.589040;https://www.openstreetmap.org/node/12146166832;cartographie collaborative (OSM);aucun indice fiable
a_preciser;indetermine;CSP MIVENOUMEDE;;non_indique;Adja-Ouèrè;Plateau;;6.911917;2.622037;https://www.openstreetmap.org/node/12151134962;cartographie collaborative (OSM);aucun indice fiable
a_preciser;complexe_scolaire;Complexe Scolaire Évangélique Rehoboth;;non_indique;Adja-Ouèrè;Plateau;;6.913331;2.617476;https://www.openstreetmap.org/node/12151157293;cartographie collaborative (OSM);nom : complexe / groupe scolaire
a_preciser;indetermine;CSP LA GLOIRE DIVINE;;non_indique;Adja-Ouèrè;Plateau;;6.910087;2.615182;https://www.openstreetmap.org/node/12151160588;cartographie collaborative (OSM);aucun indice fiable
primaire;ecole_primaire;Epp Djikpê;;public;Adja-Ouèrè;Plateau;;6.908194;2.611155;https://www.openstreetmap.org/node/12151184531;cartographie collaborative (OSM);nom : école primaire
primaire;ecole_primaire;EPP Oke Owo;;public;Adja-Ouèrè;Plateau;;6.901766;2.624830;https://www.openstreetmap.org/node/12151187211;cartographie collaborative (OSM);nom : école primaire
a_preciser;indetermine;CSP LES ANGES DIVINS;;non_indique;Adjarra;Ouémé;;6.509111;2.662441;https://www.openstreetmap.org/node/12159043619;cartographie collaborative (OSM);aucun indice fiable
a_preciser;complexe_scolaire;Cours primaire publique Agboto;;public;Adjarra;Ouémé;;6.512002;2.660009;https://www.openstreetmap.org/node/12159103718;cartographie collaborative (OSM);nom : complexe / groupe scolaire
a_preciser;indetermine;CS lumières divine de l'unité;;non_indique;Porto-Novo;Ouémé;;6.515362;2.603570;https://www.openstreetmap.org/node/12159464100;cartographie collaborative (OSM);aucun indice fiable
a_preciser;complexe_scolaire;Complexe scolaire privé saint joseph;;prive;Porto-Novo;Ouémé;;6.510691;2.608611;https://www.openstreetmap.org/node/12159466047;cartographie collaborative (OSM);nom : complexe / groupe scolaire
secondaire_general;college;Collège catholique Notre-Dame de Lourdes d'akonaboe;;confessionnel;Porto-Novo;Ouémé;;6.515124;2.603564;https://www.openstreetmap.org/node/12159475553;cartographie collaborative (OSM);nom : collège
a_preciser;complexe_scolaire;Complexe scolaire privé la priorité;;prive;Porto-Novo;Ouémé;;6.507404;2.603023;https://www.openstreetmap.org/node/12159475555;cartographie collaborative (OSM);nom : complexe / groupe scolaire
a_preciser;indetermine;CSP HOSANNA;;non_indique;Kétou;Plateau;;7.348280;2.592104;https://www.openstreetmap.org/node/12159540654;cartographie collaborative (OSM);aucun indice fiable
secondaire_general;ceg;CEG ouenou;;public;N'Dali;Borgou;;9.790884;2.637356;https://www.openstreetmap.org/node/12193119466;cartographie collaborative (OSM);nom : CEG
a_preciser;indetermine;Cour primaire publique;;public;N'Dali;Borgou;;9.789488;2.638133;https://www.openstreetmap.org/node/12193152121;cartographie collaborative (OSM);aucun indice fiable
a_preciser;indetermine;École primaire publique;;public;N'Dali;Borgou;;9.749668;2.436994;https://www.openstreetmap.org/node/12195211811;cartographie collaborative (OSM);aucun indice fiable
a_preciser;indetermine;École primaire;;non_indique;N'Dali;Borgou;;9.745451;2.445067;https://www.openstreetmap.org/node/12195224936;cartographie collaborative (OSM);aucun indice fiable
maternel;ecole_maternelle;Maternelle;;non_indique;N'Dali;Borgou;;9.745439;2.443626;https://www.openstreetmap.org/node/12195243610;cartographie collaborative (OSM);nom : maternelle
maternel;ecole_maternelle;Centre social;;non_indique;Tchaourou;Borgou;;8.880632;2.598934;https://www.openstreetmap.org/node/12198942168;cartographie collaborative (OSM);attribut amenity=kindergarten
a_preciser;indetermine;École privé GLORIA;;prive;Tchaourou;Borgou;;8.876522;2.598742;https://www.openstreetmap.org/node/12198968037;cartographie collaborative (OSM);aucun indice fiable
a_preciser;indetermine;CPEGT GLORIA;;non_indique;Tchaourou;Borgou;;8.875813;2.601046;https://www.openstreetmap.org/node/12198974644;cartographie collaborative (OSM);aucun indice fiable
secondaire_general;ceg;CEG;;public;Ouinhi;Zou;;7.163456;2.434638;https://www.openstreetmap.org/node/12247795895;cartographie collaborative (OSM);nom : CEG
a_preciser;indetermine;École primaire;;non_indique;Ouinhi;Zou;;7.156790;2.496061;https://www.openstreetmap.org/node/12247801314;cartographie collaborative (OSM);aucun indice fiable
a_preciser;indetermine;École primaire;;non_indique;Ouinhi;Zou;;7.165705;2.499739;https://www.openstreetmap.org/node/12247804546;cartographie collaborative (OSM);aucun indice fiable
a_preciser;indetermine;École primaire publique;;public;Ouinhi;Zou;;7.139080;2.455423;https://www.openstreetmap.org/node/12247816828;cartographie collaborative (OSM);aucun indice fiable
secondaire_general;ceg;CEG Aïzè;;public;Ouinhi;Zou;;7.156697;2.485910;https://www.openstreetmap.org/node/12247822421;cartographie collaborative (OSM);nom : CEG
a_preciser;indetermine;École primaire;;non_indique;Ouinhi;Zou;;7.154692;2.428865;https://www.openstreetmap.org/node/12247822829;cartographie collaborative (OSM);aucun indice fiable
a_preciser;indetermine;École primaire;;non_indique;Ouinhi;Zou;;7.152079;2.431597;https://www.openstreetmap.org/node/12247824985;cartographie collaborative (OSM);aucun indice fiable
a_preciser;indetermine;École primaire publique groupe B;;public;Ouinhi;Zou;;7.137355;2.448142;https://www.openstreetmap.org/node/12247826425;cartographie collaborative (OSM);aucun indice fiable
a_preciser;indetermine;École primaire publique;;public;Ouinhi;Zou;;7.103518;2.465156;https://www.openstreetmap.org/node/12247828727;cartographie collaborative (OSM);aucun indice fiable
maternel;ecole_maternelle;École maternelle;;non_indique;Ouinhi;Zou;;7.152116;2.430959;https://www.openstreetmap.org/node/12247829612;cartographie collaborative (OSM);nom : maternelle
a_preciser;indetermine;École;;non_indique;Ouinhi;Zou;;7.163691;2.436437;https://www.openstreetmap.org/node/12247834582;cartographie collaborative (OSM);aucun indice fiable
a_preciser;indetermine;École primaire;;non_indique;Ouinhi;Zou;;7.163797;2.504491;https://www.openstreetmap.org/node/12247839172;cartographie collaborative (OSM);aucun indice fiable
a_preciser;indetermine;École primaire publique;;public;Ouinhi;Zou;;7.135815;2.447518;https://www.openstreetmap.org/node/12247839229;cartographie collaborative (OSM);aucun indice fiable
secondaire_general;ceg;CEG Vèssamè;;public;Ouinhi;Zou;;7.121283;2.458725;https://www.openstreetmap.org/node/12247841645;cartographie collaborative (OSM);nom : CEG
maternel;ecole_maternelle;École maternelle;;non_indique;Ouinhi;Zou;;7.166169;2.498444;https://www.openstreetmap.org/node/12247841646;cartographie collaborative (OSM);nom : maternelle
primaire;ecole_primaire;EPP OUASSAHO;;public;Bohicon;Zou;;7.151420;2.044746;https://www.openstreetmap.org/node/12255864948;cartographie collaborative (OSM);nom : école primaire
a_preciser;indetermine;École primaire publique de sounou;;public;Abomey;Zou;;7.209308;2.000602;https://www.openstreetmap.org/node/12255874294;cartographie collaborative (OSM);aucun indice fiable
primaire;ecole_primaire;EPP Saint Martin;;public;Zogbodomey;Zou;;7.118611;2.083520;https://www.openstreetmap.org/node/12255881543;cartographie collaborative (OSM);nom : école primaire
secondaire_general;ceg;CEG 1 Zogbodomey;;public;Zogbodomey;Zou;;7.071912;2.111357;https://www.openstreetmap.org/node/12255883240;cartographie collaborative (OSM);nom : CEG
secondaire_general;ceg;College d'enseignement général de zogbodomey;;non_indique;Zogbodomey;Zou;;7.069806;2.115568;https://www.openstreetmap.org/node/12255889466;cartographie collaborative (OSM);nom : CEG
secondaire_general;ceg;CEG GOHO;;public;Abomey;Zou;;7.181561;2.020220;https://www.openstreetmap.org/node/12255893603;cartographie collaborative (OSM);nom : CEG
primaire;ecole_primaire;EPP Hountondji;;public;Abomey;Zou;;7.187890;2.001180;https://www.openstreetmap.org/node/12255899612;cartographie collaborative (OSM);nom : école primaire
a_preciser;complexe_scolaire;Complexe scolaire sokou denou;;non_indique;Allada;Atlantique;;6.652517;2.145851;https://www.openstreetmap.org/node/12422896559;cartographie collaborative (OSM);nom : complexe / groupe scolaire
secondaire_general;ceg;CEG Allada Togoudo;;public;Allada;Atlantique;;6.657393;2.185605;https://www.openstreetmap.org/node/12422908197;cartographie collaborative (OSM);nom : CEG
a_preciser;complexe_scolaire;Complexe Scolaire D'ATTOGON;;non_indique;Allada;Atlantique;;6.725239;2.166407;https://www.openstreetmap.org/node/12422927853;cartographie collaborative (OSM);nom : complexe / groupe scolaire
a_preciser;indetermine;Saint François d'Assise;;confessionnel;Allada;Atlantique;;6.643440;2.139279;https://www.openstreetmap.org/node/12422935651;cartographie collaborative (OSM);aucun indice fiable
a_preciser;complexe_scolaire;COMPLEXE SCOLAIRE D'AVAKPA;;non_indique;Allada;Atlantique;;6.672346;2.041846;https://www.openstreetmap.org/node/12422938347;cartographie collaborative (OSM);nom : complexe / groupe scolaire
primaire;ecole_primaire;EPP Donou Tokpota;;public;Allada;Atlantique;;6.690329;2.148969;https://www.openstreetmap.org/node/12422951845;cartographie collaborative (OSM);nom : école primaire
a_preciser;indetermine;ESMER Acasemy;;non_indique;Allada;Atlantique;;6.658234;2.166937;https://www.openstreetmap.org/node/12422951911;cartographie collaborative (OSM);aucun indice fiable
a_preciser;indetermine;École Primaire publique Allomey;;public;Allada;Atlantique;;6.664931;2.150378;https://www.openstreetmap.org/node/12422956190;cartographie collaborative (OSM);aucun indice fiable
secondaire_general;ceg;CEG ATTOGON;;public;Allada;Atlantique;;6.728511;2.160496;https://www.openstreetmap.org/node/12422958084;cartographie collaborative (OSM);nom : CEG
primaire;ecole_primaire;EPP;;public;Allada;Atlantique;;6.682164;2.068522;https://www.openstreetmap.org/node/12422974942;cartographie collaborative (OSM);nom : école primaire
secondaire_general;ceg;CEG Ayou;;public;Allada;Atlantique;;6.715740;2.124770;https://www.openstreetmap.org/node/12423027174;cartographie collaborative (OSM);nom : CEG
a_preciser;complexe_scolaire;Complexe scolaire de Ayou A.B.C;;non_indique;Allada;Atlantique;;6.727636;2.118071;https://www.openstreetmap.org/node/12423033932;cartographie collaborative (OSM);nom : complexe / groupe scolaire
a_preciser;complexe_scolaire;Complexe scolaire miséricorde divine;;non_indique;Allada;Atlantique;;6.705025;2.150653;https://www.openstreetmap.org/node/12423047333;cartographie collaborative (OSM);nom : complexe / groupe scolaire
a_preciser;complexe_scolaire;Complexe scolaire De Sokou Denou;;non_indique;Allada;Atlantique;;6.652841;2.145347;https://www.openstreetmap.org/node/12423134179;cartographie collaborative (OSM);nom : complexe / groupe scolaire
primaire;ecole_primaire;EPP ALLOMEY;;public;Allada;Atlantique;;6.664772;2.150457;https://www.openstreetmap.org/node/12423154149;cartographie collaborative (OSM);nom : école primaire
superieur_ou_formation;enseignement_superieur_ou_formation;HERCI;;non_indique;Sèmè-Podji;Ouémé;;6.367359;2.521433;https://www.openstreetmap.org/node/12423158649;cartographie collaborative (OSM);attribut amenity=college
primaire;ecole_primaire;EPP Donouko kpota;;public;Allada;Atlantique;;6.690248;2.148991;https://www.openstreetmap.org/node/12423201206;cartographie collaborative (OSM);nom : école primaire
primaire;ecole_primaire;EPP Hlagba-Ouassa;;public;Zogbodomey;Zou;;6.996787;2.238751;https://www.openstreetmap.org/node/12584883994;cartographie collaborative (OSM);nom : école primaire
secondaire_general;ceg;CEG Aguidahoué;;public;Lokossa;Mono;;6.693821;1.619255;https://www.openstreetmap.org/node/12651790125;cartographie collaborative (OSM);nom : CEG
primaire;isced_1;École Catholique Louis Amigo;;confessionnel;Abomey-Calavi;Atlantique;;6.439480;2.289784;https://www.openstreetmap.org/node/12699161112;cartographie collaborative (OSM);attribut isced:level
technique_et_formation;lycee_technique;Lycée technique agricole Bernadette Sohoundji Agossou;;non_indique;Klouékanmè;Couffo;;7.045501;1.791469;https://www.openstreetmap.org/node/12768615162;cartographie collaborative (OSM);nom : lycée technique/agricole
a_preciser;complexe_scolaire;Complexe scolaire de Hondjin centre à Klouékanmè;;public;Toviklin;Couffo;;6.916918;1.843108;https://www.openstreetmap.org/node/12768679279;cartographie collaborative (OSM);nom : complexe / groupe scolaire
superieur;universite;Modestyno le Maire;;non_indique;Adjarra;Ouémé;;6.517940;2.677573;https://www.openstreetmap.org/node/13073804530;cartographie collaborative (OSM);attribut amenity=university
superieur;universite;"Université Le ""FAUCON""";;non_indique;Abomey-Calavi;Atlantique;;6.456779;2.355191;https://www.openstreetmap.org/node/13474434148;cartographie collaborative (OSM);nom : université
maternel;ecole_maternelle;École primaire publique de Emèda;;public;Kétou;Plateau;;7.500910;2.644672;https://www.openstreetmap.org/node/13860089571;cartographie collaborative (OSM);nom : maternelle
maternel;ecole_maternelle;École primaire publique de Emèda;;public;Kétou;Plateau;;7.500902;2.644664;https://www.openstreetmap.org/node/13891499660;cartographie collaborative (OSM);nom : maternelle
secondaire_general;ceg;CEG Banikoara;;public;Banikoara;Alibori;;11.306648;2.446790;https://www.openstreetmap.org/node/13915424552;cartographie collaborative (OSM);nom : CEG
a_preciser;indetermine;CSP LA TENDRESSE;;non_indique;Banikoara;Alibori;;11.310414;2.445842;https://www.openstreetmap.org/node/13915424556;cartographie collaborative (OSM);aucun indice fiable
primaire;ecole_primaire;EPP YADIKPAROU;;public;Banikoara;Alibori;;11.296427;2.440662;https://www.openstreetmap.org/node/13917830983;cartographie collaborative (OSM);nom : école primaire
primaire;ecole_primaire;Epp Batran;;public;Banikoara;Alibori;;11.403369;2.371843;https://www.openstreetmap.org/node/13918334780;cartographie collaborative (OSM);nom : école primaire
primaire;ecole_primaire;Epp Tokey-banta;;public;Banikoara;Alibori;;11.301921;2.417590;https://www.openstreetmap.org/node/13918366804;cartographie collaborative (OSM);nom : école primaire
primaire;ecole_primaire;Epp Orou Gnonrou;;public;Banikoara;Alibori;;11.299671;2.430687;https://www.openstreetmap.org/node/13918366805;cartographie collaborative (OSM);nom : école primaire
a_preciser;indetermine;École de formation des enseignants du secondaire;;non_indique;Savè;Collines;;8.051432;2.505117;https://www.openstreetmap.org/node/14028695001;cartographie collaborative (OSM);aucun indice fiable
primaire;ecole_primaire;Epp Kpéssanrou;;public;Banikoara;Alibori;État béninois;11.390738;2.502913;https://www.openstreetmap.org/node/14074966737;cartographie collaborative (OSM);nom : école primaire
primaire;ecole_primaire;Epp Founougo;;public;Banikoara;Alibori;;11.472529;2.533413;https://www.openstreetmap.org/node/14074966738;cartographie collaborative (OSM);nom : école primaire
technique_et_formation;centre_formation;La Tulipe Centre de formation Professionnelle;;non_indique;Abomey-Calavi;Atlantique;;6.389243;2.312033;https://www.openstreetmap.org/node/14228291311;cartographie collaborative (OSM);nom : centre de formation
secondaire_general;ceg;CEG LOBOZOUNKPA;;public;Abomey-Calavi;Atlantique;;6.386738;2.308218;https://www.openstreetmap.org/node/14228343063;cartographie collaborative (OSM);nom : CEG
a_preciser;complexe_scolaire;Complexe Scolaire Le Bon Grain De DIEU;;non_indique;Abomey-Calavi;Atlantique;;6.394691;2.312803;https://www.openstreetmap.org/node/14228422331;cartographie collaborative (OSM);nom : complexe / groupe scolaire
a_preciser;complexe_scolaire;Complexe Scolaire SAINTE ANNE D'AFRIQUE;;confessionnel;Abomey-Calavi;Atlantique;;6.381771;2.290284;https://www.openstreetmap.org/node/14229216285;cartographie collaborative (OSM);nom : complexe / groupe scolaire
secondaire_general;ceg;CEG Jeniffer Nicolas;;public;Bassila;Donga;;9.004422;1.668778;https://www.openstreetmap.org/way/116969222;cartographie collaborative (OSM);nom : CEG
a_preciser;indetermine;École primaire publique d'Ansêkê;;public;Ouèssè;Collines;;8.426633;2.595467;https://www.openstreetmap.org/way/203016372;cartographie collaborative (OSM);aucun indice fiable
primaire;ecole_primaire;EPP Natitingou A/B/C;;public;Natitingou;Atacora;;10.300972;1.382231;https://www.openstreetmap.org/way/203398501;cartographie collaborative (OSM);nom : école primaire
secondaire_general;ceg;CEG 1 de Natitingou;;public;Natitingou;Atacora;;10.293697;1.379820;https://www.openstreetmap.org/way/207505555;cartographie collaborative (OSM);nom : CEG
a_preciser;indetermine;Foyer des jeunes filles;;public;Natitingou;Atacora;;10.285745;1.382291;https://www.openstreetmap.org/way/209542661;cartographie collaborative (OSM);aucun indice fiable
superieur;universite;Université de Parakou - Centre universitaire de Parakou;;non_indique;Parakou;Borgou;;9.337441;2.645287;https://www.openstreetmap.org/way/231647273;cartographie collaborative (OSM);nom : université
secondaire_general;college;Collège Catholique Père Aupiais;;confessionnel;Cotonou;Littoral;;6.356984;2.404840;https://www.openstreetmap.org/way/234094189;cartographie collaborative (OSM);nom : collège
secondaire_general;ceg;CEG de Gbegamey;;public;Cotonou;Littoral;;6.358988;2.416885;https://www.openstreetmap.org/way/234094868;cartographie collaborative (OSM);nom : CEG
primaire;ecole_primaire;Ecole Primaire Publique de Gbegamey;;public;Cotonou;Littoral;;6.360001;2.416518;https://www.openstreetmap.org/way/234097655;cartographie collaborative (OSM);nom : école primaire
a_preciser;complexe_scolaire;Cours Secondaire Notre Dame des Apôtres;;non_indique;Cotonou;Littoral;;6.360600;2.417702;https://www.openstreetmap.org/way/234098277;cartographie collaborative (OSM);nom : complexe / groupe scolaire
superieur;universite;Université Africaine de Technologie et de Management;;non_indique;Cotonou;Littoral;;6.359872;2.413183;https://www.openstreetmap.org/way/234098281;cartographie collaborative (OSM);nom : université
superieur;enseignement_superieur;Institut Français du Bénin;;non_indique;Cotonou;Littoral;;6.352242;2.412773;https://www.openstreetmap.org/way/234343131;cartographie collaborative (OSM);nom : école supérieure / institut
secondaire_general;lycee;Lycée Moderne AS-SALAM Bassila;;non_indique;Bassila;Donga;;9.009274;1.667234;https://www.openstreetmap.org/way/241268307;cartographie collaborative (OSM);nom : lycée
a_preciser;indetermine;(sans nom);;non_indique;Bassila;Donga;;9.009389;1.667252;https://www.openstreetmap.org/way/241268308;cartographie collaborative (OSM);aucun indice fiable
secondaire_general;ceg;CEG 2;;public;Bassila;Donga;;9.004509;1.647360;https://www.openstreetmap.org/way/241512507;cartographie collaborative (OSM);nom : CEG
superieur;universite;École Nationale des Infirmiers et Infirmières d'État du Bénin à Parakou;;non_indique;Parakou;Borgou;;9.337131;2.638774;https://www.openstreetmap.org/way/244882978;cartographie collaborative (OSM);attribut amenity=university
a_preciser;indetermine;Centre LASDEL;;non_indique;Parakou;Borgou;;9.341787;2.592826;https://www.openstreetmap.org/way/244882979;cartographie collaborative (OSM);aucun indice fiable
secondaire_general;ceg;CEG 2 de Natitingou;;public;Natitingou;Atacora;;10.319872;1.385049;https://www.openstreetmap.org/way/264795852;cartographie collaborative (OSM);nom : CEG
primaire;ecole_primaire;EPP Boriyoré A/B/C;;public;Natitingou;Atacora;;10.319325;1.386567;https://www.openstreetmap.org/way/264795853;cartographie collaborative (OSM);nom : école primaire
primaire;ecole_primaire;EPP;;public;Natitingou;Atacora;;10.312376;1.381611;https://www.openstreetmap.org/way/264891330;cartographie collaborative (OSM);nom : école primaire
primaire;ecole_primaire;EPP Yokossi;;public;Natitingou;Atacora;;10.308600;1.377989;https://www.openstreetmap.org/way/264895850;cartographie collaborative (OSM);nom : école primaire
primaire;ecole_primaire;EPP Tchirimina A/B/C;;public;Natitingou;Atacora;;10.303691;1.370819;https://www.openstreetmap.org/way/264896366;cartographie collaborative (OSM);nom : école primaire
primaire;ecole_primaire;EPP Berecingou;;public;Natitingou;Atacora;;10.235141;1.396925;https://www.openstreetmap.org/way/264897786;cartographie collaborative (OSM);nom : école primaire
primaire;ecole_primaire;EPP Kantaborifa;;public;Natitingou;Atacora;;10.293509;1.385012;https://www.openstreetmap.org/way/264898308;cartographie collaborative (OSM);nom : école primaire
primaire;ecole_primaire;EPP AMOUR DE DIEU;;public;Natitingou;Atacora;;10.295152;1.367887;https://www.openstreetmap.org/way/264898318;cartographie collaborative (OSM);nom : école primaire
secondaire_general;ceg;CEG 3 de Natitingou;;public;Natitingou;Atacora;;10.279840;1.368582;https://www.openstreetmap.org/way/264899232;cartographie collaborative (OSM);nom : CEG
primaire;ecole_primaire;EPP;;public;Natitingou;Atacora;;10.303567;1.386933;https://www.openstreetmap.org/way/265080843;cartographie collaborative (OSM);nom : école primaire
primaire;ecole_primaire;EPP;;public;Natitingou;Atacora;;10.304901;1.387071;https://www.openstreetmap.org/way/265080844;cartographie collaborative (OSM);nom : école primaire
primaire;ecole_primaire;EPP Winke;;public;Natitingou;Atacora;;10.292217;1.379842;https://www.openstreetmap.org/way/265089853;cartographie collaborative (OSM);nom : école primaire
primaire;ecole_primaire;EPP;;public;Natitingou;Atacora;;10.299129;1.377717;https://www.openstreetmap.org/way/265374567;cartographie collaborative (OSM);nom : école primaire
primaire;ecole_primaire;EPP;;public;Natitingou;Atacora;;10.271833;1.377767;https://www.openstreetmap.org/way/265748565;cartographie collaborative (OSM);nom : école primaire
superieur;universite;École Normale Supérieure de Natitingou - Université de Parakou;;non_indique;Natitingou;Atacora;;10.270157;1.376974;https://www.openstreetmap.org/way/265749421;cartographie collaborative (OSM);nom : université
primaire;ecole_primaire;EPP Boukombé Centre A;;public;Boukoumbé;Atacora;;10.174595;1.109115;https://www.openstreetmap.org/way/266189175;cartographie collaborative (OSM);nom : école primaire
primaire;ecole_primaire;EPP Boukombé Centre B;;public;Boukoumbé;Atacora;;10.173740;1.109444;https://www.openstreetmap.org/way/266189177;cartographie collaborative (OSM);nom : école primaire
secondaire_general;ceg;CEG Le Baobab de Boukombé;;public;Boukoumbé;Atacora;;10.174709;1.104114;https://www.openstreetmap.org/way/266193273;cartographie collaborative (OSM);nom : CEG
a_preciser;indetermine;École Lumière de Boukombé;;prive;Boukoumbé;Atacora;;10.179397;1.103786;https://www.openstreetmap.org/way/266195033;cartographie collaborative (OSM);aucun indice fiable
primaire;ecole_primaire;EPP Koucouangou;;public;Boukoumbé;Atacora;;10.177677;1.097119;https://www.openstreetmap.org/way/266198416;cartographie collaborative (OSM);nom : école primaire
primaire;ecole_primaire;EPP Koukouagou;;public;Boukoumbé;Atacora;;10.180392;1.079673;https://www.openstreetmap.org/way/266198419;cartographie collaborative (OSM);nom : école primaire
primaire;ecole_primaire;EPP Koussocoingou A/B;;public;Boukoumbé;Atacora;;10.178526;1.112247;https://www.openstreetmap.org/way/266201439;cartographie collaborative (OSM);nom : école primaire
primaire;ecole_primaire;EPP Kountchougou;;public;Boukoumbé;Atacora;;10.214704;1.085478;https://www.openstreetmap.org/way/266210101;cartographie collaborative (OSM);nom : école primaire
primaire;ecole_primaire;EPP Koutokayagou;;public;Boukoumbé;Atacora;;10.207275;1.109247;https://www.openstreetmap.org/way/266210103;cartographie collaborative (OSM);nom : école primaire
primaire;ecole_primaire;EPP Koutchatahongou;;public;Boukoumbé;Atacora;;10.160039;1.087160;https://www.openstreetmap.org/way/266211384;cartographie collaborative (OSM);nom : école primaire
primaire;ecole_primaire;EPP Koutchata A/B;;public;Boukoumbé;Atacora;;10.190824;1.103535;https://www.openstreetmap.org/way/266212281;cartographie collaborative (OSM);nom : école primaire
primaire;ecole_primaire;EPP Kouporgou;;public;Boukoumbé;Atacora;;10.260357;1.128805;https://www.openstreetmap.org/way/266218189;cartographie collaborative (OSM);nom : école primaire
primaire;ecole_primaire;EPP Koutchagou A/B;;public;Boukoumbé;Atacora;;10.223102;1.114575;https://www.openstreetmap.org/way/266218190;cartographie collaborative (OSM);nom : école primaire
a_preciser;indetermine;(sans nom);;non_indique;Boukoumbé;Atacora;;10.249924;1.144450;https://www.openstreetmap.org/way/266218205;cartographie collaborative (OSM);aucun indice fiable
primaire;ecole_primaire;EPP;;public;Boukoumbé;Atacora;;10.289491;1.085494;https://www.openstreetmap.org/way/266229987;cartographie collaborative (OSM);nom : école primaire
primaire;ecole_primaire;EPP;;public;Boukoumbé;Atacora;;10.308101;1.088933;https://www.openstreetmap.org/way/266229988;cartographie collaborative (OSM);nom : école primaire
primaire;ecole_primaire;EPP;;public;Boukoumbé;Atacora;;10.256662;1.110762;https://www.openstreetmap.org/way/266229989;cartographie collaborative (OSM);nom : école primaire
primaire;ecole_primaire;EPP;;public;Boukoumbé;Atacora;;10.253673;1.076581;https://www.openstreetmap.org/way/266229990;cartographie collaborative (OSM);nom : école primaire
primaire;ecole_primaire;EPP Takotiéta;;public;Boukoumbé;Atacora;;10.336427;1.086113;https://www.openstreetmap.org/way/266230222;cartographie collaborative (OSM);nom : école primaire
a_preciser;indetermine;(sans nom);;non_indique;Cotonou;Littoral;;6.377172;2.414953;https://www.openstreetmap.org/way/272080931;cartographie collaborative (OSM);aucun indice fiable
a_preciser;indetermine;(sans nom);;non_indique;Cotonou;Littoral;;6.390171;2.398504;https://www.openstreetmap.org/way/272240208;cartographie collaborative (OSM);aucun indice fiable
a_preciser;indetermine;(sans nom);;non_indique;Cotonou;Littoral;;6.357867;2.400282;https://www.openstreetmap.org/way/273376863;cartographie collaborative (OSM);aucun indice fiable
superieur_ou_formation;enseignement_superieur_ou_formation;Centre d'éducation générale de Zogbo;;non_indique;Cotonou;Littoral;;6.391435;2.394791;https://www.openstreetmap.org/way/273443323;cartographie collaborative (OSM);attribut amenity=college
primaire;ecole_primaire;EPP;;public;Kandi;Alibori;;11.081216;2.766306;https://www.openstreetmap.org/way/274739664;cartographie collaborative (OSM);nom : école primaire
secondaire_general;ceg;CEG 1 NIKKI;;public;Nikki;Borgou;;9.931994;3.210799;https://www.openstreetmap.org/way/318893496;cartographie collaborative (OSM);nom : CEG
a_preciser;indetermine;(sans nom);;non_indique;Nikki;Borgou;;9.946177;3.201106;https://www.openstreetmap.org/way/318893499;cartographie collaborative (OSM);aucun indice fiable
superieur;enseignement_superieur;École Normale d'Instituteurs de Dogbo;;non_indique;Dogbo;Couffo;;6.783928;1.777775;https://www.openstreetmap.org/way/319353479;cartographie collaborative (OSM);nom : école supérieure / institut
a_preciser;indetermine;(sans nom);;non_indique;Za-Kpota;Zou;;7.170222;2.272843;https://www.openstreetmap.org/way/320966295;cartographie collaborative (OSM);aucun indice fiable
a_preciser;indetermine;(sans nom);;non_indique;Zagnanado;Zou;;7.224723;2.394016;https://www.openstreetmap.org/way/320967793;cartographie collaborative (OSM);aucun indice fiable
a_preciser;indetermine;(sans nom);;non_indique;Zagnanado;Zou;;7.227228;2.404349;https://www.openstreetmap.org/way/320974208;cartographie collaborative (OSM);aucun indice fiable
a_preciser;indetermine;(sans nom);;non_indique;Zagnanado;Zou;;7.212147;2.391382;https://www.openstreetmap.org/way/320991989;cartographie collaborative (OSM);aucun indice fiable
primaire;ecole_primaire;EPP Zongo 1;;public;Parakou;Borgou;;9.359355;2.625783;https://www.openstreetmap.org/way/321145277;cartographie collaborative (OSM);nom : école primaire
a_preciser;indetermine;(sans nom);;non_indique;Parakou;Borgou;;9.357707;2.616989;https://www.openstreetmap.org/way/321145279;cartographie collaborative (OSM);aucun indice fiable
a_preciser;indetermine;(sans nom);;non_indique;Parakou;Borgou;;9.362936;2.631653;https://www.openstreetmap.org/way/321145284;cartographie collaborative (OSM);aucun indice fiable
a_preciser;indetermine;(sans nom);;non_indique;Parakou;Borgou;;9.344005;2.618509;https://www.openstreetmap.org/way/321145286;cartographie collaborative (OSM);aucun indice fiable
a_preciser;indetermine;(sans nom);;non_indique;Parakou;Borgou;;9.347559;2.614440;https://www.openstreetmap.org/way/321346558;cartographie collaborative (OSM);aucun indice fiable
a_preciser;indetermine;(sans nom);;non_indique;Parakou;Borgou;;9.354874;2.609748;https://www.openstreetmap.org/way/321351002;cartographie collaborative (OSM);aucun indice fiable
a_preciser;indetermine;(sans nom);;non_indique;Parakou;Borgou;;9.343632;2.613472;https://www.openstreetmap.org/way/321353699;cartographie collaborative (OSM);aucun indice fiable
a_preciser;indetermine;(sans nom);;non_indique;Parakou;Borgou;;9.335318;2.619588;https://www.openstreetmap.org/way/322324513;cartographie collaborative (OSM);aucun indice fiable
a_preciser;indetermine;(sans nom);;non_indique;;;;6.582512;1.666167;https://www.openstreetmap.org/way/324293423;cartographie collaborative (OSM);aucun indice fiable
a_preciser;indetermine;(sans nom);;non_indique;;;;6.582910;1.666325;https://www.openstreetmap.org/way/324293424;cartographie collaborative (OSM);aucun indice fiable
a_preciser;indetermine;(sans nom);;non_indique;;;;6.582890;1.665968;https://www.openstreetmap.org/way/324293425;cartographie collaborative (OSM);aucun indice fiable
a_preciser;indetermine;(sans nom);;non_indique;;;;6.582316;1.665911;https://www.openstreetmap.org/way/324293426;cartographie collaborative (OSM);aucun indice fiable
a_preciser;indetermine;(sans nom);;non_indique;;;;6.582634;1.665984;https://www.openstreetmap.org/way/324293427;cartographie collaborative (OSM);aucun indice fiable
a_preciser;indetermine;(sans nom);;non_indique;Savè;Collines;;8.022404;2.505276;https://www.openstreetmap.org/way/326063112;cartographie collaborative (OSM);aucun indice fiable
primaire;ecole_primaire;EPP;;public;Malanville;Alibori;;11.731348;3.222533;https://www.openstreetmap.org/way/326698718;cartographie collaborative (OSM);nom : école primaire
primaire;ecole_primaire;EPP;;public;Malanville;Alibori;;11.725638;3.230327;https://www.openstreetmap.org/way/326698719;cartographie collaborative (OSM);nom : école primaire
secondaire_general;ceg;Bodi CEG;;public;Bassila;Donga;;9.378456;1.565368;https://www.openstreetmap.org/way/327975907;cartographie collaborative (OSM);nom : CEG
secondaire_general;ceg;Collège d'Enseignement Général de Guéné;;non_indique;Malanville;Alibori;;11.734270;3.223730;https://www.openstreetmap.org/way/329179538;cartographie collaborative (OSM);nom : CEG
a_preciser;indetermine;(sans nom);;public;Kobli;Atacora;;10.420736;0.846104;https://www.openstreetmap.org/way/330152735;cartographie collaborative (OSM);aucun indice fiable
secondaire_general;ceg;CEG Datori;;public;Kobli;Atacora;;10.420005;0.797018;https://www.openstreetmap.org/way/330154823;cartographie collaborative (OSM);nom : CEG
secondaire_general;ceg;CEG de Kountori;;public;Kobli;Atacora;;10.413767;0.949059;https://www.openstreetmap.org/way/330154824;cartographie collaborative (OSM);nom : CEG
primaire;ecole_primaire;EPP Datori;;public;Kobli;Atacora;;10.417106;0.793832;https://www.openstreetmap.org/way/330154825;cartographie collaborative (OSM);nom : école primaire
primaire;ecole_primaire;EPP Kountori;;public;Kobli;Atacora;;10.412079;0.946360;https://www.openstreetmap.org/way/330154826;cartographie collaborative (OSM);nom : école primaire
primaire;ecole_primaire;EPP;;public;Kobli;Atacora;;10.476060;0.906758;https://www.openstreetmap.org/way/330154827;cartographie collaborative (OSM);nom : école primaire
primaire;ecole_primaire;EPP;;public;Boukoumbé;Atacora;;10.400767;1.019361;https://www.openstreetmap.org/way/330158000;cartographie collaborative (OSM);nom : école primaire
a_preciser;indetermine;(sans nom);;non_indique;Bohicon;Zou;;7.169313;2.068788;https://www.openstreetmap.org/way/331311365;cartographie collaborative (OSM);aucun indice fiable
a_preciser;indetermine;(sans nom);;non_indique;Bohicon;Zou;;7.169558;2.068253;https://www.openstreetmap.org/way/331311367;cartographie collaborative (OSM);aucun indice fiable
primaire;ecole_primaire;EPP;;public;Kétou;Plateau;;7.314946;2.528694;https://www.openstreetmap.org/way/331316059;cartographie collaborative (OSM);nom : école primaire
a_preciser;indetermine;École primaire publique de Conho;;public;Grand-Popo;Mono;;6.333189;1.817452;https://www.openstreetmap.org/way/331375488;cartographie collaborative (OSM);aucun indice fiable
a_preciser;complexe_scolaire;Complexe scolaire primaire public d'Adjaha;;public;Grand-Popo;Mono;;6.324275;1.836349;https://www.openstreetmap.org/way/331375490;cartographie collaborative (OSM);nom : complexe / groupe scolaire
primaire;ecole_primaire;EPP DJOGNANGBO;;public;Bohicon;Zou;;7.175931;2.089704;https://www.openstreetmap.org/way/332079140;cartographie collaborative (OSM);nom : école primaire
primaire;ecole_primaire;EPP;;public;Bohicon;Zou;;7.184176;2.088617;https://www.openstreetmap.org/way/332492437;cartographie collaborative (OSM);nom : école primaire
a_preciser;indetermine;(sans nom);;non_indique;Bohicon;Zou;;7.184258;2.089023;https://www.openstreetmap.org/way/332492866;cartographie collaborative (OSM);aucun indice fiable
a_preciser;indetermine;(sans nom);;non_indique;Bohicon;Zou;;7.184461;2.088260;https://www.openstreetmap.org/way/332492867;cartographie collaborative (OSM);aucun indice fiable
a_preciser;indetermine;(sans nom);;non_indique;Bohicon;Zou;;7.184383;2.088775;https://www.openstreetmap.org/way/332492868;cartographie collaborative (OSM);aucun indice fiable
secondaire_general;ceg;CEG 1 BOHICON;;public;Bohicon;Zou;Public;7.174051;2.080535;https://www.openstreetmap.org/way/333464820;cartographie collaborative (OSM);nom : CEG
primaire;ecole_primaire;EPP;;public;Parakou;Borgou;;9.341226;2.632128;https://www.openstreetmap.org/way/334963158;cartographie collaborative (OSM);nom : école primaire
primaire;ecole_primaire;EPP;;public;Parakou;Borgou;;9.336958;2.634542;https://www.openstreetmap.org/way/334966347;cartographie collaborative (OSM);nom : école primaire
superieur;universite;ERSUMA;;public;Porto-Novo;Ouémé;OHADA;6.511215;2.607959;https://www.openstreetmap.org/way/342128420;cartographie collaborative (OSM);attribut amenity=university
secondaire_general;college;Collège Privé d'Enseignement Technique et Professionel Espoir Plus;;prive;Parakou;Borgou;privat;9.352872;2.627556;https://www.openstreetmap.org/way/343270234;cartographie collaborative (OSM);nom : collège
secondaire_general;college;"Collège Privé d'Enseignement Générale ""Roger Lafia""";;prive;Parakou;Borgou;privat;9.353112;2.629285;https://www.openstreetmap.org/way/343270880;cartographie collaborative (OSM);nom : collège
superieur;universite;Université d'Abomey-Calavi;;non_indique;Abomey-Calavi;Atlantique;;6.416090;2.341985;https://www.openstreetmap.org/way/347214829;cartographie collaborative (OSM);nom : université
superieur;universite;Zone Masters;;non_indique;Abomey-Calavi;Atlantique;;6.421569;2.340142;https://www.openstreetmap.org/way/347661222;cartographie collaborative (OSM);attribut amenity=university
superieur;enseignement_superieur;École Nationale d'Administartion et de Magistrature;;non_indique;Abomey-Calavi;Atlantique;;6.418355;2.340215;https://www.openstreetmap.org/way/347676675;cartographie collaborative (OSM);nom : école supérieure / institut
superieur;enseignement_superieur;EPAC Village;;non_indique;Abomey-Calavi;Atlantique;;6.412533;2.338669;https://www.openstreetmap.org/way/347695356;cartographie collaborative (OSM);nom : école supérieure / institut
superieur;universite;Zone Masters;;non_indique;Abomey-Calavi;Atlantique;;6.416349;2.339644;https://www.openstreetmap.org/way/347695368;cartographie collaborative (OSM);attribut amenity=university
primaire;ecole_primaire;EPP;;public;Parakou;Borgou;;9.331249;2.639119;https://www.openstreetmap.org/way/350954643;cartographie collaborative (OSM);nom : école primaire
a_preciser;indetermine;(sans nom);;non_indique;Djougou;Donga;;9.709910;1.673874;https://www.openstreetmap.org/way/352669650;cartographie collaborative (OSM);aucun indice fiable
a_preciser;indetermine;(sans nom);;non_indique;Djougou;Donga;;9.717151;1.671903;https://www.openstreetmap.org/way/352669651;cartographie collaborative (OSM);aucun indice fiable
a_preciser;indetermine;(sans nom);;non_indique;Djougou;Donga;;9.713178;1.661497;https://www.openstreetmap.org/way/352669652;cartographie collaborative (OSM);aucun indice fiable
a_preciser;indetermine;(sans nom);;non_indique;Djougou;Donga;;9.701559;1.662202;https://www.openstreetmap.org/way/352669654;cartographie collaborative (OSM);aucun indice fiable
a_preciser;indetermine;(sans nom);;non_indique;Djougou;Donga;;9.726912;1.663743;https://www.openstreetmap.org/way/352671271;cartographie collaborative (OSM);aucun indice fiable
a_preciser;indetermine;(sans nom);;non_indique;Djougou;Donga;;9.700455;1.674003;https://www.openstreetmap.org/way/352671272;cartographie collaborative (OSM);aucun indice fiable
a_preciser;indetermine;(sans nom);;non_indique;Djougou;Donga;;9.688601;1.661416;https://www.openstreetmap.org/way/352862933;cartographie collaborative (OSM);aucun indice fiable
a_preciser;indetermine;(sans nom);;non_indique;Djougou;Donga;;9.692648;1.654380;https://www.openstreetmap.org/way/353164945;cartographie collaborative (OSM);aucun indice fiable
a_preciser;indetermine;(sans nom);;non_indique;Matéri;Atacora;;10.701408;1.115687;https://www.openstreetmap.org/way/353172043;cartographie collaborative (OSM);aucun indice fiable
a_preciser;indetermine;(sans nom);;non_indique;Matéri;Atacora;;10.635812;1.134471;https://www.openstreetmap.org/way/353172044;cartographie collaborative (OSM);aucun indice fiable
secondaire_general;ceg;CEG de Materi;;public;Matéri;Atacora;;10.697506;1.077347;https://www.openstreetmap.org/way/353172045;cartographie collaborative (OSM);nom : CEG
a_preciser;indetermine;(sans nom);;non_indique;Ouèssè;Collines;;8.559525;2.513905;https://www.openstreetmap.org/way/353179745;cartographie collaborative (OSM);aucun indice fiable
secondaire_general;ceg;Collège d'enseignement général public de Péonga;;public;Kalale;Borgou;;10.343796;3.269359;https://www.openstreetmap.org/way/353259078;cartographie collaborative (OSM);nom : CEG
a_preciser;indetermine;École primaire publique de Péonga;;public;Kalale;Borgou;;10.338459;3.269109;https://www.openstreetmap.org/way/353260249;cartographie collaborative (OSM);aucun indice fiable
secondaire_general;ceg;CEG 1 de Cocotomey;;public;Abomey-Calavi;Atlantique;;6.397809;2.300046;https://www.openstreetmap.org/way/353475636;cartographie collaborative (OSM);nom : CEG
a_preciser;indetermine;École Primaire Publique de Menontin;;public;Abomey-Calavi;Atlantique;;6.391751;2.361516;https://www.openstreetmap.org/way/355572192;cartographie collaborative (OSM);aucun indice fiable
a_preciser;indetermine;École primaire publique d'Avotrou;;public;Sèmè-Podji;Ouémé;;6.377669;2.471898;https://www.openstreetmap.org/way/355581805;cartographie collaborative (OSM);aucun indice fiable
a_preciser;indetermine;(sans nom);;non_indique;Djougou;Donga;;9.707239;1.681917;https://www.openstreetmap.org/way/355669357;cartographie collaborative (OSM);aucun indice fiable
a_preciser;indetermine;(sans nom);;public;Porto-Novo;Ouémé;;6.489777;2.602649;https://www.openstreetmap.org/way/356816691;cartographie collaborative (OSM);aucun indice fiable
primaire;ecole_primaire;EPP;;public;Porto-Novo;Ouémé;;6.488029;2.590597;https://www.openstreetmap.org/way/356816693;cartographie collaborative (OSM);nom : école primaire
a_preciser;indetermine;(sans nom);;non_indique;Avrankou;Ouémé;;6.544272;2.631269;https://www.openstreetmap.org/way/357001194;cartographie collaborative (OSM);aucun indice fiable
a_preciser;indetermine;(sans nom);;non_indique;Porto-Novo;Ouémé;;6.523256;2.615357;https://www.openstreetmap.org/way/357001195;cartographie collaborative (OSM);aucun indice fiable
a_preciser;indetermine;(sans nom);;non_indique;Akpro-Missérété;Ouémé;;6.502720;2.584713;https://www.openstreetmap.org/way/357001805;cartographie collaborative (OSM);aucun indice fiable
a_preciser;indetermine;(sans nom);;non_indique;Porto-Novo;Ouémé;;6.510988;2.599997;https://www.openstreetmap.org/way/357001807;cartographie collaborative (OSM);aucun indice fiable
a_preciser;indetermine;(sans nom);;non_indique;Porto-Novo;Ouémé;;6.498013;2.590496;https://www.openstreetmap.org/way/357001808;cartographie collaborative (OSM);aucun indice fiable
primaire;isced_1;École primaire de la république Tokpota;;public;Porto-Novo;Ouémé;;6.492062;2.599939;https://www.openstreetmap.org/way/357001809;cartographie collaborative (OSM);attribut isced:level
a_preciser;indetermine;(sans nom);;non_indique;Porto-Novo;Ouémé;;6.506050;2.592300;https://www.openstreetmap.org/way/358243487;cartographie collaborative (OSM);aucun indice fiable
a_preciser;indetermine;(sans nom);;non_indique;Sèmè-Podji;Ouémé;;6.424635;2.559042;https://www.openstreetmap.org/way/358424823;cartographie collaborative (OSM);aucun indice fiable
a_preciser;indetermine;(sans nom);;non_indique;Sèmè-Podji;Ouémé;;6.424944;2.556382;https://www.openstreetmap.org/way/358424826;cartographie collaborative (OSM);aucun indice fiable
a_preciser;indetermine;(sans nom);;non_indique;Sèmè-Podji;Ouémé;;6.430506;2.574041;https://www.openstreetmap.org/way/358424829;cartographie collaborative (OSM);aucun indice fiable
a_preciser;indetermine;(sans nom);;non_indique;Sèmè-Podji;Ouémé;;6.428506;2.622475;https://www.openstreetmap.org/way/358430700;cartographie collaborative (OSM);aucun indice fiable
primaire;ecole_primaire;Ecole Primaire Publique de Hinkoudé;;public;Porto-Novo;Ouémé;;6.491490;2.648810;https://www.openstreetmap.org/way/358431353;cartographie collaborative (OSM);nom : école primaire
a_preciser;complexe_scolaire;Complexe Scolaire Roger Lafia;;prive;Parakou;Borgou;Roger Lafia;9.352161;2.629551;https://www.openstreetmap.org/way/358472787;cartographie collaborative (OSM);nom : complexe / groupe scolaire
secondaire_general;ceg;Collège d'Enseignement Général 2;;non_indique;Parakou;Borgou;public;9.366018;2.621067;https://www.openstreetmap.org/way/358473187;cartographie collaborative (OSM);nom : CEG
a_preciser;indetermine;(sans nom);;non_indique;Adjarra;Ouémé;;6.524314;2.663255;https://www.openstreetmap.org/way/358762743;cartographie collaborative (OSM);aucun indice fiable
a_preciser;indetermine;(sans nom);;non_indique;Avrankou;Ouémé;;6.570914;2.680654;https://www.openstreetmap.org/way/358773431;cartographie collaborative (OSM);aucun indice fiable
a_preciser;indetermine;(sans nom);;non_indique;Avrankou;Ouémé;;6.573904;2.678901;https://www.openstreetmap.org/way/358773432;cartographie collaborative (OSM);aucun indice fiable
a_preciser;indetermine;(sans nom);;non_indique;Adjarra;Ouémé;;6.508500;2.666716;https://www.openstreetmap.org/way/359400737;cartographie collaborative (OSM);aucun indice fiable
a_preciser;indetermine;École primaire de Sota;;non_indique;Adjarra;Ouémé;;6.511084;2.665761;https://www.openstreetmap.org/way/359401312;cartographie collaborative (OSM);aucun indice fiable
a_preciser;indetermine;(sans nom);;non_indique;Adjarra;Ouémé;;6.499546;2.658036;https://www.openstreetmap.org/way/359439968;cartographie collaborative (OSM);aucun indice fiable
a_preciser;indetermine;(sans nom);;non_indique;Porto-Novo;Ouémé;;6.480378;2.648363;https://www.openstreetmap.org/way/359441305;cartographie collaborative (OSM);aucun indice fiable
secondaire_general;ceg;CEG d'Agbokou;;public;Porto-Novo;Ouémé;;6.475340;2.646262;https://www.openstreetmap.org/way/359442571;cartographie collaborative (OSM);nom : CEG
a_preciser;indetermine;(sans nom);;non_indique;Porto-Novo;Ouémé;;6.476496;2.643121;https://www.openstreetmap.org/way/359442636;cartographie collaborative (OSM);aucun indice fiable
a_preciser;indetermine;(sans nom);;non_indique;Porto-Novo;Ouémé;;6.476823;2.642256;https://www.openstreetmap.org/way/359442642;cartographie collaborative (OSM);aucun indice fiable
a_preciser;indetermine;(sans nom);;non_indique;Porto-Novo;Ouémé;;6.470866;2.650848;https://www.openstreetmap.org/way/359442776;cartographie collaborative (OSM);aucun indice fiable
primaire;ecole_primaire;Ecole Primaire Publique de Djègan Daho;;public;Porto-Novo;Ouémé;;6.486375;2.649627;https://www.openstreetmap.org/way/359538950;cartographie collaborative (OSM);nom : école primaire
secondaire_general;ceg;CEG KOUTONGBE;;public;Porto-Novo;Ouémé;;6.495763;2.644058;https://www.openstreetmap.org/way/359541238;cartographie collaborative (OSM);nom : CEG
a_preciser;indetermine;(sans nom);;non_indique;Avrankou;Ouémé;;6.526392;2.612855;https://www.openstreetmap.org/way/364638034;cartographie collaborative (OSM);aucun indice fiable
a_preciser;indetermine;(sans nom);;non_indique;Djidja;Zou;;7.562941;1.699182;https://www.openstreetmap.org/way/372094787;cartographie collaborative (OSM);aucun indice fiable
a_preciser;indetermine;(sans nom);;non_indique;Djidja;Zou;;7.572449;1.703385;https://www.openstreetmap.org/way/372140980;cartographie collaborative (OSM);aucun indice fiable
a_preciser;indetermine;(sans nom);;non_indique;Djidja;Zou;;7.347542;1.933059;https://www.openstreetmap.org/way/372293289;cartographie collaborative (OSM);aucun indice fiable
superieur;universite;E. N. I.;;non_indique;Kandi;Alibori;;11.180833;2.957743;https://www.openstreetmap.org/way/374048145;cartographie collaborative (OSM);attribut amenity=university
a_preciser;indetermine;(sans nom);;non_indique;Aplahoué;Couffo;;6.939718;1.668300;https://www.openstreetmap.org/way/374181069;cartographie collaborative (OSM);aucun indice fiable
a_preciser;indetermine;(sans nom);;non_indique;Aplahoué;Couffo;;6.959293;1.660542;https://www.openstreetmap.org/way/374181974;cartographie collaborative (OSM);aucun indice fiable
secondaire_general;ceg;CEG 2 AZOVE;;public;Aplahoué;Couffo;;6.940605;1.711189;https://www.openstreetmap.org/way/374187454;cartographie collaborative (OSM);nom : CEG
a_preciser;indetermine;(sans nom);;non_indique;Aplahoué;Couffo;;6.941794;1.701128;https://www.openstreetmap.org/way/374187456;cartographie collaborative (OSM);aucun indice fiable
a_preciser;indetermine;(sans nom);;non_indique;Aplahoué;Couffo;;6.944770;1.676025;https://www.openstreetmap.org/way/374187730;cartographie collaborative (OSM);aucun indice fiable
a_preciser;indetermine;(sans nom);;non_indique;Aplahoué;Couffo;;6.961832;1.673201;https://www.openstreetmap.org/way/374189921;cartographie collaborative (OSM);aucun indice fiable
a_preciser;indetermine;(sans nom);;non_indique;Aplahoué;Couffo;;6.938954;1.716307;https://www.openstreetmap.org/way/374189922;cartographie collaborative (OSM);aucun indice fiable
a_preciser;indetermine;(sans nom);;non_indique;Aplahoué;Couffo;;6.952239;1.670736;https://www.openstreetmap.org/way/374189924;cartographie collaborative (OSM);aucun indice fiable
a_preciser;indetermine;(sans nom);;non_indique;Aplahoué;Couffo;;6.967659;1.667179;https://www.openstreetmap.org/way/374189925;cartographie collaborative (OSM);aucun indice fiable
a_preciser;indetermine;(sans nom);;non_indique;Djakotomey;Couffo;;6.936750;1.749717;https://www.openstreetmap.org/way/374192440;cartographie collaborative (OSM);aucun indice fiable
a_preciser;indetermine;(sans nom);;non_indique;Toviklin;Couffo;;6.943598;1.771028;https://www.openstreetmap.org/way/374322246;cartographie collaborative (OSM);aucun indice fiable
a_preciser;indetermine;(sans nom);;non_indique;Djakotomey;Couffo;;6.912032;1.733718;https://www.openstreetmap.org/way/374376984;cartographie collaborative (OSM);aucun indice fiable
a_preciser;indetermine;(sans nom);;non_indique;Djakotomey;Couffo;;6.864784;1.675246;https://www.openstreetmap.org/way/374514711;cartographie collaborative (OSM);aucun indice fiable
a_preciser;indetermine;École primaire publique de Gnel Séfou;;public;Kalale;Borgou;;10.401102;3.064755;https://www.openstreetmap.org/way/374517427;cartographie collaborative (OSM);aucun indice fiable
secondaire_general;ceg;CEG 1 de Covè;;public;Covè;Zou;;7.221005;2.349379;https://www.openstreetmap.org/way/374726195;cartographie collaborative (OSM);nom : CEG
a_preciser;indetermine;(sans nom);;non_indique;Djidja;Zou;;7.528832;1.902593;https://www.openstreetmap.org/way/375441103;cartographie collaborative (OSM);aucun indice fiable
a_preciser;indetermine;(sans nom);;non_indique;Djidja;Zou;;7.528652;1.902228;https://www.openstreetmap.org/way/375441105;cartographie collaborative (OSM);aucun indice fiable
a_preciser;indetermine;(sans nom);;non_indique;Djidja;Zou;;7.528581;1.902670;https://www.openstreetmap.org/way/375441106;cartographie collaborative (OSM);aucun indice fiable
superieur_ou_formation;enseignement_superieur_ou_formation;Centre d'éducation générale d' Ekpè 1;;non_indique;Sèmè-Podji;Ouémé;;6.389863;2.551159;https://www.openstreetmap.org/way/376720332;cartographie collaborative (OSM);attribut amenity=college
a_preciser;indetermine;(sans nom);;non_indique;Porto-Novo;Ouémé;;6.484069;2.629106;https://www.openstreetmap.org/way/376919853;cartographie collaborative (OSM);aucun indice fiable
a_preciser;indetermine;École primaire publique d'Ekpè Centre;;public;Sèmè-Podji;Ouémé;;6.388407;2.543035;https://www.openstreetmap.org/way/376980817;cartographie collaborative (OSM);aucun indice fiable
secondaire_general;ceg;ÉCOLE CEG TAMAROU;;public;N'Dali;Borgou;;9.744984;2.698059;https://www.openstreetmap.org/way/377266677;cartographie collaborative (OSM);nom : CEG
a_preciser;indetermine;(sans nom);;non_indique;N'Dali;Borgou;;9.810890;2.444760;https://www.openstreetmap.org/way/377416205;cartographie collaborative (OSM);aucun indice fiable
a_preciser;indetermine;(sans nom);;non_indique;Sinendé;Borgou;;10.112662;2.395112;https://www.openstreetmap.org/way/377562281;cartographie collaborative (OSM);aucun indice fiable
secondaire_general;college;Collège BON CHEMIN EKPE;;non_indique;Sèmè-Podji;Ouémé;Collège BON CHEMIN;6.393856;2.537099;https://www.openstreetmap.org/way/378675041;cartographie collaborative (OSM);nom : collège
a_preciser;indetermine;(sans nom);;non_indique;Parakou;Borgou;;9.359128;2.600544;https://www.openstreetmap.org/way/382968492;cartographie collaborative (OSM);aucun indice fiable
a_preciser;indetermine;(sans nom);;non_indique;Adja-Ouèrè;Plateau;;6.905381;2.508983;https://www.openstreetmap.org/way/384774020;cartographie collaborative (OSM);aucun indice fiable
a_preciser;indetermine;(sans nom);;non_indique;Sakété;Plateau;;6.686463;2.619607;https://www.openstreetmap.org/way/384774593;cartographie collaborative (OSM);aucun indice fiable
a_preciser;indetermine;École primaire publique de Djeffa;;public;Sèmè-Podji;Ouémé;;6.389904;2.553161;https://www.openstreetmap.org/way/384960714;cartographie collaborative (OSM);aucun indice fiable
a_preciser;indetermine;Centre d'Alphabétisation;;non_indique;Dangbo;Ouémé;;6.591096;2.566546;https://www.openstreetmap.org/way/385008128;cartographie collaborative (OSM);aucun indice fiable
a_preciser;indetermine;École primaire publique de Gomè;;public;Kpomassè;Atlantique;;6.368589;1.981858;https://www.openstreetmap.org/way/386764341;cartographie collaborative (OSM);aucun indice fiable
superieur_ou_formation;enseignement_superieur_ou_formation;"Centre d'éducation générale ""Le Nokoué""";;non_indique;Abomey-Calavi;Atlantique;;6.393746;2.357624;https://www.openstreetmap.org/way/391033125;cartographie collaborative (OSM);attribut amenity=college
a_preciser;indetermine;(sans nom);;non_indique;Avrankou;Ouémé;;6.569895;2.655419;https://www.openstreetmap.org/way/393076736;cartographie collaborative (OSM);aucun indice fiable
primaire;ecole_primaire;Ecole primaire publique;;public;Sinendé;Borgou;;10.458589;2.455584;https://www.openstreetmap.org/way/396400993;cartographie collaborative (OSM);nom : école primaire
a_preciser;complexe_scolaire;Complexe Scolaire Tove A, B et C;;non_indique;Ouidah;Atlantique;;6.360075;2.101480;https://www.openstreetmap.org/way/403599872;cartographie collaborative (OSM);nom : complexe / groupe scolaire
superieur_ou_formation;enseignement_superieur_ou_formation;Centre d'éducation générale d'Adjaha;;non_indique;Grand-Popo;Mono;;6.323843;1.832972;https://www.openstreetmap.org/way/410831708;cartographie collaborative (OSM);attribut amenity=college
primaire;isced_1;(sans nom);;non_indique;Akpro-Missérété;Ouémé;;6.572013;2.588392;https://www.openstreetmap.org/way/414241383;cartographie collaborative (OSM);attribut isced:level
a_preciser;indetermine;(sans nom);;non_indique;Bassila;Donga;;8.975404;1.724488;https://www.openstreetmap.org/way/414246345;cartographie collaborative (OSM);aucun indice fiable
a_preciser;indetermine;Biguina 1 Primary School;;non_indique;Bassila;Donga;;8.773780;1.646914;https://www.openstreetmap.org/way/414616023;cartographie collaborative (OSM);aucun indice fiable
a_preciser;indetermine;École primaire publique de Gbéssakpérou;;public;Kalale;Borgou;;10.416096;3.028078;https://www.openstreetmap.org/way/414727671;cartographie collaborative (OSM);aucun indice fiable
secondaire_general;college;Collège d'enseignement généeral de Dunkassa;;public;Kalale;Borgou;Beninese Ministry of Secondary Education;10.349108;3.147467;https://www.openstreetmap.org/way/414733970;cartographie collaborative (OSM);nom : collège
a_preciser;indetermine;École Primaire Publique de Tohouè;;public;Sèmè-Podji;Ouémé;;6.431565;2.665933;https://www.openstreetmap.org/way/415460044;cartographie collaborative (OSM);aucun indice fiable
superieur_ou_formation;enseignement_superieur_ou_formation;Centre d'enseignement général de Tohouè;;non_indique;Sèmè-Podji;Ouémé;;6.432538;2.675806;https://www.openstreetmap.org/way/415781859;cartographie collaborative (OSM);attribut amenity=college
a_preciser;indetermine;École primaire publique de N'vènamèdé;;public;Cotonou;Littoral;;6.373881;2.461869;https://www.openstreetmap.org/way/416489326;cartographie collaborative (OSM);aucun indice fiable
superieur;universite;Vérichaguine;;non_indique;Cotonou;Littoral;;6.361028;2.407326;https://www.openstreetmap.org/way/418086340;cartographie collaborative (OSM);attribut amenity=university
superieur;enseignement_superieur;"Institut Polytechnique ""Le Citoyen"" (IPC)";;non_indique;Cotonou;Littoral;@nohevog1;6.360517;2.404812;https://www.openstreetmap.org/way/418090565;cartographie collaborative (OSM);nom : école supérieure / institut
superieur;enseignement_superieur;Institut National Medico Sanitaire (INMeS);;non_indique;Cotonou;Littoral;;6.354218;2.409399;https://www.openstreetmap.org/way/418176358;cartographie collaborative (OSM);nom : école supérieure / institut
secondaire_general;college;Collège Martin Luther King;;non_indique;Abomey-Calavi;Atlantique;;6.410203;2.288409;https://www.openstreetmap.org/way/418306473;cartographie collaborative (OSM);nom : collège
a_preciser;complexe_scolaire;Complexe Scolaire Saint. Famille;;confessionnel;Abomey-Calavi;Atlantique;;6.400102;2.329053;https://www.openstreetmap.org/way/418363916;cartographie collaborative (OSM);nom : complexe / groupe scolaire
secondaire_general;ceg;CEG Le Plateau;;public;Abomey-Calavi;Atlantique;;6.405002;2.312930;https://www.openstreetmap.org/way/418396608;cartographie collaborative (OSM);nom : CEG
a_preciser;complexe_scolaire;Complexe Scolaire Womey Enawa;;non_indique;Abomey-Calavi;Atlantique;;6.403874;2.295812;https://www.openstreetmap.org/way/418396609;cartographie collaborative (OSM);nom : complexe / groupe scolaire
a_preciser;indetermine;École Primaire Privée Le Flambeau de la Réussite;;prive;Abomey-Calavi;Atlantique;;6.409923;2.291382;https://www.openstreetmap.org/way/418396610;cartographie collaborative (OSM);aucun indice fiable
a_preciser;indetermine;École Coranique;;non_indique;Sèmè-Podji;Ouémé;;6.431852;2.667022;https://www.openstreetmap.org/way/418584719;cartographie collaborative (OSM);aucun indice fiable
a_preciser;indetermine;Saint Jean de Dieu;;confessionnel;Sèmè-Podji;Ouémé;;6.430196;2.660145;https://www.openstreetmap.org/way/418601538;cartographie collaborative (OSM);aucun indice fiable
a_preciser;indetermine;(sans nom);;non_indique;Adjarra;Ouémé;;6.483410;2.708246;https://www.openstreetmap.org/way/419648046;cartographie collaborative (OSM);aucun indice fiable
superieur_ou_formation;enseignement_superieur_ou_formation;(sans nom);;non_indique;Tchaourou;Borgou;;9.198780;2.281589;https://www.openstreetmap.org/way/420782710;cartographie collaborative (OSM);attribut amenity=college
a_preciser;indetermine;(sans nom);;non_indique;Cotonou;Littoral;;6.368120;2.450676;https://www.openstreetmap.org/way/420919483;cartographie collaborative (OSM);aucun indice fiable
a_preciser;indetermine;(sans nom);;non_indique;Sèmè-Podji;Ouémé;;6.380323;2.456669;https://www.openstreetmap.org/way/421059549;cartographie collaborative (OSM);aucun indice fiable
technique_et_formation;centre_formation;CFME (Centre de Formation aux Métiers de l'Eau);;non_indique;Cotonou;Littoral;;6.364922;2.461771;https://www.openstreetmap.org/way/421200424;cartographie collaborative (OSM);nom : centre de formation
secondaire_general;ceg;CEG D'Abomey-calavi;;public;Abomey-Calavi;Atlantique;;6.441720;2.351941;https://www.openstreetmap.org/way/421712753;cartographie collaborative (OSM);nom : CEG
primaire;ecole_primaire;EPP Houèkègbo;;public;Abomey-Calavi;Atlantique;;6.487870;2.360457;https://www.openstreetmap.org/way/421885799;cartographie collaborative (OSM);nom : école primaire
superieur;universite;FAST/UAC;;non_indique;Dassa-Zoumè;Collines;;7.782800;2.183265;https://www.openstreetmap.org/way/424540062;cartographie collaborative (OSM);attribut amenity=university
superieur;enseignement_superieur;INFRE (Institut National de Formation et Recherche en Education);;non_indique;Porto-Novo;Ouémé;;6.475025;2.621213;https://www.openstreetmap.org/way/425026828;cartographie collaborative (OSM);nom : école supérieure / institut
secondaire_general;ceg;Collège d'Enseignement Général Le Lac;;non_indique;Cotonou;Littoral;;6.386135;2.421396;https://www.openstreetmap.org/way/426128620;cartographie collaborative (OSM);nom : CEG
primaire;isced_1;(sans nom);;non_indique;Adjarra;Ouémé;;6.478028;2.675576;https://www.openstreetmap.org/way/429399806;cartographie collaborative (OSM);attribut isced:level
primaire;ecole_primaire;EPP;;public;Lokossa;Mono;;6.630271;1.755679;https://www.openstreetmap.org/way/433144940;cartographie collaborative (OSM);nom : école primaire
a_preciser;indetermine;(sans nom);;non_indique;Dangbo;Ouémé;public;6.588931;2.552026;https://www.openstreetmap.org/way/433152322;cartographie collaborative (OSM);aucun indice fiable
secondaire_general;ceg;Collège d'Enseignement Général de Djassin;;non_indique;Porto-Novo;Ouémé;;6.474876;2.602965;https://www.openstreetmap.org/way/434857097;cartographie collaborative (OSM);nom : CEG
secondaire_general;ceg;CEG Beroubouay;;public;Bembèrèkè;Borgou;;10.533346;2.732960;https://www.openstreetmap.org/way/443482227;cartographie collaborative (OSM);nom : CEG
a_preciser;indetermine;École primaire publique de Béroubouay;;public;Bembèrèkè;Borgou;;10.536356;2.726096;https://www.openstreetmap.org/way/443482726;cartographie collaborative (OSM);aucun indice fiable
a_preciser;indetermine;(sans nom);;non_indique;Sinendé;Borgou;;10.374213;2.393066;https://www.openstreetmap.org/way/447197641;cartographie collaborative (OSM);aucun indice fiable
a_preciser;indetermine;(sans nom);;non_indique;Sinendé;Borgou;;10.375596;2.401870;https://www.openstreetmap.org/way/447197642;cartographie collaborative (OSM);aucun indice fiable
maternel;ecole_maternelle;(sans nom);;non_indique;Sinendé;Borgou;;10.365554;2.396207;https://www.openstreetmap.org/way/447197643;cartographie collaborative (OSM);attribut amenity=kindergarten
a_preciser;indetermine;(sans nom);;non_indique;Sinendé;Borgou;;10.366905;2.395620;https://www.openstreetmap.org/way/447197644;cartographie collaborative (OSM);aucun indice fiable
a_preciser;indetermine;(sans nom);;non_indique;Sinendé;Borgou;;10.373430;2.401385;https://www.openstreetmap.org/way/447197645;cartographie collaborative (OSM);aucun indice fiable
a_preciser;indetermine;(sans nom);;non_indique;Sinendé;Borgou;;10.368978;2.403613;https://www.openstreetmap.org/way/447197646;cartographie collaborative (OSM);aucun indice fiable
superieur_ou_formation;enseignement_superieur_ou_formation;"Centre d'éducation générale ""Le Méridien""";;non_indique;Abomey-Calavi;Atlantique;;6.380650;2.273765;https://www.openstreetmap.org/way/455670093;cartographie collaborative (OSM);attribut amenity=college
a_preciser;indetermine;École primaire publique d'Ahogbohoué;;public;Cotonou;Littoral;;6.376263;2.382687;https://www.openstreetmap.org/way/459613843;cartographie collaborative (OSM);aucun indice fiable
primaire;ecole_primaire;EPP Kounacogou;;public;Boukoumbé;Atacora;;10.209895;1.146287;https://www.openstreetmap.org/way/481132005;cartographie collaborative (OSM);nom : école primaire
a_preciser;indetermine;(sans nom);;non_indique;Boukoumbé;Atacora;;10.150596;1.176678;https://www.openstreetmap.org/way/481132011;cartographie collaborative (OSM);aucun indice fiable
primaire;ecole_primaire;EPP;;public;Tanguiéta;Atacora;;10.480747;1.170538;https://www.openstreetmap.org/way/481189546;cartographie collaborative (OSM);nom : école primaire
primaire;ecole_primaire;EPP Dimantadoni;;public;Boukoumbé;Atacora;;10.330305;1.116978;https://www.openstreetmap.org/way/481189550;cartographie collaborative (OSM);nom : école primaire
primaire;ecole_primaire;EPP;;public;Boukoumbé;Atacora;;10.293945;1.032747;https://www.openstreetmap.org/way/481193119;cartographie collaborative (OSM);nom : école primaire
primaire;ecole_primaire;EPP;;public;Boukoumbé;Atacora;;10.282670;1.059552;https://www.openstreetmap.org/way/481193125;cartographie collaborative (OSM);nom : école primaire
primaire;ecole_primaire;EPP;;public;Boukoumbé;Atacora;;10.205448;1.038735;https://www.openstreetmap.org/way/481193132;cartographie collaborative (OSM);nom : école primaire
primaire;ecole_primaire;EPP;;public;Boukoumbé;Atacora;;10.195689;1.072164;https://www.openstreetmap.org/way/481193133;cartographie collaborative (OSM);nom : école primaire
primaire;ecole_primaire;EPP;;public;Boukoumbé;Atacora;;10.219499;1.044292;https://www.openstreetmap.org/way/481193137;cartographie collaborative (OSM);nom : école primaire
primaire;ecole_primaire;EPP;;public;Boukoumbé;Atacora;;10.393498;1.030012;https://www.openstreetmap.org/way/481193143;cartographie collaborative (OSM);nom : école primaire
primaire;ecole_primaire;EPP;;public;Boukoumbé;Atacora;;10.403842;1.036248;https://www.openstreetmap.org/way/481193144;cartographie collaborative (OSM);nom : école primaire
a_preciser;indetermine;(sans nom);;non_indique;Boukoumbé;Atacora;;10.385162;1.081040;https://www.openstreetmap.org/way/481193152;cartographie collaborative (OSM);aucun indice fiable
primaire;ecole_primaire;EPP;;public;Boukoumbé;Atacora;;10.370275;1.058080;https://www.openstreetmap.org/way/481193154;cartographie collaborative (OSM);nom : école primaire
primaire;ecole_primaire;EPP;;public;Boukoumbé;Atacora;;10.267635;0.943431;https://www.openstreetmap.org/way/481193160;cartographie collaborative (OSM);nom : école primaire
primaire;ecole_primaire;EPP;;public;Boukoumbé;Atacora;;10.301626;1.064858;https://www.openstreetmap.org/way/481193166;cartographie collaborative (OSM);nom : école primaire
secondaire_general;ceg;CEG Korontière;;public;Boukoumbé;Atacora;;10.273231;0.996068;https://www.openstreetmap.org/way/481193700;cartographie collaborative (OSM);nom : CEG
primaire;ecole_primaire;EPP Koronitère;;public;Boukoumbé;Atacora;;10.259824;0.993570;https://www.openstreetmap.org/way/481193703;cartographie collaborative (OSM);nom : école primaire
secondaire_general;college;Collège Saint Augustin;;prive;Boukoumbé;Atacora;;10.194126;1.088171;https://www.openstreetmap.org/way/481193705;cartographie collaborative (OSM);nom : collège
primaire;ecole_primaire;EPP;;public;Boukoumbé;Atacora;;10.125245;1.150495;https://www.openstreetmap.org/way/481194127;cartographie collaborative (OSM);nom : école primaire
primaire;ecole_primaire;EPP Koumagou;;public;Boukoumbé;Atacora;;10.147063;1.138944;https://www.openstreetmap.org/way/481194133;cartographie collaborative (OSM);nom : école primaire
primaire;ecole_primaire;EPP;;public;Boukoumbé;Atacora;;10.177830;1.134460;https://www.openstreetmap.org/way/481194556;cartographie collaborative (OSM);nom : école primaire
primaire;ecole_primaire;EPP;;public;Boukoumbé;Atacora;;10.258759;1.034773;https://www.openstreetmap.org/way/481195250;cartographie collaborative (OSM);nom : école primaire
primaire;ecole_primaire;EPP Dipoli;;public;Boukoumbé;Atacora;;10.317058;0.993048;https://www.openstreetmap.org/way/481195697;cartographie collaborative (OSM);nom : école primaire
primaire;ecole_primaire;EPP;;public;Boukoumbé;Atacora;;10.314185;0.963532;https://www.openstreetmap.org/way/481195712;cartographie collaborative (OSM);nom : école primaire
primaire;ecole_primaire;EPP Dipokor-Tari;;public;Boukoumbé;Atacora;;10.307505;1.112899;https://www.openstreetmap.org/way/481197217;cartographie collaborative (OSM);nom : école primaire
primaire;ecole_primaire;EPP;;public;Boukoumbé;Atacora;;10.285796;1.116615;https://www.openstreetmap.org/way/481197223;cartographie collaborative (OSM);nom : école primaire
primaire;ecole_primaire;EPP Koukogou;;public;Boukoumbé;Atacora;;10.382693;1.041200;https://www.openstreetmap.org/way/481197330;cartographie collaborative (OSM);nom : école primaire
a_preciser;indetermine;(sans nom);;public;Kouandé;Atacora;;9.996851;1.517748;https://www.openstreetmap.org/way/481279732;cartographie collaborative (OSM);aucun indice fiable
secondaire_general;ceg;CEG Birni;;public;Kouandé;Atacora;;9.993742;1.526423;https://www.openstreetmap.org/way/481279739;cartographie collaborative (OSM);nom : CEG
primaire;ecole_primaire;EPP;;public;Kouandé;Atacora;;9.985425;1.526065;https://www.openstreetmap.org/way/481279746;cartographie collaborative (OSM);nom : école primaire
primaire;ecole_primaire;EPP;;public;Kouandé;Atacora;;9.999500;1.475086;https://www.openstreetmap.org/way/481279752;cartographie collaborative (OSM);nom : école primaire
primaire;ecole_primaire;EPP;;public;Kouandé;Atacora;;10.015398;1.475596;https://www.openstreetmap.org/way/481279758;cartographie collaborative (OSM);nom : école primaire
primaire;ecole_primaire;EPP;;public;Kérou;Atacora;;10.719539;2.038748;https://www.openstreetmap.org/way/481279762;cartographie collaborative (OSM);nom : école primaire
a_preciser;indetermine;(sans nom);;non_indique;Matéri;Atacora;;10.776430;0.923314;https://www.openstreetmap.org/way/481280997;cartographie collaborative (OSM);aucun indice fiable
primaire;ecole_primaire;EPP;;public;Matéri;Atacora;;10.778746;0.916240;https://www.openstreetmap.org/way/481281002;cartographie collaborative (OSM);nom : école primaire
a_preciser;indetermine;(sans nom);;public;Péhunco;Atacora;;10.422966;2.015367;https://www.openstreetmap.org/way/481281795;cartographie collaborative (OSM);aucun indice fiable
a_preciser;indetermine;(sans nom);;non_indique;Péhunco;Atacora;;10.403344;2.007455;https://www.openstreetmap.org/way/481281801;cartographie collaborative (OSM);aucun indice fiable
a_preciser;indetermine;(sans nom);;non_indique;Péhunco;Atacora;;10.415637;2.011708;https://www.openstreetmap.org/way/481281804;cartographie collaborative (OSM);aucun indice fiable
primaire;ecole_primaire;EPP;;public;Matéri;Atacora;;10.832829;1.029931;https://www.openstreetmap.org/way/481282570;cartographie collaborative (OSM);nom : école primaire
secondaire_general;ceg;CEG Tantéga;;public;Matéri;Atacora;;10.829741;1.026008;https://www.openstreetmap.org/way/481282571;cartographie collaborative (OSM);nom : CEG
primaire;ecole_primaire;EPP;;public;Matéri;Atacora;;10.808895;1.150459;https://www.openstreetmap.org/way/481282872;cartographie collaborative (OSM);nom : école primaire
secondaire_general;ceg;CEG Dassari;;public;Matéri;Atacora;;10.811424;1.143858;https://www.openstreetmap.org/way/481282878;cartographie collaborative (OSM);nom : CEG
secondaire_general;ceg;CEG Tobré;;public;Péhunco;Atacora;;10.203607;2.134177;https://www.openstreetmap.org/way/481283357;cartographie collaborative (OSM);nom : CEG
primaire;ecole_primaire;EPP;;public;Péhunco;Atacora;;10.189834;2.137949;https://www.openstreetmap.org/way/481283365;cartographie collaborative (OSM);nom : école primaire
primaire;ecole_primaire;EPP;;public;Péhunco;Atacora;;10.189952;2.127915;https://www.openstreetmap.org/way/481283369;cartographie collaborative (OSM);nom : école primaire
primaire;ecole_primaire;EPP;;public;Péhunco;Atacora;;10.305350;2.054852;https://www.openstreetmap.org/way/481283942;cartographie collaborative (OSM);nom : école primaire
secondaire_general;ceg;CEG Toucountouna;;public;Toucountouna;Atacora;;10.497116;1.377027;https://www.openstreetmap.org/way/481284975;cartographie collaborative (OSM);nom : CEG
a_preciser;indetermine;(sans nom);;public;Toucountouna;Atacora;;10.488964;1.376852;https://www.openstreetmap.org/way/481284988;cartographie collaborative (OSM);aucun indice fiable
primaire;ecole_primaire;EPP Tagayé;;public;Natitingou;Atacora;;10.265054;1.305688;https://www.openstreetmap.org/way/481977308;cartographie collaborative (OSM);nom : école primaire
primaire;ecole_primaire;EPP de Mokotamou;;public;Natitingou;Atacora;;10.306651;1.349975;https://www.openstreetmap.org/way/481977314;cartographie collaborative (OSM);nom : école primaire
primaire;ecole_primaire;EPP;;public;Natitingou;Atacora;;10.223068;1.366058;https://www.openstreetmap.org/way/481979848;cartographie collaborative (OSM);nom : école primaire
primaire;ecole_primaire;EPP;;public;Boukoumbé;Atacora;;10.159030;1.108818;https://www.openstreetmap.org/way/485404411;cartographie collaborative (OSM);nom : école primaire
a_preciser;indetermine;(sans nom);;public;Avrankou;Ouémé;;6.533782;2.650300;https://www.openstreetmap.org/way/488721991;cartographie collaborative (OSM);aucun indice fiable
a_preciser;indetermine;(sans nom);;public;Avrankou;Ouémé;;6.538429;2.637252;https://www.openstreetmap.org/way/488722163;cartographie collaborative (OSM);aucun indice fiable
primaire;ecole_primaire;EPP Koussoucoingou;;public;Boukoumbé;Atacora;;10.185773;1.203572;https://www.openstreetmap.org/way/496404801;cartographie collaborative (OSM);nom : école primaire
a_preciser;indetermine;École primaire publique de Finagnon;;public;Cotonou;Littoral;Etat;6.365552;2.480944;https://www.openstreetmap.org/way/498886457;cartographie collaborative (OSM);aucun indice fiable
secondaire_general;ceg;Collège d'Enseignement Général Le Littoral;;non_indique;Cotonou;Littoral;Etat;6.363200;2.485592;https://www.openstreetmap.org/way/498886470;cartographie collaborative (OSM);nom : CEG
primaire;ecole_primaire;EPP de Sountchirantikou;;public;Natitingou;Atacora;;10.319478;1.377666;https://www.openstreetmap.org/way/499184976;cartographie collaborative (OSM);nom : école primaire
a_preciser;indetermine;École Catholique Monseigneur Patient Redois;;prive;Natitingou;Atacora;;10.289172;1.380827;https://www.openstreetmap.org/way/502818454;cartographie collaborative (OSM);aucun indice fiable
secondaire_general;ceg;Collège d'Enseignment Générale d'Assanté (CEG Assanté);;public;Glazoué;Collines;;8.137394;2.253181;https://www.openstreetmap.org/way/502909437;cartographie collaborative (OSM);nom : CEG
a_preciser;indetermine;(sans nom);;non_indique;Kpomassè;Atlantique;;6.370398;2.065705;https://www.openstreetmap.org/way/515624523;cartographie collaborative (OSM);aucun indice fiable
superieur;universite;Cifred uac;;non_indique;Abomey-Calavi;Atlantique;;6.475791;2.341986;https://www.openstreetmap.org/way/518515740;cartographie collaborative (OSM);attribut amenity=university
a_preciser;indetermine;(sans nom);;non_indique;Natitingou;Atacora;;10.250045;1.230968;https://www.openstreetmap.org/way/531387841;cartographie collaborative (OSM);aucun indice fiable
a_preciser;indetermine;(sans nom);;public;Natitingou;Atacora;;10.214998;1.306336;https://www.openstreetmap.org/way/531389546;cartographie collaborative (OSM);aucun indice fiable
secondaire_general;college;collège '' LA DECISION '';;non_indique;Adjarra;Ouémé;;6.522983;2.666841;https://www.openstreetmap.org/way/533209478;cartographie collaborative (OSM);nom : collège
primaire;ecole_primaire;Ecole Primaire Public de TANTO;;public;Cotonou;Littoral;;6.369097;2.472339;https://www.openstreetmap.org/way/533264508;cartographie collaborative (OSM);nom : école primaire
a_preciser;indetermine;École Primaire Publique d'Adjarra;;public;Adjarra;Ouémé;;6.527051;2.667951;https://www.openstreetmap.org/way/533328041;cartographie collaborative (OSM);aucun indice fiable
secondaire_general;ceg;Collège d'enseignement general de Toko Toko;;non_indique;Djougou;Donga;;9.744967;2.034148;https://www.openstreetmap.org/way/546854101;cartographie collaborative (OSM);nom : CEG
secondaire_general;college;Collège d'ens;;non_indique;Djougou;Donga;;9.745132;2.034447;https://www.openstreetmap.org/way/546854102;cartographie collaborative (OSM);nom : collège
a_preciser;complexe_scolaire;Cours Secondaire Sainte Jeanne d'Arc;;confessionnel;Abomey;Zou;;7.185569;2.003817;https://www.openstreetmap.org/way/550438834;cartographie collaborative (OSM);nom : complexe / groupe scolaire
secondaire_general;lycee;Lycée Houegbadja;;non_indique;Abomey;Zou;;7.186055;2.014481;https://www.openstreetmap.org/way/550441893;cartographie collaborative (OSM);nom : lycée
superieur_ou_formation;enseignement_superieur_ou_formation;Centre d'enseignement générale de Toui;;non_indique;Ouèssè;Collines;;8.669122;2.591982;https://www.openstreetmap.org/way/550451997;cartographie collaborative (OSM);attribut amenity=college
a_preciser;indetermine;École primaire publique de Toui 1;;public;Ouèssè;Collines;;8.684579;2.596419;https://www.openstreetmap.org/way/550451998;cartographie collaborative (OSM);aucun indice fiable
technique_et_formation;lycee_technique;Lycée Technique de Kpondehoun;;non_indique;Sèmè-Podji;Ouémé;;6.383964;2.456728;https://www.openstreetmap.org/way/591442874;cartographie collaborative (OSM);nom : lycée technique/agricole
superieur;universite;Université des Sciences et Technologies du Bénin;;prive;Sèmè-Podji;Ouémé;;6.382711;2.456707;https://www.openstreetmap.org/way/591442875;cartographie collaborative (OSM);nom : université
a_preciser;indetermine;École primaire publique Alafiarou groupe A;;public;Tchaourou;Borgou;;9.031786;2.405098;https://www.openstreetmap.org/way/598754307;cartographie collaborative (OSM);aucun indice fiable
superieur_ou_formation;enseignement_superieur_ou_formation;(sans nom);;non_indique;Tchaourou;Borgou;;9.021583;2.403559;https://www.openstreetmap.org/way/598754308;cartographie collaborative (OSM);attribut amenity=college
primaire;ecole_primaire;EPP;;public;Bohicon;Zou;;7.169442;2.091702;https://www.openstreetmap.org/way/609318788;cartographie collaborative (OSM);nom : école primaire
primaire;ecole_primaire;EPP AGBANWEME;;public;Bohicon;Zou;;7.182278;2.074890;https://www.openstreetmap.org/way/610218685;cartographie collaborative (OSM);nom : école primaire
a_preciser;indetermine;(sans nom);;non_indique;Kouandé;Atacora;;10.308387;1.742164;https://www.openstreetmap.org/way/648039308;cartographie collaborative (OSM);aucun indice fiable
primaire;ecole_primaire;EPP BOUKOURO;;public;Sinendé;Borgou;;10.293836;2.396722;https://www.openstreetmap.org/way/648403467;cartographie collaborative (OSM);nom : école primaire
a_preciser;indetermine;(sans nom);;non_indique;Ouidah;Atlantique;;6.358949;2.063206;https://www.openstreetmap.org/way/651126078;cartographie collaborative (OSM);aucun indice fiable
a_preciser;indetermine;(sans nom);;non_indique;Houéyogbé;Mono;;6.539031;1.873123;https://www.openstreetmap.org/way/668272646;cartographie collaborative (OSM);aucun indice fiable
maternel;ecole_maternelle;Aclo;;non_indique;Houéyogbé;Mono;;6.553158;1.914387;https://www.openstreetmap.org/way/669841643;cartographie collaborative (OSM);attribut amenity=kindergarten
secondaire_general;ceg;CEG Tchankada;;public;Toviklin;Couffo;;6.925127;1.804108;https://www.openstreetmap.org/way/688942436;cartographie collaborative (OSM);nom : CEG
a_preciser;indetermine;École Primaire Publique Sognonnouhoue;;public;Toviklin;Couffo;;6.904281;1.844142;https://www.openstreetmap.org/way/696135370;cartographie collaborative (OSM);aucun indice fiable
a_preciser;indetermine;École primaire publique de Dunkassa;;public;Kalale;Borgou;Beninese Ministry of Primary Education;10.358133;3.146423;https://www.openstreetmap.org/way/701100428;cartographie collaborative (OSM);aucun indice fiable
secondaire_general;ceg;College d'Enseignement General Bouka;;public;Kalale;Borgou;Beninese Ministry of Secondary Education;10.207899;3.144258;https://www.openstreetmap.org/way/701100433;cartographie collaborative (OSM);nom : CEG
a_preciser;indetermine;(sans nom);;non_indique;Malanville;Alibori;;11.861398;3.382407;https://www.openstreetmap.org/way/710515286;cartographie collaborative (OSM);aucun indice fiable
a_preciser;indetermine;(sans nom);;non_indique;Malanville;Alibori;;11.797074;3.472959;https://www.openstreetmap.org/way/710982019;cartographie collaborative (OSM);aucun indice fiable
a_preciser;indetermine;(sans nom);;non_indique;Malanville;Alibori;;11.786729;3.514217;https://www.openstreetmap.org/way/710992731;cartographie collaborative (OSM);aucun indice fiable
a_preciser;indetermine;École primaire de Kouara-Tédji;;non_indique;Malanville;Alibori;;11.604152;3.500964;https://www.openstreetmap.org/way/711256625;cartographie collaborative (OSM);aucun indice fiable
a_preciser;indetermine;École primaire de Sendé;;non_indique;Malanville;Alibori;;11.611911;3.501054;https://www.openstreetmap.org/way/711259624;cartographie collaborative (OSM);aucun indice fiable
a_preciser;indetermine;(sans nom);;non_indique;Malanville;Alibori;;11.857825;3.288772;https://www.openstreetmap.org/way/711281668;cartographie collaborative (OSM);aucun indice fiable
a_preciser;indetermine;(sans nom);;non_indique;Malanville;Alibori;;11.769864;3.215097;https://www.openstreetmap.org/way/711343173;cartographie collaborative (OSM);aucun indice fiable
a_preciser;indetermine;(sans nom);;non_indique;Malanville;Alibori;;11.769937;3.239584;https://www.openstreetmap.org/way/711343175;cartographie collaborative (OSM);aucun indice fiable
a_preciser;indetermine;(sans nom);;non_indique;Karimama;Alibori;;11.934196;3.232161;https://www.openstreetmap.org/way/711514900;cartographie collaborative (OSM);aucun indice fiable
a_preciser;indetermine;(sans nom);;non_indique;Karimama;Alibori;;11.900426;3.264273;https://www.openstreetmap.org/way/711603318;cartographie collaborative (OSM);aucun indice fiable
a_preciser;indetermine;(sans nom);;non_indique;Malanville;Alibori;;11.859181;3.374632;https://www.openstreetmap.org/way/711618173;cartographie collaborative (OSM);aucun indice fiable
maternel;ecole_maternelle;École maternelle de Malanville;;non_indique;Malanville;Alibori;;11.861983;3.388904;https://www.openstreetmap.org/way/711626410;cartographie collaborative (OSM);nom : maternelle
a_preciser;indetermine;(sans nom);;non_indique;Malanville;Alibori;;11.848908;3.384925;https://www.openstreetmap.org/way/711700150;cartographie collaborative (OSM);aucun indice fiable
a_preciser;indetermine;(sans nom);;non_indique;Malanville;Alibori;;11.735232;3.193623;https://www.openstreetmap.org/way/711989022;cartographie collaborative (OSM);aucun indice fiable
a_preciser;indetermine;(sans nom);;non_indique;Malanville;Alibori;;11.721077;3.174169;https://www.openstreetmap.org/way/711989025;cartographie collaborative (OSM);aucun indice fiable
a_preciser;indetermine;(sans nom);;non_indique;Malanville;Alibori;;11.694520;3.174075;https://www.openstreetmap.org/way/711989038;cartographie collaborative (OSM);aucun indice fiable
a_preciser;indetermine;(sans nom);;non_indique;Malanville;Alibori;;11.757605;3.314422;https://www.openstreetmap.org/way/712452896;cartographie collaborative (OSM);aucun indice fiable
a_preciser;indetermine;(sans nom);;non_indique;Karimama;Alibori;;11.981058;3.219785;https://www.openstreetmap.org/way/712467537;cartographie collaborative (OSM);aucun indice fiable
a_preciser;indetermine;(sans nom);;non_indique;Karimama;Alibori;;12.400002;2.837247;https://www.openstreetmap.org/way/712497979;cartographie collaborative (OSM);aucun indice fiable
a_preciser;indetermine;(sans nom);;non_indique;Karimama;Alibori;;12.394886;2.849356;https://www.openstreetmap.org/way/712981230;cartographie collaborative (OSM);aucun indice fiable
a_preciser;indetermine;(sans nom);;non_indique;Karimama;Alibori;;12.388512;2.864287;https://www.openstreetmap.org/way/712996465;cartographie collaborative (OSM);aucun indice fiable
a_preciser;indetermine;(sans nom);;non_indique;Karimama;Alibori;;12.289629;2.940209;https://www.openstreetmap.org/way/713000544;cartographie collaborative (OSM);aucun indice fiable
a_preciser;indetermine;(sans nom);;non_indique;Karimama;Alibori;;12.345279;2.855570;https://www.openstreetmap.org/way/715284829;cartographie collaborative (OSM);aucun indice fiable
a_preciser;indetermine;(sans nom);;non_indique;Karimama;Alibori;;12.318955;2.901836;https://www.openstreetmap.org/way/715311729;cartographie collaborative (OSM);aucun indice fiable
a_preciser;indetermine;(sans nom);;non_indique;Karimama;Alibori;;12.203534;3.033035;https://www.openstreetmap.org/way/715337526;cartographie collaborative (OSM);aucun indice fiable
a_preciser;indetermine;(sans nom);;non_indique;Karimama;Alibori;;12.137682;3.102440;https://www.openstreetmap.org/way/715469238;cartographie collaborative (OSM);aucun indice fiable
a_preciser;indetermine;(sans nom);;non_indique;Karimama;Alibori;;12.128123;3.119798;https://www.openstreetmap.org/way/715473943;cartographie collaborative (OSM);aucun indice fiable
primaire;ecole_primaire;EPP de Bogo-Bogo;;public;Karimama;Alibori;;12.103933;3.107771;https://www.openstreetmap.org/way/715522287;cartographie collaborative (OSM);nom : école primaire
a_preciser;indetermine;(sans nom);;non_indique;Karimama;Alibori;;12.177343;3.075673;https://www.openstreetmap.org/way/715673719;cartographie collaborative (OSM);aucun indice fiable
a_preciser;indetermine;(sans nom);;non_indique;Karimama;Alibori;;12.164969;3.060808;https://www.openstreetmap.org/way/715685190;cartographie collaborative (OSM);aucun indice fiable
a_preciser;indetermine;(sans nom);;non_indique;Karimama;Alibori;;12.181207;3.046229;https://www.openstreetmap.org/way/715693266;cartographie collaborative (OSM);aucun indice fiable
a_preciser;indetermine;(sans nom);;non_indique;Karimama;Alibori;;12.066723;3.181357;https://www.openstreetmap.org/way/715876858;cartographie collaborative (OSM);aucun indice fiable
a_preciser;indetermine;(sans nom);;non_indique;Karimama;Alibori;;12.046844;3.207976;https://www.openstreetmap.org/way/716028466;cartographie collaborative (OSM);aucun indice fiable
a_preciser;indetermine;(sans nom);;non_indique;Karimama;Alibori;;12.045682;3.135430;https://www.openstreetmap.org/way/716065740;cartographie collaborative (OSM);aucun indice fiable
a_preciser;indetermine;(sans nom);;non_indique;Karimama;Alibori;;12.007430;3.084374;https://www.openstreetmap.org/way/716599422;cartographie collaborative (OSM);aucun indice fiable
a_preciser;indetermine;(sans nom);;non_indique;Karimama;Alibori;;12.243692;2.901533;https://www.openstreetmap.org/way/717059158;cartographie collaborative (OSM);aucun indice fiable
a_preciser;indetermine;(sans nom);;non_indique;Karimama;Alibori;;12.291616;2.922458;https://www.openstreetmap.org/way/717061100;cartographie collaborative (OSM);aucun indice fiable
a_preciser;indetermine;École primaire de Goun-Goun;;non_indique;Malanville;Alibori;;11.562462;3.126109;https://www.openstreetmap.org/way/717080176;cartographie collaborative (OSM);aucun indice fiable
a_preciser;indetermine;École primaire de Monkollé;;non_indique;Malanville;Alibori;;11.429874;3.174459;https://www.openstreetmap.org/way/717094660;cartographie collaborative (OSM);aucun indice fiable
a_preciser;indetermine;(sans nom);;non_indique;;;;11.445901;3.476355;https://www.openstreetmap.org/way/717162141;cartographie collaborative (OSM);aucun indice fiable
a_preciser;indetermine;(sans nom);;non_indique;Ségbana;Alibori;;10.956205;3.636274;https://www.openstreetmap.org/way/717175578;cartographie collaborative (OSM);aucun indice fiable
a_preciser;indetermine;École primaire de Samounaka;;non_indique;Ségbana;Alibori;;11.063625;3.671668;https://www.openstreetmap.org/way/717185030;cartographie collaborative (OSM);aucun indice fiable
a_preciser;indetermine;École primaire de Kambara;;non_indique;Ségbana;Alibori;;10.929726;3.547500;https://www.openstreetmap.org/way/717192738;cartographie collaborative (OSM);aucun indice fiable
secondaire_general;college;Collège de Liboussou;;non_indique;Ségbana;Alibori;;10.923068;3.501545;https://www.openstreetmap.org/way/717283735;cartographie collaborative (OSM);nom : collège
a_preciser;indetermine;École primaire de Liboussou;;non_indique;Ségbana;Alibori;;10.920849;3.487489;https://www.openstreetmap.org/way/717465257;cartographie collaborative (OSM);aucun indice fiable
a_preciser;indetermine;École primaire de Waranzi;;non_indique;Ségbana;Alibori;;10.946253;3.457408;https://www.openstreetmap.org/way/717474660;cartographie collaborative (OSM);aucun indice fiable
a_preciser;indetermine;(sans nom);;non_indique;Ségbana;Alibori;;10.962756;3.397044;https://www.openstreetmap.org/way/717475771;cartographie collaborative (OSM);aucun indice fiable
a_preciser;indetermine;École primaire de Sinwan;;non_indique;Ségbana;Alibori;;11.020956;3.420826;https://www.openstreetmap.org/way/717487173;cartographie collaborative (OSM);aucun indice fiable
a_preciser;indetermine;École primaire de Gbèkakarou;;non_indique;Ségbana;Alibori;;11.069626;3.400134;https://www.openstreetmap.org/way/717498952;cartographie collaborative (OSM);aucun indice fiable
secondaire_general;college;Collège de Lougou;;non_indique;Ségbana;Alibori;;11.107863;3.381632;https://www.openstreetmap.org/way/717507292;cartographie collaborative (OSM);nom : collège
a_preciser;indetermine;École primaire de Gbassè;;non_indique;Ségbana;Alibori;;10.981900;3.286924;https://www.openstreetmap.org/way/717515498;cartographie collaborative (OSM);aucun indice fiable
a_preciser;indetermine;École primaire de Koutakroukou;;non_indique;Kandi;Alibori;;11.048783;3.066725;https://www.openstreetmap.org/way/717529665;cartographie collaborative (OSM);aucun indice fiable
a_preciser;indetermine;École primaire publique de Bensékou;;public;Kandi;Alibori;;10.985553;3.153314;https://www.openstreetmap.org/way/717536909;cartographie collaborative (OSM);aucun indice fiable
a_preciser;indetermine;École primaire de Kandi-Fô;;non_indique;Kandi;Alibori;;11.117046;2.965440;https://www.openstreetmap.org/way/717548972;cartographie collaborative (OSM);aucun indice fiable
a_preciser;indetermine;(sans nom);;non_indique;Kandi;Alibori;;11.131800;2.928346;https://www.openstreetmap.org/way/717553934;cartographie collaborative (OSM);aucun indice fiable
a_preciser;indetermine;(sans nom);;non_indique;Kandi;Alibori;;11.115248;2.930561;https://www.openstreetmap.org/way/717948752;cartographie collaborative (OSM);aucun indice fiable
a_preciser;indetermine;(sans nom);;non_indique;Kandi;Alibori;;11.124826;2.874582;https://www.openstreetmap.org/way/717954882;cartographie collaborative (OSM);aucun indice fiable
a_preciser;indetermine;(sans nom);;non_indique;Kandi;Alibori;;11.115894;2.850688;https://www.openstreetmap.org/way/717955977;cartographie collaborative (OSM);aucun indice fiable
a_preciser;indetermine;(sans nom);;non_indique;Kandi;Alibori;;10.995743;2.813468;https://www.openstreetmap.org/way/718268808;cartographie collaborative (OSM);aucun indice fiable
a_preciser;indetermine;(sans nom);;non_indique;Gogounou;Alibori;;10.919680;2.803822;https://www.openstreetmap.org/way/718292393;cartographie collaborative (OSM);aucun indice fiable
a_preciser;indetermine;(sans nom);;non_indique;Gogounou;Alibori;;10.979069;2.874939;https://www.openstreetmap.org/way/718313244;cartographie collaborative (OSM);aucun indice fiable
a_preciser;indetermine;(sans nom);;non_indique;Gogounou;Alibori;;10.977979;2.873979;https://www.openstreetmap.org/way/718313245;cartographie collaborative (OSM);aucun indice fiable
a_preciser;indetermine;(sans nom);;non_indique;Kandi;Alibori;;11.041396;2.883550;https://www.openstreetmap.org/way/718361474;cartographie collaborative (OSM);aucun indice fiable
a_preciser;indetermine;(sans nom);;non_indique;Kandi;Alibori;;11.082140;2.902091;https://www.openstreetmap.org/way/718366174;cartographie collaborative (OSM);aucun indice fiable
a_preciser;indetermine;(sans nom);;non_indique;Gogounou;Alibori;;10.875048;2.849093;https://www.openstreetmap.org/way/718382353;cartographie collaborative (OSM);aucun indice fiable
a_preciser;indetermine;(sans nom);;non_indique;Gogounou;Alibori;;10.864160;2.764692;https://www.openstreetmap.org/way/718397032;cartographie collaborative (OSM);aucun indice fiable
a_preciser;indetermine;(sans nom);;non_indique;Gogounou;Alibori;;10.786455;2.808013;https://www.openstreetmap.org/way/718403807;cartographie collaborative (OSM);aucun indice fiable
a_preciser;indetermine;(sans nom);;non_indique;Gogounou;Alibori;;10.726636;2.782631;https://www.openstreetmap.org/way/718407403;cartographie collaborative (OSM);aucun indice fiable
a_preciser;indetermine;(sans nom);;non_indique;Gogounou;Alibori;;10.663608;2.753907;https://www.openstreetmap.org/way/718414659;cartographie collaborative (OSM);aucun indice fiable
primaire;ecole_primaire;EPP Torioh;;public;Karimama;Alibori;;12.146745;3.083368;https://www.openstreetmap.org/way/718827104;cartographie collaborative (OSM);nom : école primaire
a_preciser;indetermine;(sans nom);;non_indique;Karimama;Alibori;;12.159529;3.101959;https://www.openstreetmap.org/way/718829517;cartographie collaborative (OSM);aucun indice fiable
a_preciser;indetermine;(sans nom);;non_indique;Karimama;Alibori;;12.096936;3.168491;https://www.openstreetmap.org/way/718864957;cartographie collaborative (OSM);aucun indice fiable
a_preciser;indetermine;(sans nom);;non_indique;Karimama;Alibori;;12.081769;3.173512;https://www.openstreetmap.org/way/718880676;cartographie collaborative (OSM);aucun indice fiable
secondaire_general;college;Collège;;non_indique;Karimama;Alibori;;12.075701;3.178787;https://www.openstreetmap.org/way/718881696;cartographie collaborative (OSM);nom : collège
a_preciser;indetermine;(sans nom);;non_indique;Karimama;Alibori;;11.972839;3.136235;https://www.openstreetmap.org/way/719288102;cartographie collaborative (OSM);aucun indice fiable
a_preciser;indetermine;(sans nom);;non_indique;Karimama;Alibori;;12.007788;3.210170;https://www.openstreetmap.org/way/719318049;cartographie collaborative (OSM);aucun indice fiable
a_preciser;indetermine;(sans nom);;non_indique;Karimama;Alibori;;11.971116;3.260812;https://www.openstreetmap.org/way/719401141;cartographie collaborative (OSM);aucun indice fiable
a_preciser;indetermine;(sans nom);;non_indique;Karimama;Alibori;;11.963193;3.252318;https://www.openstreetmap.org/way/719407890;cartographie collaborative (OSM);aucun indice fiable
a_preciser;indetermine;(sans nom);;non_indique;Karimama;Alibori;;11.938040;3.270959;https://www.openstreetmap.org/way/719415390;cartographie collaborative (OSM);aucun indice fiable
a_preciser;indetermine;École primaire de Gorou-Djindé;;non_indique;Karimama;Alibori;;11.923199;3.293474;https://www.openstreetmap.org/way/719417575;cartographie collaborative (OSM);aucun indice fiable
a_preciser;indetermine;(sans nom);;non_indique;Malanville;Alibori;;11.841957;3.313604;https://www.openstreetmap.org/way/719431587;cartographie collaborative (OSM);aucun indice fiable
a_preciser;indetermine;(sans nom);;non_indique;Malanville;Alibori;;11.815662;3.300517;https://www.openstreetmap.org/way/719432378;cartographie collaborative (OSM);aucun indice fiable
a_preciser;indetermine;(sans nom);;non_indique;Malanville;Alibori;;11.754295;3.519655;https://www.openstreetmap.org/way/719455740;cartographie collaborative (OSM);aucun indice fiable
a_preciser;indetermine;(sans nom);;non_indique;Malanville;Alibori;;11.672781;3.574058;https://www.openstreetmap.org/way/719591888;cartographie collaborative (OSM);aucun indice fiable
a_preciser;indetermine;(sans nom);;non_indique;Malanville;Alibori;;11.704748;3.546363;https://www.openstreetmap.org/way/719600105;cartographie collaborative (OSM);aucun indice fiable
secondaire_general;college;Collège de Madécali;;non_indique;Malanville;Alibori;;11.703511;3.546470;https://www.openstreetmap.org/way/719605896;cartographie collaborative (OSM);nom : collège
a_preciser;indetermine;(sans nom);;non_indique;Malanville;Alibori;;11.666901;3.470081;https://www.openstreetmap.org/way/719663785;cartographie collaborative (OSM);aucun indice fiable
a_preciser;indetermine;École primaire de Goré Sendé;;non_indique;Malanville;Alibori;;11.625125;3.498639;https://www.openstreetmap.org/way/719666815;cartographie collaborative (OSM);aucun indice fiable
a_preciser;indetermine;(sans nom);;non_indique;Malanville;Alibori;;11.577183;3.478892;https://www.openstreetmap.org/way/719919130;cartographie collaborative (OSM);aucun indice fiable
a_preciser;indetermine;(sans nom);;non_indique;Kandi;Alibori;;11.446603;3.074562;https://www.openstreetmap.org/way/719942144;cartographie collaborative (OSM);aucun indice fiable
a_preciser;indetermine;(sans nom);;non_indique;Kandi;Alibori;;11.354071;3.061216;https://www.openstreetmap.org/way/719952813;cartographie collaborative (OSM);aucun indice fiable
a_preciser;indetermine;(sans nom);;non_indique;Kandi;Alibori;;11.324031;3.042005;https://www.openstreetmap.org/way/719966243;cartographie collaborative (OSM);aucun indice fiable
a_preciser;indetermine;(sans nom);;non_indique;Kandi;Alibori;;11.316548;3.035649;https://www.openstreetmap.org/way/719969654;cartographie collaborative (OSM);aucun indice fiable
secondaire_general;college;Collège;;non_indique;Kandi;Alibori;;11.310985;3.034427;https://www.openstreetmap.org/way/719977903;cartographie collaborative (OSM);nom : collège
a_preciser;indetermine;(sans nom);;non_indique;Kandi;Alibori;;11.289541;3.023759;https://www.openstreetmap.org/way/719983815;cartographie collaborative (OSM);aucun indice fiable
a_preciser;indetermine;(sans nom);;non_indique;Kandi;Alibori;;11.155608;2.946546;https://www.openstreetmap.org/way/720118896;cartographie collaborative (OSM);aucun indice fiable
maternel;ecole_maternelle;École maternelle de Kandi;;non_indique;Kandi;Alibori;;11.132757;2.933869;https://www.openstreetmap.org/way/720134904;cartographie collaborative (OSM);nom : maternelle
a_preciser;indetermine;École primaire de Dodopanè;;non_indique;Kandi;Alibori;;11.170912;2.915671;https://www.openstreetmap.org/way/720160023;cartographie collaborative (OSM);aucun indice fiable
a_preciser;indetermine;École primaire de Kongou;;non_indique;Kandi;Alibori;;11.198207;2.907533;https://www.openstreetmap.org/way/720161760;cartographie collaborative (OSM);aucun indice fiable
a_preciser;indetermine;École primaire de Kandi-Fô-Gah;;non_indique;Kandi;Alibori;;11.103752;2.952198;https://www.openstreetmap.org/way/720170193;cartographie collaborative (OSM);aucun indice fiable
a_preciser;indetermine;(sans nom);;non_indique;Kandi;Alibori;;11.121818;2.936673;https://www.openstreetmap.org/way/720217003;cartographie collaborative (OSM);aucun indice fiable
a_preciser;indetermine;École primaire de Mongo;;non_indique;Kandi;Alibori;;11.152441;2.873666;https://www.openstreetmap.org/way/720435030;cartographie collaborative (OSM);aucun indice fiable
a_preciser;indetermine;Éclole primaire de Sinkparou;;non_indique;Kandi;Alibori;;11.165045;2.883438;https://www.openstreetmap.org/way/720439317;cartographie collaborative (OSM);aucun indice fiable
a_preciser;indetermine;Éclole primaire des Sanrou;;non_indique;Kandi;Alibori;;11.181950;2.871100;https://www.openstreetmap.org/way/720457557;cartographie collaborative (OSM);aucun indice fiable
a_preciser;indetermine;École primaire de Faranguédou;;non_indique;Kandi;Alibori;;11.193441;2.878988;https://www.openstreetmap.org/way/720463678;cartographie collaborative (OSM);aucun indice fiable
a_preciser;indetermine;École primaire de Abou Koto;;non_indique;Kandi;Alibori;;11.174471;2.933297;https://www.openstreetmap.org/way/720473595;cartographie collaborative (OSM);aucun indice fiable
a_preciser;indetermine;(sans nom);;non_indique;Kandi;Alibori;;11.139635;2.936818;https://www.openstreetmap.org/way/720486318;cartographie collaborative (OSM);aucun indice fiable
a_preciser;indetermine;(sans nom);;non_indique;Kandi;Alibori;;11.088792;2.844424;https://www.openstreetmap.org/way/720521355;cartographie collaborative (OSM);aucun indice fiable
a_preciser;indetermine;(sans nom);;non_indique;Kandi;Alibori;;11.350196;3.032599;https://www.openstreetmap.org/way/720563789;cartographie collaborative (OSM);aucun indice fiable
superieur;universite;Centre de recherche agricole;;non_indique;Kandi;Alibori;;11.334537;3.008131;https://www.openstreetmap.org/way/720565407;cartographie collaborative (OSM);attribut amenity=university
a_preciser;indetermine;École primaire de Bakata;;non_indique;Kandi;Alibori;;11.151682;2.923157;https://www.openstreetmap.org/way/720870984;cartographie collaborative (OSM);aucun indice fiable
a_preciser;indetermine;École primaire de Fiafounfoun;;non_indique;Malanville;Alibori;;11.509935;3.108848;https://www.openstreetmap.org/way/721091236;cartographie collaborative (OSM);aucun indice fiable
a_preciser;indetermine;École primaire de Fouet;;non_indique;Kandi;Alibori;;11.301014;3.170360;https://www.openstreetmap.org/way/721114112;cartographie collaborative (OSM);aucun indice fiable
a_preciser;indetermine;École primaire de Lolo;;non_indique;Kandi;Alibori;;11.264402;3.070006;https://www.openstreetmap.org/way/721179772;cartographie collaborative (OSM);aucun indice fiable
a_preciser;indetermine;École primaire de Banikani;;non_indique;Kandi;Alibori;;11.219627;3.063315;https://www.openstreetmap.org/way/721198239;cartographie collaborative (OSM);aucun indice fiable
a_preciser;indetermine;École primaire de Saah;;non_indique;Kandi;Alibori;;11.173825;3.064887;https://www.openstreetmap.org/way/721225494;cartographie collaborative (OSM);aucun indice fiable
a_preciser;indetermine;École primaire de Gogbèdè;;non_indique;Kandi;Alibori;;11.026132;3.104343;https://www.openstreetmap.org/way/721540026;cartographie collaborative (OSM);aucun indice fiable
a_preciser;indetermine;(sans nom);;non_indique;Kandi;Alibori;;10.991514;3.146617;https://www.openstreetmap.org/way/721551953;cartographie collaborative (OSM);aucun indice fiable
a_preciser;indetermine;École primaire de Souamikourouna;;non_indique;Gogounou;Alibori;;10.908933;3.110020;https://www.openstreetmap.org/way/721563372;cartographie collaborative (OSM);aucun indice fiable
a_preciser;indetermine;École primaire de Guèdarou;;non_indique;Gogounou;Alibori;;10.919747;3.030829;https://www.openstreetmap.org/way/721574501;cartographie collaborative (OSM);aucun indice fiable
a_preciser;indetermine;École primaire de Tchakama;;non_indique;Ségbana;Alibori;;10.929720;3.293635;https://www.openstreetmap.org/way/721661850;cartographie collaborative (OSM);aucun indice fiable
a_preciser;indetermine;École primaire de Gbarana;;non_indique;Ségbana;Alibori;;10.832443;3.311072;https://www.openstreetmap.org/way/721668529;cartographie collaborative (OSM);aucun indice fiable
a_preciser;indetermine;Parc scolaire de Sokotindji;;non_indique;Ségbana;Alibori;;10.849107;3.427673;https://www.openstreetmap.org/way/721685695;cartographie collaborative (OSM);aucun indice fiable
secondaire_general;college;Collège de Sokotindji;;non_indique;Ségbana;Alibori;;10.852018;3.433222;https://www.openstreetmap.org/way/721692021;cartographie collaborative (OSM);nom : collège
a_preciser;indetermine;École primaire de Poéla;;non_indique;Ségbana;Alibori;;10.816054;3.431979;https://www.openstreetmap.org/way/721715344;cartographie collaborative (OSM);aucun indice fiable
a_preciser;indetermine;(sans nom);;non_indique;Ségbana;Alibori;;10.639208;3.317972;https://www.openstreetmap.org/way/721719375;cartographie collaborative (OSM);aucun indice fiable
a_preciser;indetermine;École primaire de Sèrèbani;;non_indique;Ségbana;Alibori;;10.794744;3.466388;https://www.openstreetmap.org/way/721721084;cartographie collaborative (OSM);aucun indice fiable
a_preciser;indetermine;(sans nom);;non_indique;Ségbana;Alibori;;10.786673;3.584121;https://www.openstreetmap.org/way/721725797;cartographie collaborative (OSM);aucun indice fiable
a_preciser;indetermine;(sans nom);;non_indique;Ségbana;Alibori;;10.792723;3.536873;https://www.openstreetmap.org/way/721725802;cartographie collaborative (OSM);aucun indice fiable
a_preciser;indetermine;École primaire de Sèrèkibè;;non_indique;Ségbana;Alibori;;10.830899;3.472571;https://www.openstreetmap.org/way/721934659;cartographie collaborative (OSM);aucun indice fiable
a_preciser;indetermine;École primaire de Diapéou;;non_indique;Ségbana;Alibori;;10.827772;3.542383;https://www.openstreetmap.org/way/722131216;cartographie collaborative (OSM);aucun indice fiable
secondaire_general;college;Collège de Piami;;non_indique;Ségbana;Alibori;;10.958992;3.650292;https://www.openstreetmap.org/way/722189376;cartographie collaborative (OSM);nom : collège
a_preciser;indetermine;(sans nom);;non_indique;Ségbana;Alibori;;10.926659;3.696610;https://www.openstreetmap.org/way/722318146;cartographie collaborative (OSM);aucun indice fiable
a_preciser;indetermine;École primaire d'Iko;;non_indique;Ségbana;Alibori;;11.038032;3.641563;https://www.openstreetmap.org/way/722729861;cartographie collaborative (OSM);aucun indice fiable
a_preciser;indetermine;École primaire de Fondo;;non_indique;Ségbana;Alibori;;11.030921;3.616680;https://www.openstreetmap.org/way/722731308;cartographie collaborative (OSM);aucun indice fiable
a_preciser;indetermine;École primaire de Lètè;;non_indique;Ségbana;Alibori;;11.027850;3.547307;https://www.openstreetmap.org/way/722854817;cartographie collaborative (OSM);aucun indice fiable
a_preciser;indetermine;(sans nom);;non_indique;Ségbana;Alibori;;11.013154;3.541597;https://www.openstreetmap.org/way/722856244;cartographie collaborative (OSM);aucun indice fiable
a_preciser;indetermine;Parc scolaire de Loumbou;;non_indique;Ségbana;Alibori;;11.119139;3.376538;https://www.openstreetmap.org/way/722913138;cartographie collaborative (OSM);aucun indice fiable
a_preciser;indetermine;École primaire de Bakou Bè;;non_indique;Ségbana;Alibori;;11.161532;3.413272;https://www.openstreetmap.org/way/722921762;cartographie collaborative (OSM);aucun indice fiable
a_preciser;indetermine;École primaire de Kamanan;;non_indique;Ségbana;Alibori;;11.263655;3.495948;https://www.openstreetmap.org/way/722928628;cartographie collaborative (OSM);aucun indice fiable
a_preciser;indetermine;(sans nom);;non_indique;Ségbana;Alibori;;10.783535;3.582053;https://www.openstreetmap.org/way/722948554;cartographie collaborative (OSM);aucun indice fiable
secondaire_general;college;Collège de Libantè;;non_indique;Ségbana;Alibori;;10.776073;3.591010;https://www.openstreetmap.org/way/722948564;cartographie collaborative (OSM);nom : collège
a_preciser;indetermine;(sans nom);;non_indique;Kalale;Borgou;;10.590859;3.807553;https://www.openstreetmap.org/way/723053756;cartographie collaborative (OSM);aucun indice fiable
a_preciser;indetermine;(sans nom);;non_indique;Ségbana;Alibori;;10.682303;3.798040;https://www.openstreetmap.org/way/723073208;cartographie collaborative (OSM);aucun indice fiable
a_preciser;indetermine;(sans nom);;non_indique;Kalale;Borgou;;10.540135;3.732724;https://www.openstreetmap.org/way/723168923;cartographie collaborative (OSM);aucun indice fiable
a_preciser;indetermine;(sans nom);;non_indique;Kalale;Borgou;;10.466295;3.530391;https://www.openstreetmap.org/way/723219353;cartographie collaborative (OSM);aucun indice fiable
a_preciser;indetermine;École primaire de Sébana;;non_indique;Kalale;Borgou;;10.529377;3.553876;https://www.openstreetmap.org/way/723223128;cartographie collaborative (OSM);aucun indice fiable
a_preciser;indetermine;(sans nom);;non_indique;Kalale;Borgou;;10.620850;3.582295;https://www.openstreetmap.org/way/723258568;cartographie collaborative (OSM);aucun indice fiable
a_preciser;indetermine;École primaire de Saonzi;;non_indique;Ségbana;Alibori;;10.718084;3.587897;https://www.openstreetmap.org/way/723307593;cartographie collaborative (OSM);aucun indice fiable
a_preciser;indetermine;(sans nom);;non_indique;Ségbana;Alibori;;10.796635;3.585138;https://www.openstreetmap.org/way/723335379;cartographie collaborative (OSM);aucun indice fiable
a_preciser;indetermine;(sans nom);;non_indique;Ségbana;Alibori;;10.861777;3.733791;https://www.openstreetmap.org/way/723345025;cartographie collaborative (OSM);aucun indice fiable
a_preciser;indetermine;École primaire de Korowi;;non_indique;Ségbana;Alibori;;10.876859;3.675376;https://www.openstreetmap.org/way/723364810;cartographie collaborative (OSM);aucun indice fiable
a_preciser;indetermine;(sans nom);;non_indique;Ségbana;Alibori;;10.920934;3.690878;https://www.openstreetmap.org/way/723507711;cartographie collaborative (OSM);aucun indice fiable
a_preciser;indetermine;(sans nom);;non_indique;Ségbana;Alibori;;10.913165;3.699630;https://www.openstreetmap.org/way/723684065;cartographie collaborative (OSM);aucun indice fiable
a_preciser;indetermine;(sans nom);;non_indique;Ségbana;Alibori;;10.961922;3.748858;https://www.openstreetmap.org/way/723690782;cartographie collaborative (OSM);aucun indice fiable
a_preciser;indetermine;École primaire de Gawézi;;non_indique;Kalale;Borgou;;10.398621;3.575417;https://www.openstreetmap.org/way/724223905;cartographie collaborative (OSM);aucun indice fiable
a_preciser;indetermine;École primaire de Béssassi-Gando;;non_indique;Kalale;Borgou;;10.388635;3.482843;https://www.openstreetmap.org/way/724262062;cartographie collaborative (OSM);aucun indice fiable
superieur_ou_formation;enseignement_superieur_ou_formation;(sans nom);;non_indique;Kalale;Borgou;;10.383762;3.461514;https://www.openstreetmap.org/way/724268995;cartographie collaborative (OSM);attribut amenity=college
a_preciser;indetermine;(sans nom);;non_indique;Kalale;Borgou;;10.385081;3.470828;https://www.openstreetmap.org/way/724269003;cartographie collaborative (OSM);aucun indice fiable
a_preciser;indetermine;École primaire de Danganzi;;non_indique;Kalale;Borgou;;10.319998;3.456645;https://www.openstreetmap.org/way/724291325;cartographie collaborative (OSM);aucun indice fiable
a_preciser;indetermine;École primaire de Lou;;non_indique;Kalale;Borgou;;10.327653;3.458031;https://www.openstreetmap.org/way/724291349;cartographie collaborative (OSM);aucun indice fiable
a_preciser;indetermine;(sans nom);;non_indique;Kalale;Borgou;;10.319111;3.407252;https://www.openstreetmap.org/way/724291360;cartographie collaborative (OSM);aucun indice fiable
a_preciser;indetermine;(sans nom);;non_indique;Kalale;Borgou;;10.293709;3.385703;https://www.openstreetmap.org/way/724335399;cartographie collaborative (OSM);aucun indice fiable
a_preciser;indetermine;(sans nom);;non_indique;Kalale;Borgou;;10.290424;3.379744;https://www.openstreetmap.org/way/724335409;cartographie collaborative (OSM);aucun indice fiable
a_preciser;indetermine;(sans nom);;non_indique;Kalale;Borgou;;10.267627;3.317113;https://www.openstreetmap.org/way/724347035;cartographie collaborative (OSM);aucun indice fiable
a_preciser;indetermine;École primaire de Tchamon;;non_indique;Kalale;Borgou;;10.226483;3.361319;https://www.openstreetmap.org/way/724375352;cartographie collaborative (OSM);aucun indice fiable
secondaire_general;college;Collège de Dérassi;;non_indique;Kalale;Borgou;;10.153636;3.262792;https://www.openstreetmap.org/way/724416794;cartographie collaborative (OSM);nom : collège
a_preciser;indetermine;(sans nom);;non_indique;Kalale;Borgou;;10.158214;3.262084;https://www.openstreetmap.org/way/724416795;cartographie collaborative (OSM);aucun indice fiable
a_preciser;indetermine;(sans nom);;non_indique;Kalale;Borgou;;10.128466;3.258812;https://www.openstreetmap.org/way/724419771;cartographie collaborative (OSM);aucun indice fiable
a_preciser;indetermine;(sans nom);;non_indique;Kalale;Borgou;;10.268411;3.253204;https://www.openstreetmap.org/way/724491586;cartographie collaborative (OSM);aucun indice fiable
a_preciser;indetermine;(sans nom);;non_indique;Kalale;Borgou;;10.279539;3.238554;https://www.openstreetmap.org/way/724498548;cartographie collaborative (OSM);aucun indice fiable
a_preciser;indetermine;École primaire publique de Bagaria;;public;Kalale;Borgou;;10.310157;3.255696;https://www.openstreetmap.org/way/724529673;cartographie collaborative (OSM);aucun indice fiable
a_preciser;indetermine;(sans nom);;non_indique;Nikki;Borgou;;10.034493;3.214649;https://www.openstreetmap.org/way/724556145;cartographie collaborative (OSM);aucun indice fiable
a_preciser;indetermine;(sans nom);;non_indique;Nikki;Borgou;;9.935328;3.197530;https://www.openstreetmap.org/way/724610310;cartographie collaborative (OSM);aucun indice fiable
technique_et_formation;centre_formation;Centre des métiers;;non_indique;Nikki;Borgou;;9.925835;3.190799;https://www.openstreetmap.org/way/724610398;cartographie collaborative (OSM);nom : centre de formation
primaire;ecole_primaire;École EPP Gbaoussi;;public;Nikki;Borgou;;9.905143;3.179704;https://www.openstreetmap.org/way/724626010;cartographie collaborative (OSM);nom : école primaire
superieur_ou_formation;enseignement_superieur_ou_formation;(sans nom);;non_indique;Nikki;Borgou;;9.851078;3.085251;https://www.openstreetmap.org/way/724676177;cartographie collaborative (OSM);attribut amenity=college
a_preciser;indetermine;(sans nom);;non_indique;Nikki;Borgou;;9.857918;3.095528;https://www.openstreetmap.org/way/724676178;cartographie collaborative (OSM);aucun indice fiable
a_preciser;indetermine;(sans nom);;non_indique;Nikki;Borgou;;9.876267;3.120812;https://www.openstreetmap.org/way/724676197;cartographie collaborative (OSM);aucun indice fiable
a_preciser;indetermine;(sans nom);;non_indique;Nikki;Borgou;;9.875482;3.121185;https://www.openstreetmap.org/way/724676198;cartographie collaborative (OSM);aucun indice fiable
a_preciser;indetermine;(sans nom);;non_indique;Nikki;Borgou;;9.898909;3.152518;https://www.openstreetmap.org/way/724676213;cartographie collaborative (OSM);aucun indice fiable
a_preciser;indetermine;(sans nom);;non_indique;Nikki;Borgou;;9.919611;3.181271;https://www.openstreetmap.org/way/724676214;cartographie collaborative (OSM);aucun indice fiable
secondaire_general;college;Collège de Sérékalé;;non_indique;Nikki;Borgou;;9.919843;3.050836;https://www.openstreetmap.org/way/724676922;cartographie collaborative (OSM);nom : collège
a_preciser;indetermine;(sans nom);;non_indique;Nikki;Borgou;;9.926224;3.083269;https://www.openstreetmap.org/way/724676924;cartographie collaborative (OSM);aucun indice fiable
a_preciser;indetermine;(sans nom);;non_indique;Nikki;Borgou;;9.916622;3.040324;https://www.openstreetmap.org/way/724688233;cartographie collaborative (OSM);aucun indice fiable
a_preciser;indetermine;École primaire d'Ouenra;;non_indique;Nikki;Borgou;;9.906149;2.996858;https://www.openstreetmap.org/way/724709941;cartographie collaborative (OSM);aucun indice fiable
a_preciser;indetermine;(sans nom);;non_indique;Nikki;Borgou;;9.906545;2.973408;https://www.openstreetmap.org/way/724715239;cartographie collaborative (OSM);aucun indice fiable
a_preciser;indetermine;(sans nom);;non_indique;Nikki;Borgou;;9.898692;2.856687;https://www.openstreetmap.org/way/724782077;cartographie collaborative (OSM);aucun indice fiable
a_preciser;indetermine;(sans nom);;non_indique;Nikki;Borgou;;9.904208;2.898425;https://www.openstreetmap.org/way/724782081;cartographie collaborative (OSM);aucun indice fiable
a_preciser;indetermine;École primaire publique d'Ourarou;;public;Nikki;Borgou;;9.888797;2.813364;https://www.openstreetmap.org/way/724783843;cartographie collaborative (OSM);aucun indice fiable
a_preciser;indetermine;(sans nom);;non_indique;N'Dali;Borgou;;9.789503;2.638087;https://www.openstreetmap.org/way/724868146;cartographie collaborative (OSM);aucun indice fiable
superieur_ou_formation;enseignement_superieur_ou_formation;(sans nom);;non_indique;N'Dali;Borgou;;9.790778;2.637537;https://www.openstreetmap.org/way/724868147;cartographie collaborative (OSM);attribut amenity=college
a_preciser;indetermine;(sans nom);;non_indique;N'Dali;Borgou;;9.833859;2.678485;https://www.openstreetmap.org/way/724868178;cartographie collaborative (OSM);aucun indice fiable
a_preciser;indetermine;(sans nom);;non_indique;N'Dali;Borgou;;9.782199;2.639445;https://www.openstreetmap.org/way/724872853;cartographie collaborative (OSM);aucun indice fiable
a_preciser;indetermine;(sans nom);;non_indique;N'Dali;Borgou;;9.745333;2.444684;https://www.openstreetmap.org/way/724875072;cartographie collaborative (OSM);aucun indice fiable
a_preciser;indetermine;(sans nom);;non_indique;N'Dali;Borgou;;9.750209;2.437628;https://www.openstreetmap.org/way/724880221;cartographie collaborative (OSM);aucun indice fiable
secondaire_general;college;Collège de Bori;;non_indique;N'Dali;Borgou;;9.751173;2.429762;https://www.openstreetmap.org/way/724882529;cartographie collaborative (OSM);nom : collège
a_preciser;indetermine;École primaire de Wèrèkè;;non_indique;N'Dali;Borgou;;9.739613;2.525219;https://www.openstreetmap.org/way/724888420;cartographie collaborative (OSM);aucun indice fiable
a_preciser;indetermine;École primaire de Bouérou;;non_indique;N'Dali;Borgou;;9.754924;2.549568;https://www.openstreetmap.org/way/724890023;cartographie collaborative (OSM);aucun indice fiable
a_preciser;indetermine;École primaire de Wari-Goura;;non_indique;N'Dali;Borgou;;9.713649;2.742478;https://www.openstreetmap.org/way/725041266;cartographie collaborative (OSM);aucun indice fiable
a_preciser;indetermine;École primaire publique de Warikpa;;public;N'Dali;Borgou;;9.725286;2.693641;https://www.openstreetmap.org/way/725041275;cartographie collaborative (OSM);aucun indice fiable
superieur_ou_formation;enseignement_superieur_ou_formation;(sans nom);;non_indique;Pèrèrè;Borgou;;9.725160;2.858465;https://www.openstreetmap.org/way/725101261;cartographie collaborative (OSM);attribut amenity=college
a_preciser;indetermine;(sans nom);;non_indique;Pèrèrè;Borgou;;9.720198;2.853519;https://www.openstreetmap.org/way/725101272;cartographie collaborative (OSM);aucun indice fiable
a_preciser;indetermine;(sans nom);;non_indique;Pèrèrè;Borgou;;9.714863;2.852138;https://www.openstreetmap.org/way/725142545;cartographie collaborative (OSM);aucun indice fiable
a_preciser;indetermine;(sans nom);;non_indique;Pèrèrè;Borgou;;9.764889;2.994718;https://www.openstreetmap.org/way/725145835;cartographie collaborative (OSM);aucun indice fiable
a_preciser;indetermine;École primaire de Sondi;;non_indique;Pèrèrè;Borgou;;9.663431;2.860855;https://www.openstreetmap.org/way/725258824;cartographie collaborative (OSM);aucun indice fiable
a_preciser;indetermine;École primaire de Tchori;;non_indique;Pèrèrè;Borgou;;9.672523;2.906723;https://www.openstreetmap.org/way/725276232;cartographie collaborative (OSM);aucun indice fiable
a_preciser;indetermine;(sans nom);;non_indique;Pèrèrè;Borgou;;9.698088;2.938015;https://www.openstreetmap.org/way/725285953;cartographie collaborative (OSM);aucun indice fiable
a_preciser;indetermine;(sans nom);;non_indique;Pèrèrè;Borgou;;9.698266;3.001297;https://www.openstreetmap.org/way/725294753;cartographie collaborative (OSM);aucun indice fiable
a_preciser;indetermine;(sans nom);;non_indique;Pèrèrè;Borgou;;9.706468;3.001077;https://www.openstreetmap.org/way/725296477;cartographie collaborative (OSM);aucun indice fiable
a_preciser;indetermine;(sans nom);;non_indique;Pèrèrè;Borgou;;9.607478;3.058630;https://www.openstreetmap.org/way/725302338;cartographie collaborative (OSM);aucun indice fiable
secondaire_general;college;Collège de Guingourou;;non_indique;Pèrèrè;Borgou;;9.560478;2.937539;https://www.openstreetmap.org/way/725759651;cartographie collaborative (OSM);nom : collège
a_preciser;indetermine;(sans nom);;non_indique;Pèrèrè;Borgou;;9.561386;2.949377;https://www.openstreetmap.org/way/725759699;cartographie collaborative (OSM);aucun indice fiable
a_preciser;indetermine;École primaire de Wondou;;non_indique;Pèrèrè;Borgou;;9.537184;2.988395;https://www.openstreetmap.org/way/725765572;cartographie collaborative (OSM);aucun indice fiable
a_preciser;indetermine;École primaire publique de Koukoumbou;;public;Pèrèrè;Borgou;;9.497372;3.046171;https://www.openstreetmap.org/way/725782661;cartographie collaborative (OSM);aucun indice fiable
a_preciser;indetermine;École primaire publique de Sassakou;;public;Pèrèrè;Borgou;;9.526308;3.033159;https://www.openstreetmap.org/way/725782664;cartographie collaborative (OSM);aucun indice fiable
a_preciser;indetermine;École primaire publique de Boro;;public;Pèrèrè;Borgou;;9.506516;3.064629;https://www.openstreetmap.org/way/725787763;cartographie collaborative (OSM);aucun indice fiable
a_preciser;indetermine;École primaire de Séni;;non_indique;Pèrèrè;Borgou;;9.533485;3.089315;https://www.openstreetmap.org/way/725798954;cartographie collaborative (OSM);aucun indice fiable
a_preciser;indetermine;(sans nom);;non_indique;Pèrèrè;Borgou;;9.604228;3.140024;https://www.openstreetmap.org/way/725813315;cartographie collaborative (OSM);aucun indice fiable
a_preciser;indetermine;(sans nom);;non_indique;Pèrèrè;Borgou;;9.518705;3.153536;https://www.openstreetmap.org/way/725822916;cartographie collaborative (OSM);aucun indice fiable
a_preciser;indetermine;(sans nom);;non_indique;Pèrèrè;Borgou;;9.539331;2.885722;https://www.openstreetmap.org/way/725883609;cartographie collaborative (OSM);aucun indice fiable
a_preciser;indetermine;(sans nom);;non_indique;Pèrèrè;Borgou;;9.541336;2.892894;https://www.openstreetmap.org/way/725883612;cartographie collaborative (OSM);aucun indice fiable
a_preciser;indetermine;(sans nom);;non_indique;Pèrèrè;Borgou;;9.515801;2.834883;https://www.openstreetmap.org/way/725887940;cartographie collaborative (OSM);aucun indice fiable
a_preciser;indetermine;(sans nom);;non_indique;Pèrèrè;Borgou;;9.513488;2.829022;https://www.openstreetmap.org/way/725889720;cartographie collaborative (OSM);aucun indice fiable
superieur_ou_formation;enseignement_superieur_ou_formation;(sans nom);;non_indique;Pèrèrè;Borgou;;9.513406;2.824633;https://www.openstreetmap.org/way/725889721;cartographie collaborative (OSM);attribut amenity=college
a_preciser;indetermine;École primaire publique de Binassi;;public;N'Dali;Borgou;;9.480755;2.774661;https://www.openstreetmap.org/way/725900385;cartographie collaborative (OSM);aucun indice fiable
a_preciser;indetermine;École primaire publique de Gbégourou;;public;N'Dali;Borgou;;9.446794;2.742144;https://www.openstreetmap.org/way/725910664;cartographie collaborative (OSM);aucun indice fiable
secondaire_general;ceg;Collège d'enseignement général public de Gbégourou;;public;N'Dali;Borgou;;9.438590;2.736140;https://www.openstreetmap.org/way/725913196;cartographie collaborative (OSM);nom : CEG
a_preciser;indetermine;École primaire publique de Darnon;;public;N'Dali;Borgou;;9.425809;2.715103;https://www.openstreetmap.org/way/725918948;cartographie collaborative (OSM);aucun indice fiable
a_preciser;indetermine;(sans nom);;non_indique;N'Dali;Borgou;;9.408360;2.683900;https://www.openstreetmap.org/way/725937537;cartographie collaborative (OSM);aucun indice fiable
a_preciser;indetermine;(sans nom);;non_indique;N'Dali;Borgou;;9.392243;2.674531;https://www.openstreetmap.org/way/725943985;cartographie collaborative (OSM);aucun indice fiable
a_preciser;indetermine;(sans nom);;non_indique;N'Dali;Borgou;;9.387442;2.674242;https://www.openstreetmap.org/way/725947302;cartographie collaborative (OSM);aucun indice fiable
a_preciser;indetermine;(sans nom);;non_indique;Parakou;Borgou;;9.331639;2.659201;https://www.openstreetmap.org/way/726062526;cartographie collaborative (OSM);aucun indice fiable
a_preciser;indetermine;(sans nom);;non_indique;Parakou;Borgou;;9.347911;2.647010;https://www.openstreetmap.org/way/726062534;cartographie collaborative (OSM);aucun indice fiable
a_preciser;indetermine;École primaire publique de Kokoma Ganda;;public;Parakou;Borgou;;9.312491;2.695703;https://www.openstreetmap.org/way/726137772;cartographie collaborative (OSM);aucun indice fiable
a_preciser;indetermine;École primaire publique de Kpassa;;public;Parakou;Borgou;;9.285649;2.728059;https://www.openstreetmap.org/way/726146751;cartographie collaborative (OSM);aucun indice fiable
technique_et_formation;lycee_technique;Lycée technique agricole;;non_indique;Tchaourou;Borgou;;9.285644;2.753703;https://www.openstreetmap.org/way/726148425;cartographie collaborative (OSM);nom : lycée technique/agricole
a_preciser;indetermine;École primaire publique de Kika-Barrage (Kika II);;public;Tchaourou;Borgou;;9.286995;2.742506;https://www.openstreetmap.org/way/726148427;cartographie collaborative (OSM);aucun indice fiable
primaire;ecole_primaire;EPP Arafat;;public;Parakou;Borgou;;9.336480;2.650480;https://www.openstreetmap.org/way/726180669;cartographie collaborative (OSM);nom : école primaire
a_preciser;indetermine;(sans nom);;non_indique;Parakou;Borgou;;9.310518;2.666513;https://www.openstreetmap.org/way/726203652;cartographie collaborative (OSM);aucun indice fiable
a_preciser;indetermine;(sans nom);;non_indique;Parakou;Borgou;;9.322724;2.654541;https://www.openstreetmap.org/way/726203655;cartographie collaborative (OSM);aucun indice fiable
a_preciser;indetermine;(sans nom);;non_indique;Parakou;Borgou;;9.318257;2.648811;https://www.openstreetmap.org/way/726342596;cartographie collaborative (OSM);aucun indice fiable
a_preciser;indetermine;(sans nom);;non_indique;Parakou;Borgou;;9.328052;2.620470;https://www.openstreetmap.org/way/726621247;cartographie collaborative (OSM);aucun indice fiable
a_preciser;indetermine;(sans nom);;non_indique;Parakou;Borgou;;9.358362;2.647083;https://www.openstreetmap.org/way/726878789;cartographie collaborative (OSM);aucun indice fiable
a_preciser;indetermine;(sans nom);;non_indique;Parakou;Borgou;;9.346880;2.604785;https://www.openstreetmap.org/way/727045552;cartographie collaborative (OSM);aucun indice fiable
primaire;ecole_primaire;EPP Gah-Non;;public;Parakou;Borgou;;9.324227;2.592342;https://www.openstreetmap.org/way/727053160;cartographie collaborative (OSM);nom : école primaire
a_preciser;indetermine;(sans nom);;non_indique;Parakou;Borgou;;9.300702;2.595399;https://www.openstreetmap.org/way/727146125;cartographie collaborative (OSM);aucun indice fiable
a_preciser;indetermine;(sans nom);;non_indique;Parakou;Borgou;;9.269070;2.585070;https://www.openstreetmap.org/way/727154297;cartographie collaborative (OSM);aucun indice fiable
a_preciser;indetermine;(sans nom);;non_indique;Parakou;Borgou;;9.277772;2.582248;https://www.openstreetmap.org/way/727154299;cartographie collaborative (OSM);aucun indice fiable
a_preciser;indetermine;École primaire publique de Badékparou;;public;Tchaourou;Borgou;;9.215393;2.558164;https://www.openstreetmap.org/way/727225712;cartographie collaborative (OSM);aucun indice fiable
a_preciser;indetermine;(sans nom);;non_indique;Tchaourou;Borgou;;9.204898;2.553702;https://www.openstreetmap.org/way/727230614;cartographie collaborative (OSM);aucun indice fiable
a_preciser;indetermine;École primaire publique de Sakparou;;public;Tchaourou;Borgou;;9.143839;2.518683;https://www.openstreetmap.org/way/727248528;cartographie collaborative (OSM);aucun indice fiable
a_preciser;indetermine;École primaire publique Boukousséra;;public;Tchaourou;Borgou;;9.101355;2.529106;https://www.openstreetmap.org/way/727269116;cartographie collaborative (OSM);aucun indice fiable
superieur_ou_formation;enseignement_superieur_ou_formation;(sans nom);;non_indique;Tchaourou;Borgou;;9.084304;2.508981;https://www.openstreetmap.org/way/727272766;cartographie collaborative (OSM);attribut amenity=college
a_preciser;indetermine;École primaire publique de Goussouambou;;public;Tchaourou;Borgou;;9.026661;2.496981;https://www.openstreetmap.org/way/727276222;cartographie collaborative (OSM);aucun indice fiable
a_preciser;indetermine;École primaire publique de Gbéyèkèrou 1;;public;Tchaourou;Borgou;;8.920758;2.564917;https://www.openstreetmap.org/way/727283433;cartographie collaborative (OSM);aucun indice fiable
secondaire_general;ceg;CEG Bassila;;public;Bassila;Donga;;9.003254;1.670350;https://www.openstreetmap.org/way/727303651;cartographie collaborative (OSM);nom : CEG
a_preciser;indetermine;École primaire publique de Guiguisso;;public;Bassila;Donga;;9.051415;1.678376;https://www.openstreetmap.org/way/727384723;cartographie collaborative (OSM);aucun indice fiable
a_preciser;indetermine;(sans nom);;non_indique;Bassila;Donga;;9.017612;1.660663;https://www.openstreetmap.org/way/727384750;cartographie collaborative (OSM);aucun indice fiable
a_preciser;indetermine;(sans nom);;non_indique;Bassila;Donga;;9.012280;1.733682;https://www.openstreetmap.org/way/727409308;cartographie collaborative (OSM);aucun indice fiable
a_preciser;indetermine;(sans nom);;non_indique;Bassila;Donga;;8.967399;1.721106;https://www.openstreetmap.org/way/727422369;cartographie collaborative (OSM);aucun indice fiable
superieur_ou_formation;enseignement_superieur_ou_formation;(sans nom);;non_indique;Bassila;Donga;;8.959763;1.714527;https://www.openstreetmap.org/way/727422372;cartographie collaborative (OSM);attribut amenity=college
a_preciser;indetermine;(sans nom);;non_indique;Bassila;Donga;;8.964352;1.726972;https://www.openstreetmap.org/way/727422374;cartographie collaborative (OSM);aucun indice fiable
a_preciser;indetermine;(sans nom);;non_indique;Bassila;Donga;;8.977013;1.719143;https://www.openstreetmap.org/way/727422381;cartographie collaborative (OSM);aucun indice fiable
a_preciser;indetermine;(sans nom);;non_indique;Bassila;Donga;;8.968768;1.736604;https://www.openstreetmap.org/way/727437683;cartographie collaborative (OSM);aucun indice fiable
superieur_ou_formation;enseignement_superieur_ou_formation;(sans nom);;non_indique;Bassila;Donga;;8.978346;1.734711;https://www.openstreetmap.org/way/727437684;cartographie collaborative (OSM);attribut amenity=college
a_preciser;indetermine;(sans nom);;non_indique;Bassila;Donga;;8.973373;1.736138;https://www.openstreetmap.org/way/727437686;cartographie collaborative (OSM);aucun indice fiable
a_preciser;indetermine;École primaire publique d'Igbèrè;;public;Bassila;Donga;;8.992999;1.962403;https://www.openstreetmap.org/way/727454208;cartographie collaborative (OSM);aucun indice fiable
secondaire_general;ceg;CEG de Ouaké;;public;Ouaké;Donga;;9.668488;1.388809;https://www.openstreetmap.org/way/727499345;cartographie collaborative (OSM);nom : CEG
a_preciser;indetermine;(sans nom);;non_indique;Ouaké;Donga;;9.662177;1.385541;https://www.openstreetmap.org/way/727499346;cartographie collaborative (OSM);aucun indice fiable
a_preciser;indetermine;(sans nom);;non_indique;Ouaké;Donga;;9.670798;1.380352;https://www.openstreetmap.org/way/727502725;cartographie collaborative (OSM);aucun indice fiable
a_preciser;indetermine;(sans nom);;non_indique;Ouaké;Donga;;9.713184;1.371017;https://www.openstreetmap.org/way/727512513;cartographie collaborative (OSM);aucun indice fiable
secondaire_general;college;Collège de Tchalinga;;non_indique;Ouaké;Donga;;9.811184;1.391745;https://www.openstreetmap.org/way/727526838;cartographie collaborative (OSM);nom : collège
a_preciser;indetermine;(sans nom);;non_indique;Ouaké;Donga;;9.805892;1.396921;https://www.openstreetmap.org/way/727526842;cartographie collaborative (OSM);aucun indice fiable
a_preciser;indetermine;(sans nom);;non_indique;Copargo;Donga;;9.800160;1.460211;https://www.openstreetmap.org/way/727533479;cartographie collaborative (OSM);aucun indice fiable
a_preciser;indetermine;(sans nom);;non_indique;Copargo;Donga;;9.786025;1.471750;https://www.openstreetmap.org/way/727533480;cartographie collaborative (OSM);aucun indice fiable
a_preciser;indetermine;(sans nom);;non_indique;Copargo;Donga;;9.824949;1.454103;https://www.openstreetmap.org/way/727533481;cartographie collaborative (OSM);aucun indice fiable
a_preciser;indetermine;(sans nom);;non_indique;Ouaké;Donga;;9.808724;1.405960;https://www.openstreetmap.org/way/727533484;cartographie collaborative (OSM);aucun indice fiable
a_preciser;indetermine;(sans nom);;non_indique;Copargo;Donga;;9.822911;1.537845;https://www.openstreetmap.org/way/727536973;cartographie collaborative (OSM);aucun indice fiable
a_preciser;indetermine;(sans nom);;non_indique;Banikoara;Alibori;;11.295196;2.432544;https://www.openstreetmap.org/way/727675367;cartographie collaborative (OSM);aucun indice fiable
a_preciser;indetermine;(sans nom);;non_indique;Banikoara;Alibori;;11.265386;2.452259;https://www.openstreetmap.org/way/727675414;cartographie collaborative (OSM);aucun indice fiable
a_preciser;indetermine;École primaire publique de Wagou;;public;Banikoara;Alibori;;11.276251;2.403227;https://www.openstreetmap.org/way/727675431;cartographie collaborative (OSM);aucun indice fiable
a_preciser;indetermine;(sans nom);;non_indique;Banikoara;Alibori;;11.301703;2.417419;https://www.openstreetmap.org/way/727692370;cartographie collaborative (OSM);aucun indice fiable
a_preciser;indetermine;(sans nom);;non_indique;Banikoara;Alibori;;11.299246;2.430419;https://www.openstreetmap.org/way/727692374;cartographie collaborative (OSM);aucun indice fiable
a_preciser;indetermine;(sans nom);;non_indique;Banikoara;Alibori;;11.378835;2.392539;https://www.openstreetmap.org/way/727713806;cartographie collaborative (OSM);aucun indice fiable
a_preciser;indetermine;(sans nom);;non_indique;Banikoara;Alibori;;11.403173;2.371763;https://www.openstreetmap.org/way/727715256;cartographie collaborative (OSM);aucun indice fiable
superieur_ou_formation;enseignement_superieur_ou_formation;(sans nom);;non_indique;Banikoara;Alibori;;11.336508;2.380306;https://www.openstreetmap.org/way/727778171;cartographie collaborative (OSM);attribut amenity=college
a_preciser;indetermine;(sans nom);;non_indique;Banikoara;Alibori;;11.335519;2.387712;https://www.openstreetmap.org/way/727778186;cartographie collaborative (OSM);aucun indice fiable
a_preciser;indetermine;(sans nom);;non_indique;Banikoara;Alibori;;11.349219;2.325703;https://www.openstreetmap.org/way/727823145;cartographie collaborative (OSM);aucun indice fiable
a_preciser;indetermine;(sans nom);;non_indique;Banikoara;Alibori;;11.332667;2.345176;https://www.openstreetmap.org/way/727823156;cartographie collaborative (OSM);aucun indice fiable
a_preciser;indetermine;(sans nom);;non_indique;Banikoara;Alibori;;11.336596;2.359928;https://www.openstreetmap.org/way/727823159;cartographie collaborative (OSM);aucun indice fiable
a_preciser;indetermine;(sans nom);;non_indique;Banikoara;Alibori;;11.360616;2.209899;https://www.openstreetmap.org/way/727827483;cartographie collaborative (OSM);aucun indice fiable
a_preciser;indetermine;(sans nom);;non_indique;Banikoara;Alibori;;11.318279;2.491863;https://www.openstreetmap.org/way/727835363;cartographie collaborative (OSM);aucun indice fiable
superieur_ou_formation;enseignement_superieur_ou_formation;(sans nom);;non_indique;Banikoara;Alibori;;11.321852;2.502861;https://www.openstreetmap.org/way/727835364;cartographie collaborative (OSM);attribut amenity=college
a_preciser;indetermine;(sans nom);;non_indique;Banikoara;Alibori;;11.328916;2.478570;https://www.openstreetmap.org/way/727835373;cartographie collaborative (OSM);aucun indice fiable
a_preciser;indetermine;(sans nom);;non_indique;Banikoara;Alibori;;11.327943;2.469274;https://www.openstreetmap.org/way/727835376;cartographie collaborative (OSM);aucun indice fiable
a_preciser;indetermine;(sans nom);;non_indique;Banikoara;Alibori;;11.646380;2.539862;https://www.openstreetmap.org/way/727976879;cartographie collaborative (OSM);aucun indice fiable
a_preciser;indetermine;(sans nom);;non_indique;Karimama;Alibori;;11.658000;2.539347;https://www.openstreetmap.org/way/727981486;cartographie collaborative (OSM);aucun indice fiable
a_preciser;indetermine;(sans nom);;non_indique;Banikoara;Alibori;;11.640925;2.485818;https://www.openstreetmap.org/way/727992048;cartographie collaborative (OSM);aucun indice fiable
a_preciser;indetermine;(sans nom);;non_indique;Banikoara;Alibori;;11.616388;2.441345;https://www.openstreetmap.org/way/728000215;cartographie collaborative (OSM);aucun indice fiable
a_preciser;indetermine;École primaire publique de Sissou;;public;Banikoara;Alibori;;11.607282;2.494969;https://www.openstreetmap.org/way/728000240;cartographie collaborative (OSM);aucun indice fiable
a_preciser;indetermine;École primaire publique de Yingnimpogou;;public;Banikoara;Alibori;;11.536868;2.462195;https://www.openstreetmap.org/way/728025413;cartographie collaborative (OSM);aucun indice fiable
a_preciser;indetermine;École primaire publique de Bambaga;;public;Banikoara;Alibori;;11.569339;2.470728;https://www.openstreetmap.org/way/728025421;cartographie collaborative (OSM);aucun indice fiable
a_preciser;indetermine;École primaire publique de Bagawoni;;public;Banikoara;Alibori;;11.527906;2.491908;https://www.openstreetmap.org/way/728030299;cartographie collaborative (OSM);aucun indice fiable
superieur_ou_formation;enseignement_superieur_ou_formation;(sans nom);;non_indique;Banikoara;Alibori;;11.479174;2.530907;https://www.openstreetmap.org/way/728062690;cartographie collaborative (OSM);attribut amenity=college
a_preciser;indetermine;(sans nom);;non_indique;Banikoara;Alibori;;11.472675;2.532453;https://www.openstreetmap.org/way/728062703;cartographie collaborative (OSM);aucun indice fiable
superieur_ou_formation;enseignement_superieur_ou_formation;(sans nom);;non_indique;Banikoara;Alibori;;11.490215;2.532858;https://www.openstreetmap.org/way/728067283;cartographie collaborative (OSM);attribut amenity=college
a_preciser;indetermine;École primaire publique d'Iboto;;public;Banikoara;Alibori;;11.439652;2.499757;https://www.openstreetmap.org/way/728085336;cartographie collaborative (OSM);aucun indice fiable
a_preciser;indetermine;École primairen publique de Bafounou;;public;Banikoara;Alibori;;11.433267;2.532070;https://www.openstreetmap.org/way/728085341;cartographie collaborative (OSM);aucun indice fiable
a_preciser;indetermine;École primaire publique de Yossinandé;;public;Banikoara;Alibori;;11.415079;2.488682;https://www.openstreetmap.org/way/728102735;cartographie collaborative (OSM);aucun indice fiable
a_preciser;indetermine;(sans nom);;non_indique;Banikoara;Alibori;;11.418622;2.471228;https://www.openstreetmap.org/way/728102742;cartographie collaborative (OSM);aucun indice fiable
a_preciser;indetermine;École primaire publique de Gougnirou;;public;Banikoara;Alibori;;11.450799;2.460455;https://www.openstreetmap.org/way/728102757;cartographie collaborative (OSM);aucun indice fiable
a_preciser;indetermine;(sans nom);;non_indique;Banikoara;Alibori;;11.354986;2.496428;https://www.openstreetmap.org/way/728110276;cartographie collaborative (OSM);aucun indice fiable
a_preciser;indetermine;(sans nom);;non_indique;Banikoara;Alibori;;11.329626;2.520076;https://www.openstreetmap.org/way/728112078;cartographie collaborative (OSM);aucun indice fiable
a_preciser;indetermine;(sans nom);;non_indique;Banikoara;Alibori;;11.311381;2.491654;https://www.openstreetmap.org/way/728149639;cartographie collaborative (OSM);aucun indice fiable
a_preciser;indetermine;(sans nom);;non_indique;Banikoara;Alibori;;11.226888;2.362315;https://www.openstreetmap.org/way/728190509;cartographie collaborative (OSM);aucun indice fiable
a_preciser;indetermine;École primaire publique de Tintinmou;;public;Banikoara;Alibori;;11.239902;2.350184;https://www.openstreetmap.org/way/728280928;cartographie collaborative (OSM);aucun indice fiable
a_preciser;indetermine;École primaire publique de Kogningou;;public;Banikoara;Alibori;;11.246408;2.330668;https://www.openstreetmap.org/way/728283997;cartographie collaborative (OSM);aucun indice fiable
a_preciser;indetermine;(sans nom);;non_indique;Banikoara;Alibori;;11.290257;2.253540;https://www.openstreetmap.org/way/728339381;cartographie collaborative (OSM);aucun indice fiable
a_preciser;indetermine;École primaire publique de Kakourogou;;public;Banikoara;Alibori;;11.261619;2.268454;https://www.openstreetmap.org/way/728339397;cartographie collaborative (OSM);aucun indice fiable
a_preciser;indetermine;École primaire publique de Kokibourou;;public;Banikoara;Alibori;;11.197865;2.317175;https://www.openstreetmap.org/way/728823362;cartographie collaborative (OSM);aucun indice fiable
superieur_ou_formation;enseignement_superieur_ou_formation;(sans nom);;non_indique;Kérou;Atacora;;10.844157;2.129580;https://www.openstreetmap.org/way/728868254;cartographie collaborative (OSM);attribut amenity=college
a_preciser;indetermine;(sans nom);;non_indique;Kérou;Atacora;;10.912515;1.937354;https://www.openstreetmap.org/way/728876348;cartographie collaborative (OSM);aucun indice fiable
superieur_ou_formation;enseignement_superieur_ou_formation;(sans nom);;non_indique;Kérou;Atacora;;10.911514;1.951975;https://www.openstreetmap.org/way/728876351;cartographie collaborative (OSM);attribut amenity=college
a_preciser;indetermine;École primaire publique de Mondara;;public;Kérou;Atacora;;10.835820;2.039115;https://www.openstreetmap.org/way/728991773;cartographie collaborative (OSM);aucun indice fiable
a_preciser;indetermine;(sans nom);;non_indique;Kérou;Atacora;;10.917204;1.947305;https://www.openstreetmap.org/way/729032936;cartographie collaborative (OSM);aucun indice fiable
a_preciser;indetermine;(sans nom);;non_indique;Cotonou;Littoral;;6.381863;2.374303;https://www.openstreetmap.org/way/733908431;cartographie collaborative (OSM);aucun indice fiable
a_preciser;indetermine;(sans nom);;non_indique;Kalale;Borgou;;10.342806;3.191778;https://www.openstreetmap.org/way/734740674;cartographie collaborative (OSM);aucun indice fiable
a_preciser;indetermine;(sans nom);;non_indique;Kalale;Borgou;;10.339877;3.216623;https://www.openstreetmap.org/way/734756894;cartographie collaborative (OSM);aucun indice fiable
a_preciser;indetermine;(sans nom);;non_indique;Kalale;Borgou;;10.359461;3.251460;https://www.openstreetmap.org/way/734842357;cartographie collaborative (OSM);aucun indice fiable
a_preciser;indetermine;École primaire publique de Boa;;public;Kalale;Borgou;;10.368799;3.218129;https://www.openstreetmap.org/way/734858575;cartographie collaborative (OSM);aucun indice fiable
primaire;isced_1;École primaire publique de Kôkôrô;;public;Kalale;Borgou;;10.430100;3.205257;https://www.openstreetmap.org/way/734889051;cartographie collaborative (OSM);attribut isced:level
a_preciser;indetermine;École primaire publique de Batin;;public;Bembèrèkè;Borgou;;10.447341;2.971984;https://www.openstreetmap.org/way/735195413;cartographie collaborative (OSM);aucun indice fiable
a_preciser;indetermine;École primaire publique de Kpessara;;public;Bembèrèkè;Borgou;;10.413679;2.796747;https://www.openstreetmap.org/way/735274313;cartographie collaborative (OSM);aucun indice fiable
a_preciser;indetermine;École primaire publique de Boké;;public;Bembèrèkè;Borgou;;10.449671;2.819825;https://www.openstreetmap.org/way/735274323;cartographie collaborative (OSM);aucun indice fiable
a_preciser;indetermine;(sans nom);;non_indique;Bembèrèkè;Borgou;;10.393901;2.736868;https://www.openstreetmap.org/way/735281550;cartographie collaborative (OSM);aucun indice fiable
a_preciser;indetermine;(sans nom);;non_indique;Bembèrèkè;Borgou;;10.404433;2.732465;https://www.openstreetmap.org/way/735288566;cartographie collaborative (OSM);aucun indice fiable
a_preciser;complexe_scolaire;Groupe Scolaire La Source;;non_indique;Cotonou;Littoral;Groupe Scolaire La Source;6.368073;2.423234;https://www.openstreetmap.org/way/735362308;cartographie collaborative (OSM);nom : complexe / groupe scolaire
a_preciser;indetermine;École primaire publique de Bafa;;public;Bembèrèkè;Borgou;;10.479118;2.823384;https://www.openstreetmap.org/way/735399162;cartographie collaborative (OSM);aucun indice fiable
secondaire_general;college;Collège d'éducation générale publique de Gamia;;public;Bembèrèkè;Borgou;;10.400053;2.722262;https://www.openstreetmap.org/way/735419741;cartographie collaborative (OSM);nom : collège
a_preciser;indetermine;(sans nom);;non_indique;Bembèrèkè;Borgou;;10.392929;2.727187;https://www.openstreetmap.org/way/735447286;cartographie collaborative (OSM);aucun indice fiable
a_preciser;indetermine;(sans nom);;non_indique;Bembèrèkè;Borgou;;10.383578;2.722128;https://www.openstreetmap.org/way/735451582;cartographie collaborative (OSM);aucun indice fiable
a_preciser;indetermine;(sans nom);;non_indique;Bembèrèkè;Borgou;;10.388435;2.733807;https://www.openstreetmap.org/way/735453635;cartographie collaborative (OSM);aucun indice fiable
a_preciser;indetermine;(sans nom);;non_indique;Bembèrèkè;Borgou;;10.369366;2.760619;https://www.openstreetmap.org/way/735475693;cartographie collaborative (OSM);aucun indice fiable
a_preciser;indetermine;École primaire publique de Taïti;;public;Bembèrèkè;Borgou;;10.327964;2.822203;https://www.openstreetmap.org/way/736239880;cartographie collaborative (OSM);aucun indice fiable
a_preciser;indetermine;École primaire publique de Ganro;;public;Bembèrèkè;Borgou;;10.359175;2.818090;https://www.openstreetmap.org/way/736246876;cartographie collaborative (OSM);aucun indice fiable
a_preciser;indetermine;École primaire publique de Boro;;public;Bembèrèkè;Borgou;;10.354029;2.940705;https://www.openstreetmap.org/way/736302732;cartographie collaborative (OSM);aucun indice fiable
a_preciser;indetermine;École primaire publique de Guéra-Nkali;;public;Bembèrèkè;Borgou;;10.270887;2.897710;https://www.openstreetmap.org/way/736452925;cartographie collaborative (OSM);aucun indice fiable
a_preciser;indetermine;(sans nom);;non_indique;Bembèrèkè;Borgou;;10.280624;2.891346;https://www.openstreetmap.org/way/736452943;cartographie collaborative (OSM);aucun indice fiable
a_preciser;indetermine;École primaire publique de Konarou;;public;Bembèrèkè;Borgou;;10.314989;2.848379;https://www.openstreetmap.org/way/736453006;cartographie collaborative (OSM);aucun indice fiable
a_preciser;indetermine;École primaire publique de Gorobani;;public;Bembèrèkè;Borgou;;10.261613;2.914558;https://www.openstreetmap.org/way/736459451;cartographie collaborative (OSM);aucun indice fiable
a_preciser;indetermine;École primaire publique de Gbérou-Daba;;public;Bembèrèkè;Borgou;;10.227861;2.935839;https://www.openstreetmap.org/way/736473683;cartographie collaborative (OSM);aucun indice fiable
a_preciser;indetermine;École primaire publique de Sissigorou;;public;Bembèrèkè;Borgou;;10.237387;2.870288;https://www.openstreetmap.org/way/736510820;cartographie collaborative (OSM);aucun indice fiable
a_preciser;indetermine;École primaire publique de Kassarou;;public;Bembèrèkè;Borgou;;10.215851;2.878902;https://www.openstreetmap.org/way/736510825;cartographie collaborative (OSM);aucun indice fiable
a_preciser;indetermine;École primaire publique de Gnel Babi;;public;Bembèrèkè;Borgou;;10.220904;2.916048;https://www.openstreetmap.org/way/736542771;cartographie collaborative (OSM);aucun indice fiable
a_preciser;indetermine;École Notre Dame du Mont Carmel;;non_indique;Nikki;Borgou;École Notre Dame du Mont Carmel;9.914117;3.210709;https://www.openstreetmap.org/way/736670118;cartographie collaborative (OSM);aucun indice fiable
a_preciser;indetermine;École Ben Wahel;;non_indique;Nikki;Borgou;École Ben Wahel;9.918933;3.211254;https://www.openstreetmap.org/way/736670119;cartographie collaborative (OSM);aucun indice fiable
a_preciser;indetermine;École primaire publique de Gnonkourakali;;public;Nikki;Borgou;;10.118163;2.900203;https://www.openstreetmap.org/way/737001899;cartographie collaborative (OSM);aucun indice fiable
a_preciser;indetermine;École primaire publique de Woroumangassarou;;public;Nikki;Borgou;;10.105737;2.848452;https://www.openstreetmap.org/way/737022433;cartographie collaborative (OSM);aucun indice fiable
secondaire_general;ceg;Collège d'enseignement général publique de Gnonkourakali;;public;Nikki;Borgou;;10.117762;2.891180;https://www.openstreetmap.org/way/737022456;cartographie collaborative (OSM);nom : CEG
maternel;ecole_maternelle;Complexe scolaire Sebe A et B et La Maternelle;;non_indique;Nikki;Borgou;Complexe scolaire Sebe A et B et La Maternelle;9.941797;3.218974;https://www.openstreetmap.org/way/737033612;cartographie collaborative (OSM);nom : maternelle
a_preciser;indetermine;École primaire publique de Gbian;;public;Bembèrèkè;Borgou;;10.163539;2.859581;https://www.openstreetmap.org/way/737044466;cartographie collaborative (OSM);aucun indice fiable
a_preciser;indetermine;École d´éducation arabe;;non_indique;Nikki;Borgou;;9.924704;3.208897;https://www.openstreetmap.org/way/737061522;cartographie collaborative (OSM);aucun indice fiable
a_preciser;indetermine;(sans nom);;non_indique;Nikki;Borgou;;9.928605;3.204077;https://www.openstreetmap.org/way/737061527;cartographie collaborative (OSM);aucun indice fiable
a_preciser;indetermine;Soeurs Agustines;;non_indique;Nikki;Borgou;;9.929628;3.208102;https://www.openstreetmap.org/way/737061530;cartographie collaborative (OSM);aucun indice fiable
a_preciser;indetermine;(sans nom);;non_indique;Nikki;Borgou;;10.058713;2.830924;https://www.openstreetmap.org/way/737225736;cartographie collaborative (OSM);aucun indice fiable
a_preciser;indetermine;École primaire publique de Gbari;;public;Nikki;Borgou;;10.012610;2.924710;https://www.openstreetmap.org/way/737300292;cartographie collaborative (OSM);aucun indice fiable
a_preciser;indetermine;(sans nom);;non_indique;Nikki;Borgou;;9.899840;2.948496;https://www.openstreetmap.org/way/737354413;cartographie collaborative (OSM);aucun indice fiable
a_preciser;indetermine;(sans nom);;non_indique;Nikki;Borgou;;9.904091;2.938972;https://www.openstreetmap.org/way/737354418;cartographie collaborative (OSM);aucun indice fiable
a_preciser;indetermine;(sans nom);;non_indique;Nikki;Borgou;;9.912398;2.949075;https://www.openstreetmap.org/way/737354424;cartographie collaborative (OSM);aucun indice fiable
a_preciser;indetermine;École primaire publique de Guinrou;;public;Nikki;Borgou;;9.962847;2.944902;https://www.openstreetmap.org/way/737354448;cartographie collaborative (OSM);aucun indice fiable
a_preciser;indetermine;École primaire publique de Bonrou;;public;Pèrèrè;Borgou;;9.808260;2.904437;https://www.openstreetmap.org/way/737496468;cartographie collaborative (OSM);aucun indice fiable
superieur;universite;"Université Le ""FAUCON""";;non_indique;Abomey-Calavi;Atlantique;;6.456729;2.355156;https://www.openstreetmap.org/way/737882916;cartographie collaborative (OSM);nom : université
a_preciser;indetermine;École primaire publique de Massiagourou;;public;Nikki;Borgou;;9.870966;2.934952;https://www.openstreetmap.org/way/738031166;cartographie collaborative (OSM);aucun indice fiable
a_preciser;indetermine;École primaire publique de Gouré Tèpa;;public;Nikki;Borgou;;10.123980;2.989703;https://www.openstreetmap.org/way/738203883;cartographie collaborative (OSM);aucun indice fiable
a_preciser;indetermine;École primaire publique de Moussouré;;public;Nikki;Borgou;;10.054465;3.047107;https://www.openstreetmap.org/way/738203887;cartographie collaborative (OSM);aucun indice fiable
a_preciser;indetermine;(sans nom);;non_indique;Nikki;Borgou;;10.039512;3.035933;https://www.openstreetmap.org/way/738203892;cartographie collaborative (OSM);aucun indice fiable
a_preciser;indetermine;École primaire publique de Yao-Gourou;;public;Nikki;Borgou;;10.039366;3.035754;https://www.openstreetmap.org/way/738203894;cartographie collaborative (OSM);aucun indice fiable
a_preciser;indetermine;École primaire publique de Ganrou;;public;Nikki;Borgou;;10.022320;3.070665;https://www.openstreetmap.org/way/738203904;cartographie collaborative (OSM);aucun indice fiable
a_preciser;indetermine;École primaire publique de Guinma;;public;Nikki;Borgou;;9.962082;2.990599;https://www.openstreetmap.org/way/738203936;cartographie collaborative (OSM);aucun indice fiable
a_preciser;indetermine;École primaire publique de Tchafrico;;public;Kalale;Borgou;;10.131572;3.070583;https://www.openstreetmap.org/way/738207883;cartographie collaborative (OSM);aucun indice fiable
a_preciser;indetermine;École primaire publique de Nallou;;public;Nikki;Borgou;;9.929295;2.910547;https://www.openstreetmap.org/way/738256467;cartographie collaborative (OSM);aucun indice fiable
a_preciser;indetermine;École primaire publique de Goua;;public;Bembèrèkè;Borgou;;9.982503;2.833588;https://www.openstreetmap.org/way/738265201;cartographie collaborative (OSM);aucun indice fiable
a_preciser;indetermine;(sans nom);;non_indique;Bembèrèkè;Borgou;;9.940374;2.775274;https://www.openstreetmap.org/way/738420559;cartographie collaborative (OSM);aucun indice fiable
technique_et_formation;lycee_technique;Lycée technique agricole d'Ina (LTA-INA);;non_indique;Bembèrèkè;Borgou;;9.950420;2.727627;https://www.openstreetmap.org/way/738433700;cartographie collaborative (OSM);nom : lycée technique/agricole
a_preciser;indetermine;(sans nom);;non_indique;Bembèrèkè;Borgou;;9.959059;2.728448;https://www.openstreetmap.org/way/738467895;cartographie collaborative (OSM);aucun indice fiable
technique_et_formation;lycee_technique;Lycée technique agricole d'Ina (LTA-INA);;non_indique;Bembèrèkè;Borgou;;9.958784;2.724401;https://www.openstreetmap.org/way/738467909;cartographie collaborative (OSM);nom : lycée technique/agricole
superieur_ou_formation;enseignement_superieur_ou_formation;(sans nom);;non_indique;Bembèrèkè;Borgou;;9.975658;2.723437;https://www.openstreetmap.org/way/738471771;cartographie collaborative (OSM);attribut amenity=college
a_preciser;indetermine;(sans nom);;non_indique;Bembèrèkè;Borgou;;9.973384;2.734091;https://www.openstreetmap.org/way/738471772;cartographie collaborative (OSM);aucun indice fiable
a_preciser;indetermine;École primaire publique de Wodora;;public;Bembèrèkè;Borgou;;9.926018;2.722187;https://www.openstreetmap.org/way/738607074;cartographie collaborative (OSM);aucun indice fiable
a_preciser;indetermine;(sans nom);;non_indique;N'Dali;Borgou;;9.869000;2.724169;https://www.openstreetmap.org/way/738614628;cartographie collaborative (OSM);aucun indice fiable
a_preciser;indetermine;(sans nom);;non_indique;N'Dali;Borgou;;9.864058;2.727383;https://www.openstreetmap.org/way/738614629;cartographie collaborative (OSM);aucun indice fiable
a_preciser;indetermine;École primaire publique de Tèpa;;public;Nikki;Borgou;;9.908523;2.783284;https://www.openstreetmap.org/way/738707952;cartographie collaborative (OSM);aucun indice fiable
a_preciser;indetermine;(sans nom);;non_indique;N'Dali;Borgou;;9.805807;2.712456;https://www.openstreetmap.org/way/738910765;cartographie collaborative (OSM);aucun indice fiable
a_preciser;indetermine;(sans nom);;non_indique;N'Dali;Borgou;;9.859093;2.713294;https://www.openstreetmap.org/way/739492236;cartographie collaborative (OSM);aucun indice fiable
a_preciser;indetermine;(sans nom);;non_indique;Nikki;Borgou;;9.800693;3.302652;https://www.openstreetmap.org/way/739627553;cartographie collaborative (OSM);aucun indice fiable
a_preciser;indetermine;École primaire publique de Tamarou;;public;N'Dali;Borgou;;9.732055;2.696865;https://www.openstreetmap.org/way/740645645;cartographie collaborative (OSM);aucun indice fiable
superieur_ou_formation;enseignement_superieur_ou_formation;(sans nom);;non_indique;N'Dali;Borgou;;9.740783;2.697716;https://www.openstreetmap.org/way/740653465;cartographie collaborative (OSM);attribut amenity=college
a_preciser;indetermine;Écloe primaire publique de Gah-Winra;;public;N'Dali;Borgou;;9.683089;2.740539;https://www.openstreetmap.org/way/740787990;cartographie collaborative (OSM);aucun indice fiable
a_preciser;indetermine;École primaire publique de Banhoun-Kpo;;public;N'Dali;Borgou;;9.672515;2.677246;https://www.openstreetmap.org/way/741045627;cartographie collaborative (OSM);aucun indice fiable
a_preciser;indetermine;(sans nom);;non_indique;N'Dali;Borgou;;9.695182;2.682171;https://www.openstreetmap.org/way/741078825;cartographie collaborative (OSM);aucun indice fiable
a_preciser;indetermine;(sans nom);;non_indique;N'Dali;Borgou;;9.636521;2.760862;https://www.openstreetmap.org/way/741157017;cartographie collaborative (OSM);aucun indice fiable
a_preciser;indetermine;École primaire publique de Sinawourarou;;public;Pèrèrè;Borgou;;9.558875;2.804971;https://www.openstreetmap.org/way/741509991;cartographie collaborative (OSM);aucun indice fiable
a_preciser;indetermine;École primaire publique de Kadiri Kparou;;public;N'Dali;Borgou;;9.508232;2.740324;https://www.openstreetmap.org/way/741686254;cartographie collaborative (OSM);aucun indice fiable
a_preciser;indetermine;École primaire publique de Winra;;public;Tchaourou;Borgou;;9.327773;2.762185;https://www.openstreetmap.org/way/742492939;cartographie collaborative (OSM);aucun indice fiable
a_preciser;indetermine;École primaire publique de Kika;;public;Tchaourou;Borgou;;9.287569;2.776679;https://www.openstreetmap.org/way/742623980;cartographie collaborative (OSM);aucun indice fiable
secondaire_general;ceg;Collège d'enseignement général public de Kika;;public;Tchaourou;Borgou;;9.287156;2.774917;https://www.openstreetmap.org/way/742623981;cartographie collaborative (OSM);nom : CEG
a_preciser;indetermine;École primaire publique de Barrage;;public;Parakou;Borgou;;9.347487;2.715079;https://www.openstreetmap.org/way/742878471;cartographie collaborative (OSM);aucun indice fiable
a_preciser;indetermine;(sans nom);;non_indique;Parakou;Borgou;;9.300843;2.716152;https://www.openstreetmap.org/way/743561249;cartographie collaborative (OSM);aucun indice fiable
a_preciser;indetermine;(sans nom);;non_indique;Parakou;Borgou;;9.284834;2.662611;https://www.openstreetmap.org/way/744107358;cartographie collaborative (OSM);aucun indice fiable
a_preciser;indetermine;École primaire publique d'Yèroumarou;;public;Tchaourou;Borgou;;9.212364;2.775813;https://www.openstreetmap.org/way/744753040;cartographie collaborative (OSM);aucun indice fiable
a_preciser;indetermine;(sans nom);;non_indique;Tchaourou;Borgou;;9.203135;2.773506;https://www.openstreetmap.org/way/744788373;cartographie collaborative (OSM);aucun indice fiable
a_preciser;indetermine;École primaire publique de Tokissi 1;;public;Tchaourou;Borgou;;9.139365;2.814217;https://www.openstreetmap.org/way/745099873;cartographie collaborative (OSM);aucun indice fiable
a_preciser;indetermine;(sans nom);;non_indique;Tchaourou;Borgou;;9.127937;2.868784;https://www.openstreetmap.org/way/745611806;cartographie collaborative (OSM);aucun indice fiable
a_preciser;indetermine;(sans nom);;non_indique;Nikki;Borgou;;9.921951;3.207229;https://www.openstreetmap.org/way/745997904;cartographie collaborative (OSM);aucun indice fiable
a_preciser;indetermine;(sans nom);;non_indique;Tchaourou;Borgou;;9.232451;2.740265;https://www.openstreetmap.org/way/746119410;cartographie collaborative (OSM);aucun indice fiable
a_preciser;indetermine;(sans nom);;non_indique;Tchaourou;Borgou;;9.190771;2.757199;https://www.openstreetmap.org/way/746297453;cartographie collaborative (OSM);aucun indice fiable
a_preciser;indetermine;École primaire publique de Wari 1;;public;Tchaourou;Borgou;;9.106457;2.743154;https://www.openstreetmap.org/way/746354608;cartographie collaborative (OSM);aucun indice fiable
a_preciser;indetermine;(sans nom);;non_indique;Tchaourou;Borgou;;9.230087;2.723416;https://www.openstreetmap.org/way/746603932;cartographie collaborative (OSM);aucun indice fiable
a_preciser;indetermine;École primaire publique de Parc 7;;public;Tchaourou;Borgou;;9.205348;2.723948;https://www.openstreetmap.org/way/746654387;cartographie collaborative (OSM);aucun indice fiable
a_preciser;indetermine;(sans nom);;non_indique;Tchaourou;Borgou;;9.143377;2.739467;https://www.openstreetmap.org/way/746815322;cartographie collaborative (OSM);aucun indice fiable
a_preciser;indetermine;École primaire publique de Wari 2;;public;Tchaourou;Borgou;;9.155848;2.711767;https://www.openstreetmap.org/way/747386859;cartographie collaborative (OSM);aucun indice fiable
a_preciser;indetermine;École primaire publique de Kpokoro;;public;Tchaourou;Borgou;;9.184384;2.723464;https://www.openstreetmap.org/way/748820242;cartographie collaborative (OSM);aucun indice fiable
a_preciser;indetermine;École primaire publique de Gbékpanin;;public;Tchaourou;Borgou;;9.084860;2.654698;https://www.openstreetmap.org/way/748919071;cartographie collaborative (OSM);aucun indice fiable
a_preciser;indetermine;École primaire publique de Woria;;public;Tchaourou;Borgou;;9.080208;2.725317;https://www.openstreetmap.org/way/749218084;cartographie collaborative (OSM);aucun indice fiable
a_preciser;indetermine;(sans nom);;non_indique;Tchaourou;Borgou;;9.044756;2.748165;https://www.openstreetmap.org/way/750029200;cartographie collaborative (OSM);aucun indice fiable
a_preciser;indetermine;École primaire publique de Lafia Boudo;;public;Tchaourou;Borgou;;9.098280;2.788636;https://www.openstreetmap.org/way/750111597;cartographie collaborative (OSM);aucun indice fiable
a_preciser;indetermine;(sans nom);;non_indique;Tchaourou;Borgou;;9.018985;2.756041;https://www.openstreetmap.org/way/750364324;cartographie collaborative (OSM);aucun indice fiable
a_preciser;indetermine;École primaire publiue de Yambouan;;non_indique;Tchaourou;Borgou;;8.972337;2.780193;https://www.openstreetmap.org/way/750379939;cartographie collaborative (OSM);aucun indice fiable
a_preciser;indetermine;(sans nom);;non_indique;Tchaourou;Borgou;;8.876295;2.756821;https://www.openstreetmap.org/way/750480402;cartographie collaborative (OSM);aucun indice fiable
a_preciser;indetermine;(sans nom);;non_indique;Tchaourou;Borgou;;8.878799;2.750214;https://www.openstreetmap.org/way/750480403;cartographie collaborative (OSM);aucun indice fiable
a_preciser;indetermine;(sans nom);;non_indique;Tchaourou;Borgou;;8.873949;2.748167;https://www.openstreetmap.org/way/750676540;cartographie collaborative (OSM);aucun indice fiable
a_preciser;indetermine;École primaire publique de Worogui-Goura;;public;Tchaourou;Borgou;;8.884487;2.673380;https://www.openstreetmap.org/way/750794646;cartographie collaborative (OSM);aucun indice fiable
a_preciser;indetermine;(sans nom);;non_indique;Tchaourou;Borgou;;8.895369;2.595792;https://www.openstreetmap.org/way/753001969;cartographie collaborative (OSM);aucun indice fiable
a_preciser;indetermine;(sans nom);;non_indique;Tchaourou;Borgou;;8.884824;2.603522;https://www.openstreetmap.org/way/753002392;cartographie collaborative (OSM);aucun indice fiable
a_preciser;indetermine;(sans nom);;non_indique;Tchaourou;Borgou;;8.864261;2.577849;https://www.openstreetmap.org/way/753198552;cartographie collaborative (OSM);aucun indice fiable
a_preciser;indetermine;`École primaire publique de Koro;;public;Tchaourou;Borgou;;8.897532;2.573515;https://www.openstreetmap.org/way/753476604;cartographie collaborative (OSM);aucun indice fiable
a_preciser;indetermine;(sans nom);;non_indique;Tchaourou;Borgou;;9.003208;2.491043;https://www.openstreetmap.org/way/753525891;cartographie collaborative (OSM);aucun indice fiable
a_preciser;indetermine;(sans nom);;non_indique;Tchaourou;Borgou;;8.975332;2.494479;https://www.openstreetmap.org/way/753573141;cartographie collaborative (OSM);aucun indice fiable
a_preciser;indetermine;École primaire publique de Borori;;public;Tchaourou;Borgou;;8.931283;2.661372;https://www.openstreetmap.org/way/754936861;cartographie collaborative (OSM);aucun indice fiable
a_preciser;indetermine;École primaire publique de Gango;;public;Tchaourou;Borgou;;8.973164;2.695140;https://www.openstreetmap.org/way/755118701;cartographie collaborative (OSM);aucun indice fiable
a_preciser;indetermine;École Primaire Publique de Gango Allagbé;;public;Tchaourou;Borgou;;8.956868;2.703876;https://www.openstreetmap.org/way/755156281;cartographie collaborative (OSM);aucun indice fiable
a_preciser;indetermine;(sans nom);;non_indique;Glazoué;Collines;;7.847661;2.216143;https://www.openstreetmap.org/way/759558071;cartographie collaborative (OSM);aucun indice fiable
a_preciser;indetermine;(sans nom);;non_indique;Glazoué;Collines;;7.847230;2.216286;https://www.openstreetmap.org/way/759558072;cartographie collaborative (OSM);aucun indice fiable
a_preciser;indetermine;Complexe scolère Baptiste;;non_indique;Cotonou;Littoral;;6.373849;2.410542;https://www.openstreetmap.org/way/759625924;cartographie collaborative (OSM);aucun indice fiable
a_preciser;indetermine;École Primaire Publique de Zoungou-Pantrossi;;public;Gogounou;Alibori;;10.735675;2.979809;https://www.openstreetmap.org/way/791839979;cartographie collaborative (OSM);aucun indice fiable
a_preciser;indetermine;(sans nom);;non_indique;Tchaourou;Borgou;;9.279267;2.892843;https://www.openstreetmap.org/way/794324284;cartographie collaborative (OSM);aucun indice fiable
a_preciser;indetermine;(sans nom);;non_indique;Tchaourou;Borgou;;9.279838;2.906493;https://www.openstreetmap.org/way/794324288;cartographie collaborative (OSM);aucun indice fiable
a_preciser;indetermine;(sans nom);;non_indique;Tchaourou;Borgou;;9.244645;2.853392;https://www.openstreetmap.org/way/794379600;cartographie collaborative (OSM);aucun indice fiable
a_preciser;indetermine;Écoleprimaire publique de Sui-Gourou;;public;Tchaourou;Borgou;;9.283472;2.858347;https://www.openstreetmap.org/way/794421270;cartographie collaborative (OSM);aucun indice fiable
a_preciser;indetermine;(sans nom);;non_indique;Tchaourou;Borgou;;9.284573;2.931434;https://www.openstreetmap.org/way/794436834;cartographie collaborative (OSM);aucun indice fiable
a_preciser;indetermine;(sans nom);;non_indique;Tchaourou;Borgou;;9.290623;2.970918;https://www.openstreetmap.org/way/794485840;cartographie collaborative (OSM);aucun indice fiable
a_preciser;indetermine;Éclole primaire publique de Sonna;;public;Tchaourou;Borgou;;9.290869;2.979356;https://www.openstreetmap.org/way/794485846;cartographie collaborative (OSM);aucun indice fiable
a_preciser;indetermine;École primaire publique de Tourou-Souanré;;public;Tchaourou;Borgou;;9.255195;3.001911;https://www.openstreetmap.org/way/794674370;cartographie collaborative (OSM);aucun indice fiable
a_preciser;indetermine;(sans nom);;non_indique;Tchaourou;Borgou;;9.185399;3.058300;https://www.openstreetmap.org/way/794803006;cartographie collaborative (OSM);aucun indice fiable
a_preciser;indetermine;(sans nom);;non_indique;Tchaourou;Borgou;;9.193334;3.046177;https://www.openstreetmap.org/way/794823768;cartographie collaborative (OSM);aucun indice fiable
superieur_ou_formation;enseignement_superieur_ou_formation;(sans nom);;non_indique;Tchaourou;Borgou;;9.198206;3.039927;https://www.openstreetmap.org/way/794828078;cartographie collaborative (OSM);attribut amenity=college
a_preciser;indetermine;(sans nom);;non_indique;Tchaourou;Borgou;;9.240485;3.070805;https://www.openstreetmap.org/way/795269626;cartographie collaborative (OSM);aucun indice fiable
a_preciser;indetermine;École primaire publique de Gouroubara;;public;Tchaourou;Borgou;;9.208111;3.003778;https://www.openstreetmap.org/way/795584883;cartographie collaborative (OSM);aucun indice fiable
a_preciser;indetermine;École primaire publique de Warankpérou;;public;Tchaourou;Borgou;;9.139471;2.986950;https://www.openstreetmap.org/way/795642547;cartographie collaborative (OSM);aucun indice fiable
a_preciser;indetermine;École primaire publique de Nimdo;;public;Tchaourou;Borgou;;9.119189;2.967846;https://www.openstreetmap.org/way/795663920;cartographie collaborative (OSM);aucun indice fiable
a_preciser;indetermine;(sans nom);;non_indique;Tchaourou;Borgou;;9.167874;2.916481;https://www.openstreetmap.org/way/796417926;cartographie collaborative (OSM);aucun indice fiable
a_preciser;indetermine;(sans nom);;non_indique;Tchaourou;Borgou;;9.139766;2.892832;https://www.openstreetmap.org/way/796843035;cartographie collaborative (OSM);aucun indice fiable
superieur;enseignement_superieur;Institut National Medico Sanitaire (INMeS);;non_indique;Cotonou;Littoral;;6.353910;2.409968;https://www.openstreetmap.org/way/796926154;cartographie collaborative (OSM);nom : école supérieure / institut
a_preciser;indetermine;École primaire pbulique de Boé;;non_indique;Tchaourou;Borgou;;9.198791;2.869069;https://www.openstreetmap.org/way/797002877;cartographie collaborative (OSM);aucun indice fiable
a_preciser;indetermine;École primaire publique de Tandou;;public;Tchaourou;Borgou;;9.093212;2.892390;https://www.openstreetmap.org/way/797065136;cartographie collaborative (OSM);aucun indice fiable
a_preciser;indetermine;(sans nom);;non_indique;Tchaourou;Borgou;;9.095661;2.825613;https://www.openstreetmap.org/way/797362622;cartographie collaborative (OSM);aucun indice fiable
a_preciser;indetermine;École primaire publique de Batirou;;public;Tchaourou;Borgou;;9.101470;2.582640;https://www.openstreetmap.org/way/797482361;cartographie collaborative (OSM);aucun indice fiable
a_preciser;indetermine;École primaire publique de Gararou;;public;Tchaourou;Borgou;;9.068663;2.548792;https://www.openstreetmap.org/way/797496948;cartographie collaborative (OSM);aucun indice fiable
a_preciser;indetermine;École primaire publique de Gokanna;;public;Tchaourou;Borgou;;9.027218;2.577952;https://www.openstreetmap.org/way/797519705;cartographie collaborative (OSM);aucun indice fiable
superieur;enseignement_superieur;ISM Adonai;;non_indique;Cotonou;Littoral;;6.368469;2.415286;https://www.openstreetmap.org/way/797637916;cartographie collaborative (OSM);nom : école supérieure / institut
a_preciser;indetermine;(sans nom);;non_indique;Tchaourou;Borgou;;9.306558;3.149966;https://www.openstreetmap.org/way/797668029;cartographie collaborative (OSM);aucun indice fiable
a_preciser;indetermine;École primaire publique de Monta;;public;Tchaourou;Borgou;;9.328515;3.127708;https://www.openstreetmap.org/way/797849248;cartographie collaborative (OSM);aucun indice fiable
superieur;enseignement_superieur;HECM;;non_indique;Abomey-Calavi;Atlantique;;6.386554;2.322626;https://www.openstreetmap.org/way/797867457;cartographie collaborative (OSM);nom : école supérieure / institut
superieur;universite;École Superrieure de Commerce des Entreprises du Bénin (ESCAE-BENI);;non_indique;Abomey-Calavi;Atlantique;;6.436749;2.339456;https://www.openstreetmap.org/way/797876844;cartographie collaborative (OSM);attribut amenity=university
superieur;universite;(sans nom);;non_indique;Cotonou;Littoral;;6.366492;2.446519;https://www.openstreetmap.org/way/797904878;cartographie collaborative (OSM);attribut amenity=university
superieur;universite;(sans nom);;non_indique;Cotonou;Littoral;;6.371504;2.451425;https://www.openstreetmap.org/way/797906871;cartographie collaborative (OSM);attribut amenity=university
superieur;universite;African School of Economics;;non_indique;Abomey-Calavi;Atlantique;;6.407578;2.339874;https://www.openstreetmap.org/way/797981127;cartographie collaborative (OSM);attribut amenity=university
superieur;enseignement_superieur;Ecole Nationale d'Economie Appliquée et de Management;;public;Cotonou;Littoral;Ministère de l’Enseignement Supérieur et de la Recherche Scientifique;6.364214;2.408485;https://www.openstreetmap.org/way/797998477;cartographie collaborative (OSM);nom : école supérieure / institut
superieur;universite;Université Protestante de l’Afrique de l'Ouest (UPAO);;confessionnel;Porto-Novo;Ouémé;;6.480716;2.629389;https://www.openstreetmap.org/way/798034296;cartographie collaborative (OSM);nom : université
superieur;universite;Cycle Préparatoire Père Aupiais;;prive;Cotonou;Littoral;Ecole Supérieure d’Ingénieurs en Génie Electrique (ESIGELEC) de Rouen;6.358751;2.405228;https://www.openstreetmap.org/way/798044593;cartographie collaborative (OSM);attribut amenity=university
superieur;universite;Ecole de Techniciens Supérieurs du Bénin - La Grâce;;prive;Cotonou;Littoral;;6.371836;2.462481;https://www.openstreetmap.org/way/798048435;cartographie collaborative (OSM);attribut amenity=university
superieur;universite;HILL University;;non_indique;Cotonou;Littoral;;6.371849;2.463168;https://www.openstreetmap.org/way/798056658;cartographie collaborative (OSM);nom : université
a_preciser;indetermine;École primaire publique de Bouyi;;public;Pèrèrè;Borgou;;9.409933;3.076813;https://www.openstreetmap.org/way/798095438;cartographie collaborative (OSM);aucun indice fiable
a_preciser;indetermine;École primaire publique de Swanwôssou;;public;Pèrèrè;Borgou;;9.423455;3.000448;https://www.openstreetmap.org/way/798264910;cartographie collaborative (OSM);aucun indice fiable
a_preciser;indetermine;École primaire publique d'Ogamoin;;public;Pèrèrè;Borgou;;9.415141;3.019119;https://www.openstreetmap.org/way/798264917;cartographie collaborative (OSM);aucun indice fiable
superieur;enseignement_superieur;Ecole Nationale des Sciences et Technologies de l'Information et de la communication - ENSTIC;;non_indique;Savalou;Collines;;7.956727;1.982843;https://www.openstreetmap.org/way/798302227;cartographie collaborative (OSM);nom : école supérieure / institut
a_preciser;indetermine;École primaire publique de Gounkparé;;public;Pèrèrè;Borgou;;9.464062;2.935731;https://www.openstreetmap.org/way/798326207;cartographie collaborative (OSM);aucun indice fiable
superieur_ou_formation;enseignement_superieur_ou_formation;(sans nom);;non_indique;Pèrèrè;Borgou;;9.459232;2.943982;https://www.openstreetmap.org/way/798326217;cartographie collaborative (OSM);attribut amenity=college
superieur;universite;Flash / Adjarra;;non_indique;Adjarra;Ouémé;;6.513990;2.676502;https://www.openstreetmap.org/way/798366033;cartographie collaborative (OSM);attribut amenity=university
superieur;universite;Ecole d'agriculture et d'Amenagement des spaces verts (UAK);;non_indique;Kétou;Plateau;;7.481310;2.714263;https://www.openstreetmap.org/way/798379852;cartographie collaborative (OSM);attribut amenity=university
superieur;universite;Rectorat de l'UAK;;non_indique;Kétou;Plateau;;7.346902;2.615665;https://www.openstreetmap.org/way/798380690;cartographie collaborative (OSM);attribut amenity=university
a_preciser;indetermine;École primaire publique de Gbéroukpanè;;public;Pèrèrè;Borgou;;9.510898;2.981601;https://www.openstreetmap.org/way/798390934;cartographie collaborative (OSM);aucun indice fiable
a_preciser;indetermine;(sans nom);;non_indique;Pèrèrè;Borgou;;9.480780;3.023014;https://www.openstreetmap.org/way/798402854;cartographie collaborative (OSM);aucun indice fiable
a_preciser;indetermine;(sans nom);;non_indique;Pèrèrè;Borgou;;9.440661;2.942288;https://www.openstreetmap.org/way/798464494;cartographie collaborative (OSM);aucun indice fiable
a_preciser;indetermine;Écolie primaire publique de Nannonrou;;public;Tchaourou;Borgou;;9.324322;2.990552;https://www.openstreetmap.org/way/799080257;cartographie collaborative (OSM);aucun indice fiable
a_preciser;indetermine;(sans nom);;non_indique;Pèrèrè;Borgou;;9.480222;2.863921;https://www.openstreetmap.org/way/800025260;cartographie collaborative (OSM);aucun indice fiable
a_preciser;indetermine;École primaire publique de Décourou;;public;Pèrèrè;Borgou;;9.481267;2.930816;https://www.openstreetmap.org/way/800029094;cartographie collaborative (OSM);aucun indice fiable
a_preciser;indetermine;Éclole primaire publique de Gando Sonna;;public;Pèrèrè;Borgou;;9.512743;2.921386;https://www.openstreetmap.org/way/800303320;cartographie collaborative (OSM);aucun indice fiable
a_preciser;indetermine;(sans nom);;non_indique;Pèrèrè;Borgou;;9.522043;3.061298;https://www.openstreetmap.org/way/800439962;cartographie collaborative (OSM);aucun indice fiable
a_preciser;indetermine;École primaire publique de Sanékou;;public;Pèrèrè;Borgou;;9.463477;3.071269;https://www.openstreetmap.org/way/800466311;cartographie collaborative (OSM);aucun indice fiable
a_preciser;indetermine;École primaire publique de Souanré;;public;Tchaourou;Borgou;;9.227486;2.974548;https://www.openstreetmap.org/way/802124622;cartographie collaborative (OSM);aucun indice fiable
a_preciser;indetermine;École primaire publique de Kokobè;;public;Tchaourou;Borgou;;9.282388;2.828752;https://www.openstreetmap.org/way/802435473;cartographie collaborative (OSM);aucun indice fiable
a_preciser;indetermine;École primaire publique de Koki Baka;;public;Tchaourou;Borgou;;9.214427;2.821894;https://www.openstreetmap.org/way/802835246;cartographie collaborative (OSM);aucun indice fiable
a_preciser;indetermine;(sans nom);;non_indique;Tchaourou;Borgou;;8.998155;2.587150;https://www.openstreetmap.org/way/803019951;cartographie collaborative (OSM);aucun indice fiable
secondaire_general;ceg;CEG Tékparou;;public;Tchaourou;Borgou;;9.011440;2.585759;https://www.openstreetmap.org/way/803019958;cartographie collaborative (OSM);nom : CEG
a_preciser;indetermine;(sans nom);;non_indique;Tchaourou;Borgou;;9.007290;2.586862;https://www.openstreetmap.org/way/803019961;cartographie collaborative (OSM);aucun indice fiable
a_preciser;indetermine;(sans nom);;non_indique;Tchaourou;Borgou;;8.942477;2.587937;https://www.openstreetmap.org/way/803081284;cartographie collaborative (OSM);aucun indice fiable
a_preciser;indetermine;(sans nom);;non_indique;Tchaourou;Borgou;;8.952029;2.588943;https://www.openstreetmap.org/way/803081292;cartographie collaborative (OSM);aucun indice fiable
superieur;universite;Ex Centre Universitaire de Tchaourou;;non_indique;Tchaourou;Borgou;;8.946430;2.587857;https://www.openstreetmap.org/way/803082989;cartographie collaborative (OSM);nom : université
a_preciser;indetermine;(sans nom);;non_indique;Tchaourou;Borgou;;9.085076;2.557957;https://www.openstreetmap.org/way/803247062;cartographie collaborative (OSM);aucun indice fiable
a_preciser;indetermine;(sans nom);;non_indique;Tchaourou;Borgou;;9.079820;2.503542;https://www.openstreetmap.org/way/803315489;cartographie collaborative (OSM);aucun indice fiable
superieur_ou_formation;enseignement_superieur_ou_formation;(sans nom);;non_indique;Tchaourou;Borgou;;8.814383;2.611600;https://www.openstreetmap.org/way/803399134;cartographie collaborative (OSM);attribut amenity=college
a_preciser;indetermine;(sans nom);;non_indique;Tchaourou;Borgou;;8.815088;2.609398;https://www.openstreetmap.org/way/803399137;cartographie collaborative (OSM);aucun indice fiable
a_preciser;indetermine;(sans nom);;non_indique;Tchaourou;Borgou;;8.817239;2.606698;https://www.openstreetmap.org/way/803399145;cartographie collaborative (OSM);aucun indice fiable
a_preciser;indetermine;(sans nom);;non_indique;Tchaourou;Borgou;;8.811903;2.606879;https://www.openstreetmap.org/way/803409845;cartographie collaborative (OSM);aucun indice fiable
a_preciser;indetermine;(sans nom);;non_indique;Tchaourou;Borgou;;8.800755;2.612800;https://www.openstreetmap.org/way/803409859;cartographie collaborative (OSM);aucun indice fiable
a_preciser;indetermine;École primaire publique d'Odo-Akaba;;public;Tchaourou;Borgou;;8.772643;2.603432;https://www.openstreetmap.org/way/803570272;cartographie collaborative (OSM);aucun indice fiable
a_preciser;indetermine;(sans nom);;non_indique;Ouèssè;Collines;;8.755606;2.601344;https://www.openstreetmap.org/way/803582582;cartographie collaborative (OSM);aucun indice fiable
a_preciser;indetermine;(sans nom);;non_indique;Ouèssè;Collines;;8.748154;2.599597;https://www.openstreetmap.org/way/803582590;cartographie collaborative (OSM);aucun indice fiable
secondaire_general;ceg;CEG d'Ogoutèdo;;public;Ouèssè;Collines;;8.757234;2.597564;https://www.openstreetmap.org/way/803582592;cartographie collaborative (OSM);nom : CEG
a_preciser;indetermine;(sans nom);;non_indique;Ouèssè;Collines;;8.727526;2.653914;https://www.openstreetmap.org/way/803659538;cartographie collaborative (OSM);aucun indice fiable
a_preciser;indetermine;École primaire publique de Sokroko;;public;Ouèssè;Collines;;8.751991;2.636409;https://www.openstreetmap.org/way/803659544;cartographie collaborative (OSM);aucun indice fiable
a_preciser;indetermine;(sans nom);;non_indique;Ouèssè;Collines;;8.661338;2.625491;https://www.openstreetmap.org/way/803679858;cartographie collaborative (OSM);aucun indice fiable
a_preciser;indetermine;École primaire publique de Toui-Gare;;public;Ouèssè;Collines;;8.669443;2.619873;https://www.openstreetmap.org/way/803679872;cartographie collaborative (OSM);aucun indice fiable
a_preciser;indetermine;(sans nom);;non_indique;Ouèssè;Collines;;8.678437;2.591588;https://www.openstreetmap.org/way/803737205;cartographie collaborative (OSM);aucun indice fiable
a_preciser;indetermine;École primaire publique d'Èkpa;;public;Ouèssè;Collines;;8.620572;2.594352;https://www.openstreetmap.org/way/803750867;cartographie collaborative (OSM);aucun indice fiable
a_preciser;indetermine;École primaire publique d'Akpéro;;public;Ouèssè;Collines;;8.625286;2.574398;https://www.openstreetmap.org/way/803752272;cartographie collaborative (OSM);aucun indice fiable
a_preciser;indetermine;(sans nom);;non_indique;Ouèssè;Collines;;8.587951;2.551867;https://www.openstreetmap.org/way/803771184;cartographie collaborative (OSM);aucun indice fiable
a_preciser;indetermine;(sans nom);;non_indique;Ouèssè;Collines;;8.596971;2.547537;https://www.openstreetmap.org/way/803771190;cartographie collaborative (OSM);aucun indice fiable
superieur_ou_formation;enseignement_superieur_ou_formation;(sans nom);;non_indique;Ouèssè;Collines;;8.606961;2.557291;https://www.openstreetmap.org/way/803771201;cartographie collaborative (OSM);attribut amenity=college
a_preciser;indetermine;(sans nom);;non_indique;Ouèssè;Collines;;8.590088;2.559670;https://www.openstreetmap.org/way/803812677;cartographie collaborative (OSM);aucun indice fiable
a_preciser;indetermine;(sans nom);;non_indique;Ouèssè;Collines;;8.498291;2.409758;https://www.openstreetmap.org/way/803829722;cartographie collaborative (OSM);aucun indice fiable
a_preciser;indetermine;(sans nom);;non_indique;Ouèssè;Collines;;8.541709;2.321514;https://www.openstreetmap.org/way/803836134;cartographie collaborative (OSM);aucun indice fiable
a_preciser;indetermine;École primaire publique d'Idadjo;;public;Ouèssè;Collines;;8.565437;2.242598;https://www.openstreetmap.org/way/803852912;cartographie collaborative (OSM);aucun indice fiable
a_preciser;indetermine;(sans nom);;non_indique;Ouèssè;Collines;;8.460247;2.339158;https://www.openstreetmap.org/way/804661604;cartographie collaborative (OSM);aucun indice fiable
a_preciser;indetermine;(sans nom);;non_indique;Ouèssè;Collines;;8.493134;2.345556;https://www.openstreetmap.org/way/804675381;cartographie collaborative (OSM);aucun indice fiable
a_preciser;indetermine;(sans nom);;non_indique;Ouèssè;Collines;;8.488556;2.353060;https://www.openstreetmap.org/way/805250237;cartographie collaborative (OSM);aucun indice fiable
a_preciser;indetermine;(sans nom);;non_indique;Ouèssè;Collines;;8.495040;2.357887;https://www.openstreetmap.org/way/805250243;cartographie collaborative (OSM);aucun indice fiable
a_preciser;indetermine;(sans nom);;non_indique;Ouèssè;Collines;;8.495858;2.376739;https://www.openstreetmap.org/way/805287515;cartographie collaborative (OSM);aucun indice fiable
a_preciser;indetermine;(sans nom);;non_indique;Ouèssè;Collines;;8.495927;2.366556;https://www.openstreetmap.org/way/805287525;cartographie collaborative (OSM);aucun indice fiable
superieur_ou_formation;enseignement_superieur_ou_formation;(sans nom);;non_indique;Ouèssè;Collines;;8.495219;2.363744;https://www.openstreetmap.org/way/805287527;cartographie collaborative (OSM);attribut amenity=college
a_preciser;indetermine;(sans nom);;non_indique;Ouèssè;Collines;;8.496139;2.402137;https://www.openstreetmap.org/way/805296791;cartographie collaborative (OSM);aucun indice fiable
a_preciser;indetermine;(sans nom);;non_indique;Ouèssè;Collines;;8.490133;2.422770;https://www.openstreetmap.org/way/805325859;cartographie collaborative (OSM);aucun indice fiable
superieur_ou_formation;enseignement_superieur_ou_formation;(sans nom);;non_indique;Ouèssè;Collines;;8.500178;2.424894;https://www.openstreetmap.org/way/805325868;cartographie collaborative (OSM);attribut amenity=college
a_preciser;indetermine;(sans nom);;non_indique;Ouèssè;Collines;;8.498606;2.420596;https://www.openstreetmap.org/way/805325870;cartographie collaborative (OSM);aucun indice fiable
a_preciser;indetermine;(sans nom);;non_indique;Ouèssè;Collines;;8.494312;2.416822;https://www.openstreetmap.org/way/805325888;cartographie collaborative (OSM);aucun indice fiable
a_preciser;indetermine;(sans nom);;non_indique;Ouèssè;Collines;;8.480449;2.445349;https://www.openstreetmap.org/way/805381479;cartographie collaborative (OSM);aucun indice fiable
a_preciser;indetermine;(sans nom);;non_indique;Ouèssè;Collines;;8.485424;2.430441;https://www.openstreetmap.org/way/805381481;cartographie collaborative (OSM);aucun indice fiable
a_preciser;indetermine;(sans nom);;non_indique;Ouèssè;Collines;;8.492209;2.416133;https://www.openstreetmap.org/way/805381491;cartographie collaborative (OSM);aucun indice fiable
a_preciser;indetermine;(sans nom);;non_indique;Ouèssè;Collines;;8.498453;2.428324;https://www.openstreetmap.org/way/805395251;cartographie collaborative (OSM);aucun indice fiable
a_preciser;indetermine;(sans nom);;non_indique;Ouèssè;Collines;;8.500490;2.412356;https://www.openstreetmap.org/way/805409275;cartographie collaborative (OSM);aucun indice fiable
superieur_ou_formation;enseignement_superieur_ou_formation;(sans nom);;non_indique;Ouèssè;Collines;;8.509554;2.407666;https://www.openstreetmap.org/way/805409277;cartographie collaborative (OSM);attribut amenity=college
a_preciser;indetermine;(sans nom);;non_indique;Ouèssè;Collines;;8.492940;2.432199;https://www.openstreetmap.org/way/805416799;cartographie collaborative (OSM);aucun indice fiable
a_preciser;indetermine;École primaire publique de N'Gbèhouédo-Routo;;public;Ouèssè;Collines;;8.591258;2.420792;https://www.openstreetmap.org/way/805457309;cartographie collaborative (OSM);aucun indice fiable
a_preciser;indetermine;(sans nom);;non_indique;Bassila;Donga;;9.006082;1.653889;https://www.openstreetmap.org/way/805948068;cartographie collaborative (OSM);aucun indice fiable
a_preciser;indetermine;(sans nom);;non_indique;Bassila;Donga;;9.010453;1.659767;https://www.openstreetmap.org/way/805948071;cartographie collaborative (OSM);aucun indice fiable
a_preciser;indetermine;(sans nom);;non_indique;Bassila;Donga;;9.001153;1.686061;https://www.openstreetmap.org/way/805963342;cartographie collaborative (OSM);aucun indice fiable
a_preciser;indetermine;(sans nom);;non_indique;Bassila;Donga;;9.001634;1.672155;https://www.openstreetmap.org/way/806021047;cartographie collaborative (OSM);aucun indice fiable
a_preciser;indetermine;(sans nom);;non_indique;Bassila;Donga;;8.995440;1.884154;https://www.openstreetmap.org/way/806054480;cartographie collaborative (OSM);aucun indice fiable
superieur_ou_formation;enseignement_superieur_ou_formation;(sans nom);;non_indique;Bassila;Donga;;8.995031;1.971633;https://www.openstreetmap.org/way/806060652;cartographie collaborative (OSM);attribut amenity=college
a_preciser;indetermine;(sans nom);;non_indique;Bassila;Donga;;8.993880;1.911502;https://www.openstreetmap.org/way/806060661;cartographie collaborative (OSM);aucun indice fiable
a_preciser;indetermine;(sans nom);;non_indique;Bassila;Donga;;9.072783;2.086818;https://www.openstreetmap.org/way/806117337;cartographie collaborative (OSM);aucun indice fiable
a_preciser;indetermine;(sans nom);;non_indique;Tchaourou;Borgou;;9.095460;2.099821;https://www.openstreetmap.org/way/806117342;cartographie collaborative (OSM);aucun indice fiable
a_preciser;indetermine;École primaire publique de Wari-Maro;;public;Tchaourou;Borgou;;9.166976;2.164379;https://www.openstreetmap.org/way/806135272;cartographie collaborative (OSM);aucun indice fiable
superieur_ou_formation;enseignement_superieur_ou_formation;(sans nom);;non_indique;Tchaourou;Borgou;;9.161329;2.146971;https://www.openstreetmap.org/way/806319112;cartographie collaborative (OSM);attribut amenity=college
a_preciser;indetermine;École primaire publique de Samba;;public;Tchaourou;Borgou;;9.184318;2.213005;https://www.openstreetmap.org/way/806327903;cartographie collaborative (OSM);aucun indice fiable
a_preciser;indetermine;École primaire publique d'Oubérou;;public;Tchaourou;Borgou;;9.210298;2.230194;https://www.openstreetmap.org/way/806331688;cartographie collaborative (OSM);aucun indice fiable
a_preciser;indetermine;(sans nom);;non_indique;Tchaourou;Borgou;;9.210632;2.318432;https://www.openstreetmap.org/way/806354888;cartographie collaborative (OSM);aucun indice fiable
a_preciser;indetermine;École primaire publique d'Angaradébou;;public;Tchaourou;Borgou;;9.207465;2.309324;https://www.openstreetmap.org/way/806354895;cartographie collaborative (OSM);aucun indice fiable
a_preciser;indetermine;École primaire publique de Sinahou;;public;Tchaourou;Borgou;;9.202625;2.255349;https://www.openstreetmap.org/way/806354904;cartographie collaborative (OSM);aucun indice fiable
a_preciser;indetermine;École primaire publique de Kika;;public;Tchaourou;Borgou;;9.225725;2.203628;https://www.openstreetmap.org/way/806363405;cartographie collaborative (OSM);aucun indice fiable
a_preciser;indetermine;École primaire publique de Kpéssou-Samali;;public;Tchaourou;Borgou;;9.267188;2.182514;https://www.openstreetmap.org/way/806365529;cartographie collaborative (OSM);aucun indice fiable
secondaire_general;college;Collège d'enseignement secondaire Kpéssou;;non_indique;Tchaourou;Borgou;;9.284755;2.182693;https://www.openstreetmap.org/way/806378439;cartographie collaborative (OSM);nom : collège
a_preciser;indetermine;École primaire publique de Banigri;;public;Tchaourou;Borgou;;9.159737;2.314522;https://www.openstreetmap.org/way/806493272;cartographie collaborative (OSM);aucun indice fiable
a_preciser;indetermine;(sans nom);;non_indique;Tchaourou;Borgou;;9.187141;2.318680;https://www.openstreetmap.org/way/806496555;cartographie collaborative (OSM);aucun indice fiable
a_preciser;indetermine;Écoleprimaire publique de Gbétébou;;public;Tchaourou;Borgou;;9.240044;2.360148;https://www.openstreetmap.org/way/806820708;cartographie collaborative (OSM);aucun indice fiable
a_preciser;indetermine;École primaire publique de Kpassatona;;public;Tchaourou;Borgou;;9.234234;2.348871;https://www.openstreetmap.org/way/806820720;cartographie collaborative (OSM);aucun indice fiable
a_preciser;indetermine;École primaire publique de Téou-Kpara;;public;Tchaourou;Borgou;;9.265439;2.409554;https://www.openstreetmap.org/way/807581884;cartographie collaborative (OSM);aucun indice fiable
a_preciser;indetermine;École primaire publique de Sanson;;public;Tchaourou;Borgou;;9.277819;2.432332;https://www.openstreetmap.org/way/807734060;cartographie collaborative (OSM);aucun indice fiable
a_preciser;indetermine;(sans nom);;non_indique;Tchaourou;Borgou;;9.043824;2.392005;https://www.openstreetmap.org/way/807770476;cartographie collaborative (OSM);aucun indice fiable
a_preciser;indetermine;(sans nom);;non_indique;Tchaourou;Borgou;;9.024596;2.400920;https://www.openstreetmap.org/way/807770506;cartographie collaborative (OSM);aucun indice fiable
a_preciser;indetermine;École primaire publique de Koda;;public;Tchaourou;Borgou;;8.855949;2.288160;https://www.openstreetmap.org/way/807878493;cartographie collaborative (OSM);aucun indice fiable
superieur_ou_formation;enseignement_superieur_ou_formation;(sans nom);;non_indique;Tchaourou;Borgou;;8.839800;2.288926;https://www.openstreetmap.org/way/807964277;cartographie collaborative (OSM);attribut amenity=college
a_preciser;indetermine;(sans nom);;non_indique;Tchaourou;Borgou;;8.832656;2.286227;https://www.openstreetmap.org/way/807964295;cartographie collaborative (OSM);aucun indice fiable
a_preciser;indetermine;(sans nom);;non_indique;Tchaourou;Borgou;;8.816386;2.564820;https://www.openstreetmap.org/way/807990026;cartographie collaborative (OSM);aucun indice fiable
a_preciser;indetermine;École primaire publique de Botti-Houégbo;;public;Ouèssè;Collines;;8.384423;2.558960;https://www.openstreetmap.org/way/808107495;cartographie collaborative (OSM);aucun indice fiable
a_preciser;indetermine;(sans nom);;non_indique;Ouèssè;Collines;;8.400886;2.594367;https://www.openstreetmap.org/way/808126426;cartographie collaborative (OSM);aucun indice fiable
a_preciser;indetermine;(sans nom);;non_indique;Ouèssè;Collines;;8.402936;2.586552;https://www.openstreetmap.org/way/808126448;cartographie collaborative (OSM);aucun indice fiable
superieur_ou_formation;enseignement_superieur_ou_formation;(sans nom);;non_indique;Ouèssè;Collines;;8.412963;2.596032;https://www.openstreetmap.org/way/808157143;cartographie collaborative (OSM);attribut amenity=college
a_preciser;indetermine;(sans nom);;non_indique;Ouèssè;Collines;;8.405605;2.591903;https://www.openstreetmap.org/way/808272696;cartographie collaborative (OSM);aucun indice fiable
a_preciser;indetermine;(sans nom);;non_indique;Ouèssè;Collines;;8.402863;2.615881;https://www.openstreetmap.org/way/808272701;cartographie collaborative (OSM);aucun indice fiable
a_preciser;indetermine;(sans nom);;non_indique;Ouèssè;Collines;;8.397247;2.616758;https://www.openstreetmap.org/way/808272705;cartographie collaborative (OSM);aucun indice fiable
secondaire_general;ceg;CEG de Kokoro;;public;Ouèssè;Collines;;8.408975;2.610719;https://www.openstreetmap.org/way/808272716;cartographie collaborative (OSM);nom : CEG
a_preciser;indetermine;(sans nom);;non_indique;Ouèssè;Collines;;8.388432;2.623462;https://www.openstreetmap.org/way/808300591;cartographie collaborative (OSM);aucun indice fiable
a_preciser;indetermine;École primaire publique de Gbédé;;public;Ouèssè;Collines;;8.343007;2.588090;https://www.openstreetmap.org/way/808322410;cartographie collaborative (OSM);aucun indice fiable
a_preciser;indetermine;(sans nom);;non_indique;Ouèssè;Collines;;8.437977;2.576786;https://www.openstreetmap.org/way/808361159;cartographie collaborative (OSM);aucun indice fiable
a_preciser;indetermine;École primaire publique d'Agboro-Kombon;;public;Ouèssè;Collines;;8.456961;2.592552;https://www.openstreetmap.org/way/808371764;cartographie collaborative (OSM);aucun indice fiable
a_preciser;indetermine;(sans nom);;non_indique;Ouèssè;Collines;;8.487061;2.613818;https://www.openstreetmap.org/way/808396296;cartographie collaborative (OSM);aucun indice fiable
a_preciser;indetermine;(sans nom);;non_indique;Ouèssè;Collines;;8.490154;2.602071;https://www.openstreetmap.org/way/808413121;cartographie collaborative (OSM);aucun indice fiable
a_preciser;indetermine;(sans nom);;non_indique;Ouèssè;Collines;;8.545854;2.631171;https://www.openstreetmap.org/way/808470408;cartographie collaborative (OSM);aucun indice fiable
superieur_ou_formation;enseignement_superieur_ou_formation;(sans nom);;non_indique;Ouèssè;Collines;;8.548228;2.603577;https://www.openstreetmap.org/way/808470417;cartographie collaborative (OSM);attribut amenity=college
a_preciser;indetermine;(sans nom);;non_indique;Ouèssè;Collines;;8.550273;2.606812;https://www.openstreetmap.org/way/808470418;cartographie collaborative (OSM);aucun indice fiable
a_preciser;indetermine;(sans nom);;non_indique;Ouèssè;Collines;;8.574253;2.595562;https://www.openstreetmap.org/way/808474629;cartographie collaborative (OSM);aucun indice fiable
a_preciser;indetermine;École primaire publique d'Okounfo;;public;Savè;Collines;;8.313235;2.643422;https://www.openstreetmap.org/way/808558077;cartographie collaborative (OSM);aucun indice fiable
a_preciser;indetermine;École primaire publique de Gogoro;;public;Savè;Collines;;8.276723;2.646805;https://www.openstreetmap.org/way/808679036;cartographie collaborative (OSM);aucun indice fiable
superieur_ou_formation;enseignement_superieur_ou_formation;(sans nom);;non_indique;Savè;Collines;;8.299418;2.647896;https://www.openstreetmap.org/way/808679041;cartographie collaborative (OSM);attribut amenity=college
a_preciser;indetermine;(sans nom);;non_indique;Savè;Collines;;8.243717;2.684255;https://www.openstreetmap.org/way/808713984;cartographie collaborative (OSM);aucun indice fiable
superieur_ou_formation;enseignement_superieur_ou_formation;(sans nom);;non_indique;Savè;Collines;;8.244471;2.682324;https://www.openstreetmap.org/way/808713985;cartographie collaborative (OSM);attribut amenity=college
a_preciser;indetermine;École primaire publique de Tchayagbangba;;public;Savè;Collines;;8.245721;2.647954;https://www.openstreetmap.org/way/808713993;cartographie collaborative (OSM);aucun indice fiable
a_preciser;indetermine;École primaire publique de Kpanla;;public;Savè;Collines;;8.051242;2.653357;https://www.openstreetmap.org/way/808793068;cartographie collaborative (OSM);aucun indice fiable
a_preciser;indetermine;École primaire publique de Gbéré;;public;Savè;Collines;;8.036084;2.577034;https://www.openstreetmap.org/way/808793073;cartographie collaborative (OSM);aucun indice fiable
a_preciser;indetermine;(sans nom);;non_indique;Savè;Collines;;8.022799;2.505706;https://www.openstreetmap.org/way/808793079;cartographie collaborative (OSM);aucun indice fiable
a_preciser;indetermine;(sans nom);;non_indique;Savè;Collines;;8.058193;2.707717;https://www.openstreetmap.org/way/808798354;cartographie collaborative (OSM);aucun indice fiable
a_preciser;indetermine;(sans nom);;non_indique;Savè;Collines;;8.048661;2.709016;https://www.openstreetmap.org/way/808798359;cartographie collaborative (OSM);aucun indice fiable
superieur_ou_formation;enseignement_superieur_ou_formation;(sans nom);;non_indique;Savè;Collines;;8.046572;2.698297;https://www.openstreetmap.org/way/808798368;cartographie collaborative (OSM);attribut amenity=college
a_preciser;indetermine;(sans nom);;non_indique;Savè;Collines;;8.036893;2.474753;https://www.openstreetmap.org/way/808862888;cartographie collaborative (OSM);aucun indice fiable
a_preciser;indetermine;(sans nom);;non_indique;Savè;Collines;;8.025671;2.497364;https://www.openstreetmap.org/way/808862917;cartographie collaborative (OSM);aucun indice fiable
superieur_ou_formation;enseignement_superieur_ou_formation;(sans nom);;non_indique;Savè;Collines;;8.033869;2.484274;https://www.openstreetmap.org/way/808862946;cartographie collaborative (OSM);attribut amenity=college
a_preciser;indetermine;(sans nom);;non_indique;Savè;Collines;;8.023420;2.472479;https://www.openstreetmap.org/way/808862998;cartographie collaborative (OSM);aucun indice fiable
a_preciser;indetermine;(sans nom);;non_indique;Savè;Collines;;8.021401;2.391901;https://www.openstreetmap.org/way/808876517;cartographie collaborative (OSM);aucun indice fiable
a_preciser;indetermine;École primaire publique d'Atchakpa;;public;Savè;Collines;;8.014403;2.393035;https://www.openstreetmap.org/way/808876521;cartographie collaborative (OSM);aucun indice fiable
a_preciser;indetermine;(sans nom);;non_indique;Savè;Collines;;8.009047;2.402954;https://www.openstreetmap.org/way/808876522;cartographie collaborative (OSM);aucun indice fiable
a_preciser;indetermine;(sans nom);;non_indique;Glazoué;Collines;;7.921924;2.314652;https://www.openstreetmap.org/way/808886194;cartographie collaborative (OSM);aucun indice fiable
a_preciser;indetermine;(sans nom);;non_indique;Glazoué;Collines;;7.951218;2.298480;https://www.openstreetmap.org/way/808886195;cartographie collaborative (OSM);aucun indice fiable
a_preciser;indetermine;(sans nom);;non_indique;Glazoué;Collines;;7.976440;2.276917;https://www.openstreetmap.org/way/808886198;cartographie collaborative (OSM);aucun indice fiable
a_preciser;indetermine;(sans nom);;non_indique;Glazoué;Collines;;8.006966;2.328981;https://www.openstreetmap.org/way/808886201;cartographie collaborative (OSM);aucun indice fiable
a_preciser;indetermine;École primaire publique de Béthel;;public;Glazoué;Collines;;8.010485;2.364552;https://www.openstreetmap.org/way/808886205;cartographie collaborative (OSM);aucun indice fiable
a_preciser;indetermine;(sans nom);;non_indique;Savè;Collines;;8.002077;2.410887;https://www.openstreetmap.org/way/808886210;cartographie collaborative (OSM);aucun indice fiable
a_preciser;indetermine;(sans nom);;non_indique;Glazoué;Collines;;8.060607;2.329940;https://www.openstreetmap.org/way/809057988;cartographie collaborative (OSM);aucun indice fiable
a_preciser;indetermine;(sans nom);;non_indique;Glazoué;Collines;;8.065344;2.335229;https://www.openstreetmap.org/way/809057997;cartographie collaborative (OSM);aucun indice fiable
a_preciser;indetermine;(sans nom);;non_indique;Glazoué;Collines;;8.068992;2.341229;https://www.openstreetmap.org/way/809058006;cartographie collaborative (OSM);aucun indice fiable
a_preciser;indetermine;(sans nom);;non_indique;Glazoué;Collines;;8.055841;2.355372;https://www.openstreetmap.org/way/809062654;cartographie collaborative (OSM);aucun indice fiable
a_preciser;indetermine;École primaire publique de Boubou;;public;Savè;Collines;;8.113225;2.441387;https://www.openstreetmap.org/way/809115504;cartographie collaborative (OSM);aucun indice fiable
a_preciser;indetermine;École primaire publique de Houyin-Sègbèya;;public;Glazoué;Collines;;8.164986;2.353586;https://www.openstreetmap.org/way/809129544;cartographie collaborative (OSM);aucun indice fiable
a_preciser;indetermine;(sans nom);;non_indique;Glazoué;Collines;;7.979901;2.290891;https://www.openstreetmap.org/way/809164007;cartographie collaborative (OSM);aucun indice fiable
superieur_ou_formation;enseignement_superieur_ou_formation;(sans nom);;non_indique;Glazoué;Collines;;7.988324;2.288249;https://www.openstreetmap.org/way/809164011;cartographie collaborative (OSM);attribut amenity=college
a_preciser;indetermine;École primaire publique de Zouto;;public;Dassa-Zoumè;Collines;;7.568907;2.139370;https://www.openstreetmap.org/way/809180912;cartographie collaborative (OSM);aucun indice fiable
a_preciser;indetermine;École primaire publique de Gbédavo;;public;Dassa-Zoumè;Collines;;7.632136;2.167421;https://www.openstreetmap.org/way/809185422;cartographie collaborative (OSM);aucun indice fiable
a_preciser;indetermine;École primaire publique de Yawa;;public;Dassa-Zoumè;Collines;;7.589516;2.163121;https://www.openstreetmap.org/way/809191819;cartographie collaborative (OSM);aucun indice fiable
superieur_ou_formation;enseignement_superieur_ou_formation;(sans nom);;non_indique;Dassa-Zoumè;Collines;;7.599162;2.174378;https://www.openstreetmap.org/way/809191822;cartographie collaborative (OSM);attribut amenity=college
a_preciser;indetermine;École primaire publique de Hounkpogon;;public;Dassa-Zoumè;Collines;;7.605242;2.177811;https://www.openstreetmap.org/way/809191823;cartographie collaborative (OSM);aucun indice fiable
superieur_ou_formation;enseignement_superieur_ou_formation;(sans nom);;non_indique;Djidja;Zou;;7.492159;2.070239;https://www.openstreetmap.org/way/809202793;cartographie collaborative (OSM);attribut amenity=college
a_preciser;indetermine;(sans nom);;non_indique;Djidja;Zou;;7.501824;2.071905;https://www.openstreetmap.org/way/809202796;cartographie collaborative (OSM);aucun indice fiable
a_preciser;indetermine;(sans nom);;non_indique;Djidja;Zou;;7.434889;2.069476;https://www.openstreetmap.org/way/809206031;cartographie collaborative (OSM);aucun indice fiable
a_preciser;indetermine;(sans nom);;non_indique;Djidja;Zou;;7.454112;2.067468;https://www.openstreetmap.org/way/809206032;cartographie collaborative (OSM);aucun indice fiable
a_preciser;indetermine;(sans nom);;non_indique;Djidja;Zou;;7.344838;2.075134;https://www.openstreetmap.org/way/809213957;cartographie collaborative (OSM);aucun indice fiable
a_preciser;indetermine;(sans nom);;non_indique;Djidja;Zou;;7.372148;2.075741;https://www.openstreetmap.org/way/809213962;cartographie collaborative (OSM);aucun indice fiable
a_preciser;indetermine;École primaire publique de Dridji;;public;Djidja;Zou;;7.390198;2.075597;https://www.openstreetmap.org/way/809213964;cartographie collaborative (OSM);aucun indice fiable
a_preciser;indetermine;École primaire publique de Daanon Kpota;;public;Djidja;Zou;;7.414864;2.068269;https://www.openstreetmap.org/way/809213969;cartographie collaborative (OSM);aucun indice fiable
a_preciser;indetermine;École primaire publique d'Asségon;;public;Djidja;Zou;;7.405633;2.089532;https://www.openstreetmap.org/way/809238634;cartographie collaborative (OSM);aucun indice fiable
a_preciser;indetermine;École primaire publique de Kakèkanmè;;public;Djidja;Zou;;7.357105;2.059347;https://www.openstreetmap.org/way/809255525;cartographie collaborative (OSM);aucun indice fiable
a_preciser;indetermine;École primaire publique de Bookou;;public;Djidja;Zou;;7.375876;2.047543;https://www.openstreetmap.org/way/809255530;cartographie collaborative (OSM);aucun indice fiable
a_preciser;indetermine;(sans nom);;non_indique;Djidja;Zou;;7.321383;2.080850;https://www.openstreetmap.org/way/809265907;cartographie collaborative (OSM);aucun indice fiable
a_preciser;indetermine;École primaire publique de Dantota;;public;Djidja;Zou;;7.306028;2.086443;https://www.openstreetmap.org/way/809431335;cartographie collaborative (OSM);aucun indice fiable
a_preciser;indetermine;(sans nom);;non_indique;Za-Kpota;Zou;;7.275417;2.172021;https://www.openstreetmap.org/way/809444617;cartographie collaborative (OSM);aucun indice fiable
a_preciser;indetermine;(sans nom);;non_indique;Za-Kpota;Zou;;7.282572;2.159440;https://www.openstreetmap.org/way/809444618;cartographie collaborative (OSM);aucun indice fiable
a_preciser;indetermine;(sans nom);;non_indique;Za-Kpota;Zou;;7.289915;2.153605;https://www.openstreetmap.org/way/809444619;cartographie collaborative (OSM);aucun indice fiable
a_preciser;indetermine;École primaire publique de Tandji;;public;Za-Kpota;Zou;;7.300206;2.158073;https://www.openstreetmap.org/way/809444622;cartographie collaborative (OSM);aucun indice fiable
superieur_ou_formation;enseignement_superieur_ou_formation;(sans nom);;non_indique;Za-Kpota;Zou;;7.292985;2.128706;https://www.openstreetmap.org/way/809444632;cartographie collaborative (OSM);attribut amenity=college
a_preciser;indetermine;École primaire publique de Tangbé;;public;Djidja;Zou;;7.296215;2.105389;https://www.openstreetmap.org/way/809444652;cartographie collaborative (OSM);aucun indice fiable
a_preciser;indetermine;(sans nom);;non_indique;Za-Kpota;Zou;;7.266055;2.144539;https://www.openstreetmap.org/way/809451149;cartographie collaborative (OSM);aucun indice fiable
a_preciser;indetermine;(sans nom);;non_indique;Za-Kpota;Zou;;7.264703;2.161421;https://www.openstreetmap.org/way/809451152;cartographie collaborative (OSM);aucun indice fiable
a_preciser;indetermine;(sans nom);;non_indique;Za-Kpota;Zou;;7.270705;2.128994;https://www.openstreetmap.org/way/809454348;cartographie collaborative (OSM);aucun indice fiable
a_preciser;indetermine;Ecole Urbaine Centre de Bohicon;;public;Bohicon;Zou;;7.177145;2.063256;https://www.openstreetmap.org/way/809470359;cartographie collaborative (OSM);aucun indice fiable
a_preciser;indetermine;École primaire publique de Zakpo;;public;Bohicon;Zou;;7.189176;2.068070;https://www.openstreetmap.org/way/809470367;cartographie collaborative (OSM);aucun indice fiable
a_preciser;indetermine;(sans nom);;non_indique;Zogbodomey;Zou;;7.042427;2.101212;https://www.openstreetmap.org/way/809555524;cartographie collaborative (OSM);aucun indice fiable
a_preciser;indetermine;(sans nom);;non_indique;Zogbodomey;Zou;;7.055577;2.096447;https://www.openstreetmap.org/way/809555532;cartographie collaborative (OSM);aucun indice fiable
a_preciser;indetermine;(sans nom);;non_indique;Zogbodomey;Zou;;7.020723;2.112013;https://www.openstreetmap.org/way/809558099;cartographie collaborative (OSM);aucun indice fiable
a_preciser;indetermine;(sans nom);;non_indique;Zogbodomey;Zou;;7.023470;2.125514;https://www.openstreetmap.org/way/809559938;cartographie collaborative (OSM);aucun indice fiable
a_preciser;indetermine;(sans nom);;non_indique;Zogbodomey;Zou;;7.020768;2.164738;https://www.openstreetmap.org/way/809562670;cartographie collaborative (OSM);aucun indice fiable
a_preciser;indetermine;École primaire publique d'Agadjaligbo;;public;Zogbodomey;Zou;;6.981652;2.125509;https://www.openstreetmap.org/way/809578105;cartographie collaborative (OSM);aucun indice fiable
a_preciser;indetermine;(sans nom);;non_indique;Zogbodomey;Zou;;7.010311;2.153935;https://www.openstreetmap.org/way/809578115;cartographie collaborative (OSM);aucun indice fiable
a_preciser;indetermine;(sans nom);;non_indique;Zogbodomey;Zou;;7.005405;2.103009;https://www.openstreetmap.org/way/809584033;cartographie collaborative (OSM);aucun indice fiable
a_preciser;indetermine;École primaire publique de Dan-Zoukoutoudja;;public;Zogbodomey;Zou;;6.999680;2.100674;https://www.openstreetmap.org/way/809584035;cartographie collaborative (OSM);aucun indice fiable
primaire;ecole_primaire;EPP Zogbodomey;;public;Zogbodomey;Zou;;6.972629;2.238548;https://www.openstreetmap.org/way/809591361;cartographie collaborative (OSM);nom : école primaire
a_preciser;indetermine;(sans nom);;non_indique;Zogbodomey;Zou;;7.098167;2.108898;https://www.openstreetmap.org/way/809610065;cartographie collaborative (OSM);aucun indice fiable
superieur_ou_formation;enseignement_superieur_ou_formation;(sans nom);;non_indique;Zogbodomey;Zou;;7.085613;2.126835;https://www.openstreetmap.org/way/809610069;cartographie collaborative (OSM);attribut amenity=college
superieur_ou_formation;enseignement_superieur_ou_formation;(sans nom);;non_indique;Zogbodomey;Zou;;7.105348;2.135489;https://www.openstreetmap.org/way/809610075;cartographie collaborative (OSM);attribut amenity=college
superieur_ou_formation;enseignement_superieur_ou_formation;(sans nom);;non_indique;Zogbodomey;Zou;;7.099386;2.152081;https://www.openstreetmap.org/way/809610076;cartographie collaborative (OSM);attribut amenity=college
a_preciser;indetermine;(sans nom);;non_indique;Zogbodomey;Zou;;6.994800;2.214500;https://www.openstreetmap.org/way/809922329;cartographie collaborative (OSM);aucun indice fiable
secondaire_general;ceg;CEG Massi;;public;Zogbodomey;Zou;;6.981946;2.226102;https://www.openstreetmap.org/way/809922339;cartographie collaborative (OSM);nom : CEG
a_preciser;indetermine;(sans nom);;non_indique;Zogbodomey;Zou;;6.988851;2.223892;https://www.openstreetmap.org/way/809922351;cartographie collaborative (OSM);aucun indice fiable
a_preciser;indetermine;(sans nom);;non_indique;Zogbodomey;Zou;;7.006299;2.250249;https://www.openstreetmap.org/way/809926791;cartographie collaborative (OSM);aucun indice fiable
a_preciser;indetermine;(sans nom);;non_indique;Zogbodomey;Zou;;6.996559;2.238769;https://www.openstreetmap.org/way/809926801;cartographie collaborative (OSM);aucun indice fiable
a_preciser;indetermine;(sans nom);;non_indique;Agbangnizoun;Zou;;7.065145;2.009019;https://www.openstreetmap.org/way/809970612;cartographie collaborative (OSM);aucun indice fiable
a_preciser;indetermine;(sans nom);;non_indique;Agbangnizoun;Zou;;7.025862;1.976290;https://www.openstreetmap.org/way/809978946;cartographie collaborative (OSM);aucun indice fiable
superieur_ou_formation;enseignement_superieur_ou_formation;(sans nom);;non_indique;Agbangnizoun;Zou;;7.040014;1.971491;https://www.openstreetmap.org/way/809978950;cartographie collaborative (OSM);attribut amenity=college
a_preciser;indetermine;(sans nom);;non_indique;Agbangnizoun;Zou;;7.055978;2.010753;https://www.openstreetmap.org/way/809978953;cartographie collaborative (OSM);aucun indice fiable
superieur_ou_formation;enseignement_superieur_ou_formation;(sans nom);;non_indique;Agbangnizoun;Zou;;7.064733;2.004841;https://www.openstreetmap.org/way/809978954;cartographie collaborative (OSM);attribut amenity=college
a_preciser;indetermine;(sans nom);;non_indique;Lalo;Couffo;;6.978090;1.948086;https://www.openstreetmap.org/way/809980570;cartographie collaborative (OSM);aucun indice fiable
superieur_ou_formation;enseignement_superieur_ou_formation;(sans nom);;non_indique;Agbangnizoun;Zou;;7.078817;1.970194;https://www.openstreetmap.org/way/810015143;cartographie collaborative (OSM);attribut amenity=college
a_preciser;indetermine;(sans nom);;non_indique;Abomey;Zou;;7.131417;1.982583;https://www.openstreetmap.org/way/810024742;cartographie collaborative (OSM);aucun indice fiable
a_preciser;indetermine;École primaire publique Lebou ABC;;public;Ouidah;Atlantique;;6.365286;2.077182;https://www.openstreetmap.org/way/810523362;cartographie collaborative (OSM);aucun indice fiable
a_preciser;indetermine;(sans nom);;non_indique;Ouidah;Atlantique;;6.370093;2.078284;https://www.openstreetmap.org/way/810523372;cartographie collaborative (OSM);aucun indice fiable
a_preciser;indetermine;École primaire publique d'Ewe-Condji;;public;Grand-Popo;Mono;;6.274989;1.791367;https://www.openstreetmap.org/way/810672983;cartographie collaborative (OSM);aucun indice fiable
a_preciser;indetermine;(sans nom);;non_indique;Grand-Popo;Mono;;6.277977;1.801997;https://www.openstreetmap.org/way/810688558;cartographie collaborative (OSM);aucun indice fiable
a_preciser;indetermine;École primaire publique de Gnigbohoué Tionou;;public;Grand-Popo;Mono;;6.299576;1.921379;https://www.openstreetmap.org/way/810720991;cartographie collaborative (OSM);aucun indice fiable
a_preciser;indetermine;(sans nom);;non_indique;Comè;Mono;;6.385539;1.902625;https://www.openstreetmap.org/way/810742857;cartographie collaborative (OSM);aucun indice fiable
superieur_ou_formation;enseignement_superieur_ou_formation;(sans nom);;non_indique;Grand-Popo;Mono;;6.399975;1.813943;https://www.openstreetmap.org/way/810769438;cartographie collaborative (OSM);attribut amenity=college
a_preciser;indetermine;(sans nom);;non_indique;Grand-Popo;Mono;;6.382542;1.816690;https://www.openstreetmap.org/way/810769442;cartographie collaborative (OSM);aucun indice fiable
a_preciser;indetermine;(sans nom);;non_indique;Grand-Popo;Mono;;6.386527;1.800921;https://www.openstreetmap.org/way/810769443;cartographie collaborative (OSM);aucun indice fiable
a_preciser;indetermine;Gbéhouédji;;non_indique;Grand-Popo;Mono;;6.358541;1.821386;https://www.openstreetmap.org/way/810769446;cartographie collaborative (OSM);aucun indice fiable
superieur_ou_formation;enseignement_superieur_ou_formation;(sans nom);;non_indique;Grand-Popo;Mono;;6.449428;1.801023;https://www.openstreetmap.org/way/812398494;cartographie collaborative (OSM);attribut amenity=college
a_preciser;indetermine;(sans nom);;non_indique;Comè;Mono;;6.436372;1.844854;https://www.openstreetmap.org/way/812398495;cartographie collaborative (OSM);aucun indice fiable
a_preciser;indetermine;(sans nom);;non_indique;Houéyogbé;Mono;;6.483441;1.792182;https://www.openstreetmap.org/way/812403341;cartographie collaborative (OSM);aucun indice fiable
a_preciser;indetermine;(sans nom);;non_indique;Houéyogbé;Mono;;6.579663;1.853140;https://www.openstreetmap.org/way/812500815;cartographie collaborative (OSM);aucun indice fiable
a_preciser;indetermine;(sans nom);;non_indique;Houéyogbé;Mono;;6.570315;1.864577;https://www.openstreetmap.org/way/812500825;cartographie collaborative (OSM);aucun indice fiable
a_preciser;indetermine;(sans nom);;non_indique;Houéyogbé;Mono;;6.567775;1.859231;https://www.openstreetmap.org/way/812500827;cartographie collaborative (OSM);aucun indice fiable
a_preciser;indetermine;École primaire publique de Gavè;;public;Houéyogbé;Mono;;6.550145;1.895976;https://www.openstreetmap.org/way/812521482;cartographie collaborative (OSM);aucun indice fiable
a_preciser;indetermine;(sans nom);;non_indique;Bopa;Mono;;6.591047;1.958916;https://www.openstreetmap.org/way/812533004;cartographie collaborative (OSM);aucun indice fiable
a_preciser;indetermine;(sans nom);;non_indique;Bopa;Mono;;6.582718;1.922559;https://www.openstreetmap.org/way/812533005;cartographie collaborative (OSM);aucun indice fiable
a_preciser;indetermine;École primaire publique de Tokpoè;;public;Bopa;Mono;;6.590658;1.939334;https://www.openstreetmap.org/way/812533006;cartographie collaborative (OSM);aucun indice fiable
a_preciser;indetermine;(sans nom);;non_indique;Bopa;Mono;;6.603598;1.938893;https://www.openstreetmap.org/way/812559935;cartographie collaborative (OSM);aucun indice fiable
a_preciser;indetermine;(sans nom);;non_indique;Bopa;Mono;;6.716499;1.846403;https://www.openstreetmap.org/way/812564459;cartographie collaborative (OSM);aucun indice fiable
a_preciser;indetermine;(sans nom);;non_indique;Lokossa;Mono;;6.729927;1.826764;https://www.openstreetmap.org/way/812567635;cartographie collaborative (OSM);aucun indice fiable
a_preciser;indetermine;(sans nom);;non_indique;Bopa;Mono;;6.544189;1.969479;https://www.openstreetmap.org/way/812589504;cartographie collaborative (OSM);aucun indice fiable
a_preciser;indetermine;(sans nom);;non_indique;Bopa;Mono;;6.566005;1.962281;https://www.openstreetmap.org/way/812602480;cartographie collaborative (OSM);aucun indice fiable
a_preciser;indetermine;(sans nom);;non_indique;Comè;Mono;;6.363144;1.914125;https://www.openstreetmap.org/way/812654175;cartographie collaborative (OSM);aucun indice fiable
a_preciser;indetermine;(sans nom);;non_indique;Grand-Popo;Mono;;6.359258;1.894645;https://www.openstreetmap.org/way/812819801;cartographie collaborative (OSM);aucun indice fiable
a_preciser;indetermine;École primaire publique de Linton;;public;Grand-Popo;Mono;;6.358442;1.856070;https://www.openstreetmap.org/way/812819803;cartographie collaborative (OSM);aucun indice fiable
superieur_ou_formation;enseignement_superieur_ou_formation;(sans nom);;non_indique;Grand-Popo;Mono;;6.350233;1.836733;https://www.openstreetmap.org/way/812831257;cartographie collaborative (OSM);attribut amenity=college
a_preciser;indetermine;(sans nom);;non_indique;Grand-Popo;Mono;;6.358452;1.840522;https://www.openstreetmap.org/way/812831260;cartographie collaborative (OSM);aucun indice fiable
a_preciser;indetermine;(sans nom);;non_indique;Grand-Popo;Mono;;6.341444;1.836415;https://www.openstreetmap.org/way/812875153;cartographie collaborative (OSM);aucun indice fiable
a_preciser;indetermine;(sans nom);;non_indique;Grand-Popo;Mono;;6.316306;1.798164;https://www.openstreetmap.org/way/812922374;cartographie collaborative (OSM);aucun indice fiable
a_preciser;indetermine;(sans nom);;non_indique;Grand-Popo;Mono;;6.354114;1.790434;https://www.openstreetmap.org/way/812927485;cartographie collaborative (OSM);aucun indice fiable
a_preciser;indetermine;(sans nom);;non_indique;Grand-Popo;Mono;;6.371405;1.799851;https://www.openstreetmap.org/way/812929670;cartographie collaborative (OSM);aucun indice fiable
a_preciser;indetermine;École primaire publique d'Ayiguinnou;;public;Grand-Popo;Mono;;6.261447;1.745067;https://www.openstreetmap.org/way/813077499;cartographie collaborative (OSM);aucun indice fiable
a_preciser;indetermine;(sans nom);;non_indique;Grand-Popo;Mono;;6.256839;1.714700;https://www.openstreetmap.org/way/813095335;cartographie collaborative (OSM);aucun indice fiable
a_preciser;indetermine;(sans nom);;non_indique;Grand-Popo;Mono;;6.266675;1.764234;https://www.openstreetmap.org/way/813095348;cartographie collaborative (OSM);aucun indice fiable
superieur_ou_formation;enseignement_superieur_ou_formation;(sans nom);;non_indique;Grand-Popo;Mono;;6.252212;1.687898;https://www.openstreetmap.org/way/813104326;cartographie collaborative (OSM);attribut amenity=college
a_preciser;indetermine;École primaire publique de Klignontin;;public;Grand-Popo;Mono;;6.287134;1.872655;https://www.openstreetmap.org/way/813192412;cartographie collaborative (OSM);aucun indice fiable
a_preciser;indetermine;(sans nom);;non_indique;Comè;Mono;;6.455629;1.916294;https://www.openstreetmap.org/way/813508496;cartographie collaborative (OSM);aucun indice fiable
a_preciser;indetermine;(sans nom);;non_indique;Comè;Mono;;6.436603;1.902011;https://www.openstreetmap.org/way/813508511;cartographie collaborative (OSM);aucun indice fiable
a_preciser;indetermine;(sans nom);;non_indique;Kpomassè;Atlantique;;6.464510;1.993029;https://www.openstreetmap.org/way/813851695;cartographie collaborative (OSM);aucun indice fiable
a_preciser;indetermine;(sans nom);;non_indique;Kpomassè;Atlantique;;6.467952;2.007073;https://www.openstreetmap.org/way/813851696;cartographie collaborative (OSM);aucun indice fiable
primaire;ecole_primaire;EPP Kpétékan;;public;Comè;Mono;;6.493850;1.952654;https://www.openstreetmap.org/way/813851697;cartographie collaborative (OSM);nom : école primaire
a_preciser;indetermine;Séminaire;;non_indique;Kpomassè;Atlantique;;6.434684;1.969348;https://www.openstreetmap.org/way/813851719;cartographie collaborative (OSM);aucun indice fiable
a_preciser;indetermine;(sans nom);;non_indique;Kpomassè;Atlantique;;6.449219;1.993658;https://www.openstreetmap.org/way/813851723;cartographie collaborative (OSM);aucun indice fiable
superieur_ou_formation;enseignement_superieur_ou_formation;(sans nom);;non_indique;Kpomassè;Atlantique;;6.442878;2.011484;https://www.openstreetmap.org/way/813851734;cartographie collaborative (OSM);attribut amenity=college
a_preciser;indetermine;(sans nom);;non_indique;Kpomassè;Atlantique;;6.406072;1.961660;https://www.openstreetmap.org/way/813851741;cartographie collaborative (OSM);aucun indice fiable
a_preciser;indetermine;(sans nom);;non_indique;Kpomassè;Atlantique;;6.372805;1.964681;https://www.openstreetmap.org/way/813890907;cartographie collaborative (OSM);aucun indice fiable
a_preciser;indetermine;(sans nom);;non_indique;Kpomassè;Atlantique;;6.398987;1.975849;https://www.openstreetmap.org/way/813890912;cartographie collaborative (OSM);aucun indice fiable
a_preciser;indetermine;(sans nom);;non_indique;Kpomassè;Atlantique;;6.370699;2.036878;https://www.openstreetmap.org/way/813909514;cartographie collaborative (OSM);aucun indice fiable
superieur_ou_formation;enseignement_superieur_ou_formation;(sans nom);;non_indique;Kpomassè;Atlantique;;6.384425;2.010340;https://www.openstreetmap.org/way/813909520;cartographie collaborative (OSM);attribut amenity=college
a_preciser;indetermine;(sans nom);;non_indique;Kpomassè;Atlantique;;6.363746;2.023889;https://www.openstreetmap.org/way/813920338;cartographie collaborative (OSM);aucun indice fiable
a_preciser;indetermine;(sans nom);;non_indique;Kpomassè;Atlantique;;6.364641;2.024052;https://www.openstreetmap.org/way/813920342;cartographie collaborative (OSM);aucun indice fiable
a_preciser;indetermine;(sans nom);;non_indique;Ouidah;Atlantique;;6.335818;2.171055;https://www.openstreetmap.org/way/813936143;cartographie collaborative (OSM);aucun indice fiable
a_preciser;indetermine;École primaire publique d'Ahouandji;;public;Ouidah;Atlantique;;6.333585;2.151527;https://www.openstreetmap.org/way/813936144;cartographie collaborative (OSM);aucun indice fiable
a_preciser;indetermine;(sans nom);;non_indique;Ouidah;Atlantique;;6.339117;2.086233;https://www.openstreetmap.org/way/813936147;cartographie collaborative (OSM);aucun indice fiable
a_preciser;indetermine;(sans nom);;non_indique;Toffo;Atlantique;;6.927550;2.271451;https://www.openstreetmap.org/way/814107978;cartographie collaborative (OSM);aucun indice fiable
secondaire_general;ceg;Collège d'enseignement généraln de SEHOUE;;non_indique;Toffo;Atlantique;;6.914832;2.263849;https://www.openstreetmap.org/way/814107984;cartographie collaborative (OSM);nom : CEG
a_preciser;indetermine;(sans nom);;non_indique;Toffo;Atlantique;;6.848385;2.136286;https://www.openstreetmap.org/way/814161326;cartographie collaborative (OSM);aucun indice fiable
a_preciser;indetermine;(sans nom);;non_indique;Toffo;Atlantique;;6.860193;2.121037;https://www.openstreetmap.org/way/814161333;cartographie collaborative (OSM);aucun indice fiable
a_preciser;indetermine;(sans nom);;non_indique;Toffo;Atlantique;;6.842767;2.155172;https://www.openstreetmap.org/way/814161339;cartographie collaborative (OSM);aucun indice fiable
a_preciser;indetermine;(sans nom);;non_indique;Toffo;Atlantique;;6.847512;2.180648;https://www.openstreetmap.org/way/814161340;cartographie collaborative (OSM);aucun indice fiable
a_preciser;indetermine;(sans nom);;non_indique;Toffo;Atlantique;;6.835998;2.227515;https://www.openstreetmap.org/way/814161353;cartographie collaborative (OSM);aucun indice fiable
superieur_ou_formation;enseignement_superieur_ou_formation;(sans nom);;non_indique;Toffo;Atlantique;;6.847953;2.233339;https://www.openstreetmap.org/way/814161354;cartographie collaborative (OSM);attribut amenity=college
a_preciser;indetermine;(sans nom);;non_indique;Toffo;Atlantique;;6.835757;2.109921;https://www.openstreetmap.org/way/814169257;cartographie collaborative (OSM);aucun indice fiable
a_preciser;indetermine;(sans nom);;non_indique;Toffo;Atlantique;;6.811872;2.184073;https://www.openstreetmap.org/way/814247172;cartographie collaborative (OSM);aucun indice fiable
a_preciser;indetermine;(sans nom);;non_indique;Toffo;Atlantique;;6.815453;2.180439;https://www.openstreetmap.org/way/814247174;cartographie collaborative (OSM);aucun indice fiable
secondaire_general;ceg;Collège d'enseignement général 1 d'Allada;;non_indique;Allada;Atlantique;;6.669146;2.142531;https://www.openstreetmap.org/way/814273769;cartographie collaborative (OSM);nom : CEG
superieur;enseignement_superieur;Ecole Normale d'Instituteurs (ENI) d'Allada;;non_indique;Allada;Atlantique;;6.673609;2.133548;https://www.openstreetmap.org/way/814273771;cartographie collaborative (OSM);nom : école supérieure / institut
a_preciser;indetermine;(sans nom);;non_indique;Allada;Atlantique;;6.636061;2.231929;https://www.openstreetmap.org/way/814495034;cartographie collaborative (OSM);aucun indice fiable
a_preciser;complexe_scolaire;Complexe scolaire Sékou Centre;;non_indique;Allada;Atlantique;;6.631328;2.225959;https://www.openstreetmap.org/way/814504131;cartographie collaborative (OSM);nom : complexe / groupe scolaire
technique_et_formation;lycee_technique;Lycée Agricole Mèdji de Sékou (LAMS);;non_indique;Allada;Atlantique;;6.620769;2.237012;https://www.openstreetmap.org/way/814512018;cartographie collaborative (OSM);nom : lycée technique/agricole
a_preciser;indetermine;(sans nom);;non_indique;Allada;Atlantique;;6.637923;2.225631;https://www.openstreetmap.org/way/814556284;cartographie collaborative (OSM);aucun indice fiable
a_preciser;indetermine;(sans nom);;non_indique;Zè;Atlantique;;6.612431;2.253347;https://www.openstreetmap.org/way/814586927;cartographie collaborative (OSM);aucun indice fiable
a_preciser;indetermine;(sans nom);;non_indique;Zè;Atlantique;;6.602599;2.275688;https://www.openstreetmap.org/way/814602873;cartographie collaborative (OSM);aucun indice fiable
a_preciser;indetermine;École primaire publique de Glégbodji-Do;;public;Zè;Atlantique;;6.575425;2.288254;https://www.openstreetmap.org/way/814610558;cartographie collaborative (OSM);aucun indice fiable
a_preciser;indetermine;(sans nom);;non_indique;Abomey-Calavi;Atlantique;;6.557071;2.311080;https://www.openstreetmap.org/way/814638806;cartographie collaborative (OSM);aucun indice fiable
superieur_ou_formation;enseignement_superieur_ou_formation;(sans nom);;non_indique;Abomey-Calavi;Atlantique;;6.556688;2.313380;https://www.openstreetmap.org/way/814638820;cartographie collaborative (OSM);attribut amenity=college
a_preciser;indetermine;(sans nom);;non_indique;Abomey-Calavi;Atlantique;;6.555613;2.302785;https://www.openstreetmap.org/way/814638823;cartographie collaborative (OSM);aucun indice fiable
superieur;universite;Centre International d'Expérimentation pour Valoriser les Ressources Africaines (CIEVRA);;non_indique;Abomey-Calavi;Atlantique;Fondation Espace Afrique;6.548657;2.321618;https://www.openstreetmap.org/way/814661063;cartographie collaborative (OSM);attribut amenity=university
a_preciser;indetermine;"École primaire publique ""La Béninoise""";;public;Abomey-Calavi;Atlantique;;6.464626;2.333458;https://www.openstreetmap.org/way/815229135;cartographie collaborative (OSM);aucun indice fiable
a_preciser;indetermine;(sans nom);;non_indique;Abomey-Calavi;Atlantique;;6.537736;2.401568;https://www.openstreetmap.org/way/815443458;cartographie collaborative (OSM);aucun indice fiable
a_preciser;indetermine;(sans nom);;non_indique;Sô-Ava;Atlantique;;6.547779;2.407840;https://www.openstreetmap.org/way/815453046;cartographie collaborative (OSM);aucun indice fiable
a_preciser;indetermine;École primaire privée du Quartier Latin;;prive;Sèmè-Podji;Ouémé;;6.361251;2.515803;https://www.openstreetmap.org/way/815670156;cartographie collaborative (OSM);aucun indice fiable
a_preciser;indetermine;Ecole Béninoise pour les sourds;;non_indique;Cotonou;Littoral;;6.379442;2.394765;https://www.openstreetmap.org/way/816415101;cartographie collaborative (OSM);aucun indice fiable
a_preciser;indetermine;(sans nom);;non_indique;Cotonou;Littoral;;6.379909;2.396044;https://www.openstreetmap.org/way/816415104;cartographie collaborative (OSM);aucun indice fiable
a_preciser;indetermine;(sans nom);;non_indique;Abomey-Calavi;Atlantique;;6.377058;2.350649;https://www.openstreetmap.org/way/816455467;cartographie collaborative (OSM);aucun indice fiable
a_preciser;indetermine;(sans nom);;non_indique;Abomey-Calavi;Atlantique;;6.371145;2.357337;https://www.openstreetmap.org/way/816455477;cartographie collaborative (OSM);aucun indice fiable
a_preciser;indetermine;(sans nom);;non_indique;Cotonou;Littoral;;6.360092;2.368564;https://www.openstreetmap.org/way/816455480;cartographie collaborative (OSM);aucun indice fiable
a_preciser;indetermine;(sans nom);;non_indique;Abomey-Calavi;Atlantique;;6.455983;2.248970;https://www.openstreetmap.org/way/816519216;cartographie collaborative (OSM);aucun indice fiable
a_preciser;indetermine;(sans nom);;non_indique;Abomey-Calavi;Atlantique;;6.421758;2.236713;https://www.openstreetmap.org/way/816523543;cartographie collaborative (OSM);aucun indice fiable
a_preciser;indetermine;(sans nom);;non_indique;Ouidah;Atlantique;;6.344466;2.206552;https://www.openstreetmap.org/way/816542941;cartographie collaborative (OSM);aucun indice fiable
a_preciser;indetermine;(sans nom);;non_indique;Ouidah;Atlantique;;6.357211;2.206344;https://www.openstreetmap.org/way/816548022;cartographie collaborative (OSM);aucun indice fiable
superieur_ou_formation;enseignement_superieur_ou_formation;(sans nom);;non_indique;Abomey-Calavi;Atlantique;;6.385376;2.226299;https://www.openstreetmap.org/way/816762560;cartographie collaborative (OSM);attribut amenity=college
a_preciser;indetermine;Pahou arrondissement;;non_indique;Ouidah;Atlantique;;6.390707;2.215344;https://www.openstreetmap.org/way/816762566;cartographie collaborative (OSM);aucun indice fiable
a_preciser;indetermine;(sans nom);;non_indique;Ouidah;Atlantique;;6.382690;2.185672;https://www.openstreetmap.org/way/816786894;cartographie collaborative (OSM);aucun indice fiable
a_preciser;indetermine;Pahou centre A;;non_indique;Ouidah;Atlantique;;6.383482;2.209302;https://www.openstreetmap.org/way/816786911;cartographie collaborative (OSM);aucun indice fiable
a_preciser;complexe_scolaire;Complexe scolaire Michel Dubois de Pahou;;non_indique;Ouidah;Atlantique;;6.384831;2.208299;https://www.openstreetmap.org/way/816786912;cartographie collaborative (OSM);nom : complexe / groupe scolaire
a_preciser;indetermine;(sans nom);;non_indique;Ouidah;Atlantique;;6.368192;2.180616;https://www.openstreetmap.org/way/816868725;cartographie collaborative (OSM);aucun indice fiable
a_preciser;indetermine;École primaire publique d'Ahouikôdji;;public;Ouidah;Atlantique;;6.361412;2.133598;https://www.openstreetmap.org/way/817291903;cartographie collaborative (OSM);aucun indice fiable
a_preciser;indetermine;École primaire publique de Fonsa;;public;Ouidah;Atlantique;;6.366119;2.158443;https://www.openstreetmap.org/way/817291906;cartographie collaborative (OSM);aucun indice fiable
a_preciser;indetermine;École primaire publique de Kraké-Daho;;public;Sèmè-Podji;Ouémé;;6.403071;2.675284;https://www.openstreetmap.org/way/817428891;cartographie collaborative (OSM);aucun indice fiable
a_preciser;indetermine;École primaire publique de Wégbégo-Adièmè;;public;Sèmè-Podji;Ouémé;;6.383892;2.679519;https://www.openstreetmap.org/way/817428907;cartographie collaborative (OSM);aucun indice fiable
superieur_ou_formation;enseignement_superieur_ou_formation;(sans nom);;non_indique;Sèmè-Podji;Ouémé;;6.385598;2.677001;https://www.openstreetmap.org/way/817428911;cartographie collaborative (OSM);attribut amenity=college
superieur_ou_formation;enseignement_superieur_ou_formation;(sans nom);;non_indique;Sèmè-Podji;Ouémé;;6.424782;2.629711;https://www.openstreetmap.org/way/817432428;cartographie collaborative (OSM);attribut amenity=college
superieur_ou_formation;enseignement_superieur_ou_formation;Centre d'enseignement général de Sèmè-Kpodji;;non_indique;Sèmè-Podji;Ouémé;;6.382642;2.607408;https://www.openstreetmap.org/way/817459681;cartographie collaborative (OSM);attribut amenity=college
a_preciser;indetermine;(sans nom);;non_indique;Sèmè-Podji;Ouémé;;6.380493;2.613376;https://www.openstreetmap.org/way/817459684;cartographie collaborative (OSM);aucun indice fiable
a_preciser;indetermine;École primaire publique de Djèffa-Agué 2;;public;Sèmè-Podji;Ouémé;;6.365057;2.566336;https://www.openstreetmap.org/way/817462081;cartographie collaborative (OSM);aucun indice fiable
a_preciser;indetermine;(sans nom);;non_indique;Sèmè-Podji;Ouémé;;6.389296;2.573444;https://www.openstreetmap.org/way/817509625;cartographie collaborative (OSM);aucun indice fiable
a_preciser;indetermine;(sans nom);;non_indique;Ifangni;Plateau;;6.595406;2.692495;https://www.openstreetmap.org/way/817594552;cartographie collaborative (OSM);aucun indice fiable
a_preciser;indetermine;(sans nom);;non_indique;Avrankou;Ouémé;;6.560761;2.662154;https://www.openstreetmap.org/way/817594558;cartographie collaborative (OSM);aucun indice fiable
a_preciser;indetermine;(sans nom);;non_indique;Avrankou;Ouémé;;6.529219;2.651742;https://www.openstreetmap.org/way/817594559;cartographie collaborative (OSM);aucun indice fiable
secondaire_general;lycee;Lycée des jeunes filles Toffa 1;;non_indique;Porto-Novo;Ouémé;;6.481354;2.632926;https://www.openstreetmap.org/way/817594565;cartographie collaborative (OSM);nom : lycée
a_preciser;indetermine;(sans nom);;non_indique;Ifangni;Plateau;;6.601856;2.691307;https://www.openstreetmap.org/way/817595903;cartographie collaborative (OSM);aucun indice fiable
a_preciser;indetermine;(sans nom);;non_indique;Sèmè-Podji;Ouémé;;6.438438;2.613082;https://www.openstreetmap.org/way/817638613;cartographie collaborative (OSM);aucun indice fiable
a_preciser;indetermine;(sans nom);;non_indique;Sèmè-Podji;Ouémé;;6.424082;2.557155;https://www.openstreetmap.org/way/817640534;cartographie collaborative (OSM);aucun indice fiable
a_preciser;indetermine;(sans nom);;non_indique;Porto-Novo;Ouémé;;6.489504;2.619758;https://www.openstreetmap.org/way/817781063;cartographie collaborative (OSM);aucun indice fiable
a_preciser;indetermine;ècole primaire publique Amoussa Kandévié;;public;Porto-Novo;Ouémé;;6.494423;2.627067;https://www.openstreetmap.org/way/817781067;cartographie collaborative (OSM);aucun indice fiable
a_preciser;indetermine;(sans nom);;non_indique;Porto-Novo;Ouémé;;6.503787;2.608382;https://www.openstreetmap.org/way/817797228;cartographie collaborative (OSM);aucun indice fiable
a_preciser;indetermine;(sans nom);;non_indique;Akpro-Missérété;Ouémé;;6.548838;2.582401;https://www.openstreetmap.org/way/817806402;cartographie collaborative (OSM);aucun indice fiable
a_preciser;indetermine;(sans nom);;non_indique;Ifangni;Plateau;;6.679286;2.705763;https://www.openstreetmap.org/way/817868145;cartographie collaborative (OSM);aucun indice fiable
a_preciser;indetermine;(sans nom);;non_indique;Ifangni;Plateau;;6.658248;2.716042;https://www.openstreetmap.org/way/818312402;cartographie collaborative (OSM);aucun indice fiable
superieur_ou_formation;enseignement_superieur_ou_formation;(sans nom);;non_indique;Ifangni;Plateau;;6.662071;2.718656;https://www.openstreetmap.org/way/818312539;cartographie collaborative (OSM);attribut amenity=college
a_preciser;indetermine;(sans nom);;non_indique;Ifangni;Plateau;;6.695229;2.712597;https://www.openstreetmap.org/way/818317711;cartographie collaborative (OSM);aucun indice fiable
a_preciser;indetermine;(sans nom);;non_indique;Ifangni;Plateau;;6.648464;2.729504;https://www.openstreetmap.org/way/818404327;cartographie collaborative (OSM);aucun indice fiable
a_preciser;indetermine;(sans nom);;non_indique;Ifangni;Plateau;;6.656535;2.732605;https://www.openstreetmap.org/way/818404361;cartographie collaborative (OSM);aucun indice fiable
a_preciser;indetermine;(sans nom);;non_indique;Ifangni;Plateau;;6.728093;2.773408;https://www.openstreetmap.org/way/818449260;cartographie collaborative (OSM);aucun indice fiable
a_preciser;indetermine;(sans nom);;non_indique;Ifangni;Plateau;;6.698940;2.777217;https://www.openstreetmap.org/way/818528516;cartographie collaborative (OSM);aucun indice fiable
a_preciser;indetermine;(sans nom);;non_indique;Sakété;Plateau;;6.660719;2.630208;https://www.openstreetmap.org/way/818566397;cartographie collaborative (OSM);aucun indice fiable
superieur_ou_formation;enseignement_superieur_ou_formation;(sans nom);;non_indique;Sakété;Plateau;;6.656649;2.626455;https://www.openstreetmap.org/way/818566399;cartographie collaborative (OSM);attribut amenity=college
a_preciser;indetermine;(sans nom);;non_indique;Sakété;Plateau;;6.651917;2.625107;https://www.openstreetmap.org/way/818666377;cartographie collaborative (OSM);aucun indice fiable
a_preciser;indetermine;(sans nom);;non_indique;Sakété;Plateau;;6.654383;2.617577;https://www.openstreetmap.org/way/818666387;cartographie collaborative (OSM);aucun indice fiable
a_preciser;indetermine;(sans nom);;non_indique;Sakété;Plateau;;6.644797;2.618642;https://www.openstreetmap.org/way/818666397;cartographie collaborative (OSM);aucun indice fiable
a_preciser;indetermine;(sans nom);;non_indique;Sakété;Plateau;;6.646025;2.623648;https://www.openstreetmap.org/way/818666408;cartographie collaborative (OSM);aucun indice fiable
a_preciser;indetermine;(sans nom);;non_indique;Adjohoun;Ouémé;;6.741938;2.525939;https://www.openstreetmap.org/way/818684500;cartographie collaborative (OSM);aucun indice fiable
a_preciser;indetermine;(sans nom);;non_indique;Adjohoun;Ouémé;;6.757144;2.531803;https://www.openstreetmap.org/way/818698271;cartographie collaborative (OSM);aucun indice fiable
a_preciser;indetermine;(sans nom);;non_indique;Adjohoun;Ouémé;;6.755524;2.549354;https://www.openstreetmap.org/way/818701734;cartographie collaborative (OSM);aucun indice fiable
a_preciser;indetermine;(sans nom);;non_indique;Adjohoun;Ouémé;;6.782444;2.565601;https://www.openstreetmap.org/way/818717187;cartographie collaborative (OSM);aucun indice fiable
a_preciser;indetermine;École primaire publique d'Igbo-Assan;;public;Bonou;Ouémé;;6.811780;2.566134;https://www.openstreetmap.org/way/818733884;cartographie collaborative (OSM);aucun indice fiable
a_preciser;indetermine;(sans nom);;non_indique;Adjohoun;Ouémé;;6.790829;2.528111;https://www.openstreetmap.org/way/818750458;cartographie collaborative (OSM);aucun indice fiable
superieur_ou_formation;enseignement_superieur_ou_formation;(sans nom);;non_indique;Adjohoun;Ouémé;;6.780375;2.547313;https://www.openstreetmap.org/way/818798118;cartographie collaborative (OSM);attribut amenity=college
a_preciser;indetermine;(sans nom);;non_indique;Bonou;Ouémé;;6.792931;2.548742;https://www.openstreetmap.org/way/818798130;cartographie collaborative (OSM);aucun indice fiable
a_preciser;indetermine;(sans nom);;non_indique;Bonou;Ouémé;;6.802151;2.541445;https://www.openstreetmap.org/way/818798140;cartographie collaborative (OSM);aucun indice fiable
a_preciser;indetermine;(sans nom);;non_indique;Adjohoun;Ouémé;;6.773224;2.541164;https://www.openstreetmap.org/way/818809104;cartographie collaborative (OSM);aucun indice fiable
a_preciser;indetermine;(sans nom);;non_indique;Adjohoun;Ouémé;;6.729247;2.480455;https://www.openstreetmap.org/way/818851496;cartographie collaborative (OSM);aucun indice fiable
a_preciser;indetermine;(sans nom);;non_indique;Akpro-Missérété;Ouémé;;6.589822;2.589512;https://www.openstreetmap.org/way/818875234;cartographie collaborative (OSM);aucun indice fiable
a_preciser;indetermine;(sans nom);;non_indique;Avrankou;Ouémé;;6.517606;2.638835;https://www.openstreetmap.org/way/818994711;cartographie collaborative (OSM);aucun indice fiable
a_preciser;indetermine;(sans nom);;non_indique;Avrankou;Ouémé;;6.523314;2.636911;https://www.openstreetmap.org/way/818994715;cartographie collaborative (OSM);aucun indice fiable
a_preciser;indetermine;(sans nom);;non_indique;Avrankou;Ouémé;;6.560488;2.644032;https://www.openstreetmap.org/way/818994734;cartographie collaborative (OSM);aucun indice fiable
a_preciser;indetermine;(sans nom);;non_indique;Avrankou;Ouémé;;6.559559;2.649630;https://www.openstreetmap.org/way/818994738;cartographie collaborative (OSM);aucun indice fiable
a_preciser;indetermine;(sans nom);;non_indique;Adjarra;Ouémé;;6.518485;2.644478;https://www.openstreetmap.org/way/819015523;cartographie collaborative (OSM);aucun indice fiable
a_preciser;indetermine;(sans nom);;non_indique;Adjarra;Ouémé;;6.516229;2.643210;https://www.openstreetmap.org/way/819016665;cartographie collaborative (OSM);aucun indice fiable
a_preciser;indetermine;(sans nom);;non_indique;Porto-Novo;Ouémé;;6.506498;2.628713;https://www.openstreetmap.org/way/819036743;cartographie collaborative (OSM);aucun indice fiable
primaire;ecole_primaire;EPP DODJI;;public;Porto-Novo;Ouémé;;6.501413;2.630157;https://www.openstreetmap.org/way/819038484;cartographie collaborative (OSM);nom : école primaire
a_preciser;indetermine;(sans nom);;non_indique;Porto-Novo;Ouémé;;6.498878;2.630520;https://www.openstreetmap.org/way/819046488;cartographie collaborative (OSM);aucun indice fiable
a_preciser;indetermine;(sans nom);;non_indique;Porto-Novo;Ouémé;;6.491462;2.632246;https://www.openstreetmap.org/way/819047393;cartographie collaborative (OSM);aucun indice fiable
a_preciser;indetermine;(sans nom);;non_indique;Avrankou;Ouémé;;6.535589;2.690651;https://www.openstreetmap.org/way/819098256;cartographie collaborative (OSM);aucun indice fiable
a_preciser;indetermine;(sans nom);;non_indique;Adjarra;Ouémé;;6.506210;2.683075;https://www.openstreetmap.org/way/819116225;cartographie collaborative (OSM);aucun indice fiable
a_preciser;indetermine;(sans nom);;non_indique;Adjarra;Ouémé;;6.491734;2.702618;https://www.openstreetmap.org/way/819149293;cartographie collaborative (OSM);aucun indice fiable
a_preciser;indetermine;(sans nom);;non_indique;Porto-Novo;Ouémé;;6.487687;2.587420;https://www.openstreetmap.org/way/819348781;cartographie collaborative (OSM);aucun indice fiable
a_preciser;indetermine;(sans nom);;non_indique;Akpro-Missérété;Ouémé;;6.513388;2.596062;https://www.openstreetmap.org/way/819398924;cartographie collaborative (OSM);aucun indice fiable
a_preciser;complexe_scolaire;Complexe scolaire Foun Foun Nord;;non_indique;Porto-Novo;Ouémé;;6.492916;2.614387;https://www.openstreetmap.org/way/819737887;cartographie collaborative (OSM);nom : complexe / groupe scolaire
a_preciser;indetermine;(sans nom);;non_indique;Porto-Novo;Ouémé;;6.511443;2.613263;https://www.openstreetmap.org/way/819747685;cartographie collaborative (OSM);aucun indice fiable
a_preciser;indetermine;(sans nom);;non_indique;Porto-Novo;Ouémé;;6.513833;2.617310;https://www.openstreetmap.org/way/819747700;cartographie collaborative (OSM);aucun indice fiable
a_preciser;indetermine;(sans nom);;non_indique;Porto-Novo;Ouémé;;6.503583;2.619836;https://www.openstreetmap.org/way/819747704;cartographie collaborative (OSM);aucun indice fiable
a_preciser;indetermine;(sans nom);;non_indique;Porto-Novo;Ouémé;;6.521372;2.607798;https://www.openstreetmap.org/way/819760890;cartographie collaborative (OSM);aucun indice fiable
a_preciser;indetermine;(sans nom);;non_indique;Porto-Novo;Ouémé;;6.517139;2.604447;https://www.openstreetmap.org/way/819760896;cartographie collaborative (OSM);aucun indice fiable
a_preciser;indetermine;(sans nom);;non_indique;Porto-Novo;Ouémé;;6.498744;2.589686;https://www.openstreetmap.org/way/820140204;cartographie collaborative (OSM);aucun indice fiable
a_preciser;indetermine;(sans nom);;non_indique;Porto-Novo;Ouémé;;6.499235;2.597972;https://www.openstreetmap.org/way/820949809;cartographie collaborative (OSM);aucun indice fiable
a_preciser;indetermine;(sans nom);;non_indique;Akpro-Missérété;Ouémé;;6.523396;2.587884;https://www.openstreetmap.org/way/821102029;cartographie collaborative (OSM);aucun indice fiable
a_preciser;indetermine;(sans nom);;non_indique;Akpro-Missérété;Ouémé;;6.525380;2.588631;https://www.openstreetmap.org/way/821102032;cartographie collaborative (OSM);aucun indice fiable
a_preciser;indetermine;(sans nom);;non_indique;Akpro-Missérété;Ouémé;;6.533008;2.592150;https://www.openstreetmap.org/way/821165740;cartographie collaborative (OSM);aucun indice fiable
a_preciser;indetermine;(sans nom);;non_indique;Akpro-Missérété;Ouémé;;6.516825;2.596326;https://www.openstreetmap.org/way/821331098;cartographie collaborative (OSM);aucun indice fiable
a_preciser;indetermine;(sans nom);;non_indique;Porto-Novo;Ouémé;;6.509614;2.602185;https://www.openstreetmap.org/way/821331115;cartographie collaborative (OSM);aucun indice fiable
a_preciser;indetermine;(sans nom);;non_indique;Akpro-Missérété;Ouémé;;6.533108;2.608090;https://www.openstreetmap.org/way/821338170;cartographie collaborative (OSM);aucun indice fiable
a_preciser;indetermine;(sans nom);;non_indique;Avrankou;Ouémé;;6.531198;2.615957;https://www.openstreetmap.org/way/821861525;cartographie collaborative (OSM);aucun indice fiable
a_preciser;indetermine;(sans nom);;non_indique;Avrankou;Ouémé;;6.529862;2.618889;https://www.openstreetmap.org/way/821861546;cartographie collaborative (OSM);aucun indice fiable
a_preciser;indetermine;(sans nom);;non_indique;Avrankou;Ouémé;;6.520641;2.625036;https://www.openstreetmap.org/way/821884977;cartographie collaborative (OSM);aucun indice fiable
a_preciser;indetermine;École primaire publique de Hounsa;;public;Adjarra;Ouémé;;6.505427;2.642143;https://www.openstreetmap.org/way/821937220;cartographie collaborative (OSM);aucun indice fiable
a_preciser;indetermine;École primaire publique d'Anaviê;;public;Porto-Novo;Ouémé;;6.502618;2.637202;https://www.openstreetmap.org/way/821937229;cartographie collaborative (OSM);aucun indice fiable
a_preciser;indetermine;(sans nom);;non_indique;Porto-Novo;Ouémé;;6.495844;2.636178;https://www.openstreetmap.org/way/821939965;cartographie collaborative (OSM);aucun indice fiable
a_preciser;indetermine;(sans nom);;non_indique;Porto-Novo;Ouémé;;6.470340;2.640927;https://www.openstreetmap.org/way/822108907;cartographie collaborative (OSM);aucun indice fiable
a_preciser;indetermine;École primaire publique de Davié;;public;Porto-Novo;Ouémé;;6.482587;2.637569;https://www.openstreetmap.org/way/822195040;cartographie collaborative (OSM);aucun indice fiable
a_preciser;indetermine;École primaire publique de Koutongbé;;public;Porto-Novo;Ouémé;;6.496419;2.641131;https://www.openstreetmap.org/way/822248630;cartographie collaborative (OSM);aucun indice fiable
a_preciser;indetermine;(sans nom);;non_indique;Adjarra;Ouémé;;6.512294;2.648668;https://www.openstreetmap.org/way/822274861;cartographie collaborative (OSM);aucun indice fiable
a_preciser;indetermine;(sans nom);;non_indique;Adjarra;Ouémé;;6.518465;2.652198;https://www.openstreetmap.org/way/822285646;cartographie collaborative (OSM);aucun indice fiable
a_preciser;indetermine;(sans nom);;non_indique;Adjarra;Ouémé;;6.503418;2.652143;https://www.openstreetmap.org/way/822302318;cartographie collaborative (OSM);aucun indice fiable
a_preciser;indetermine;(sans nom);;non_indique;Adjarra;Ouémé;;6.517030;2.654504;https://www.openstreetmap.org/way/822302332;cartographie collaborative (OSM);aucun indice fiable
a_preciser;indetermine;(sans nom);;non_indique;Porto-Novo;Ouémé;;6.468881;2.644340;https://www.openstreetmap.org/way/822470259;cartographie collaborative (OSM);aucun indice fiable
a_preciser;indetermine;(sans nom);;non_indique;Sèmè-Podji;Ouémé;;6.387453;2.457978;https://www.openstreetmap.org/way/822813013;cartographie collaborative (OSM);aucun indice fiable
a_preciser;indetermine;(sans nom);;non_indique;Sèmè-Podji;Ouémé;;6.385435;2.450356;https://www.openstreetmap.org/way/822813044;cartographie collaborative (OSM);aucun indice fiable
a_preciser;indetermine;(sans nom);;non_indique;Sèmè-Podji;Ouémé;;6.385445;2.451479;https://www.openstreetmap.org/way/822813046;cartographie collaborative (OSM);aucun indice fiable
secondaire_general;ceg;CEG Segbeya;;public;Sèmè-Podji;Ouémé;;6.383117;2.444061;https://www.openstreetmap.org/way/822813056;cartographie collaborative (OSM);nom : CEG
a_preciser;indetermine;(sans nom);;non_indique;Sèmè-Podji;Ouémé;;6.385476;2.444095;https://www.openstreetmap.org/way/822813057;cartographie collaborative (OSM);aucun indice fiable
a_preciser;indetermine;(sans nom);;non_indique;Cotonou;Littoral;;6.376144;2.441381;https://www.openstreetmap.org/way/822813098;cartographie collaborative (OSM);aucun indice fiable
a_preciser;indetermine;(sans nom);;non_indique;Cotonou;Littoral;;6.369713;2.441046;https://www.openstreetmap.org/way/822835922;cartographie collaborative (OSM);aucun indice fiable
a_preciser;indetermine;(sans nom);;non_indique;Abomey-Calavi;Atlantique;;6.384964;2.286303;https://www.openstreetmap.org/way/823533915;cartographie collaborative (OSM);aucun indice fiable
a_preciser;indetermine;(sans nom);;non_indique;Abomey-Calavi;Atlantique;;6.378896;2.284055;https://www.openstreetmap.org/way/823766065;cartographie collaborative (OSM);aucun indice fiable
superieur_ou_formation;enseignement_superieur_ou_formation;(sans nom);;non_indique;Abomey-Calavi;Atlantique;;6.381833;2.340717;https://www.openstreetmap.org/way/823792648;cartographie collaborative (OSM);attribut amenity=college
a_preciser;complexe_scolaire;"Complexe scolaire ""La Synthèse"" de Godomey";;non_indique;Abomey-Calavi;Atlantique;;6.386852;2.347466;https://www.openstreetmap.org/way/823792654;cartographie collaborative (OSM);nom : complexe / groupe scolaire
a_preciser;indetermine;(sans nom);;non_indique;Abomey-Calavi;Atlantique;;6.389262;2.344790;https://www.openstreetmap.org/way/823872504;cartographie collaborative (OSM);aucun indice fiable
a_preciser;indetermine;(sans nom);;non_indique;Abomey-Calavi;Atlantique;;6.372282;2.337359;https://www.openstreetmap.org/way/823894775;cartographie collaborative (OSM);aucun indice fiable
a_preciser;indetermine;(sans nom);;non_indique;Cotonou;Littoral;;6.363018;2.380870;https://www.openstreetmap.org/way/824183198;cartographie collaborative (OSM);aucun indice fiable
a_preciser;complexe_scolaire;"Complexe scolaire ""Emilie de Villeneuve""";;non_indique;Cotonou;Littoral;;6.391464;2.378702;https://www.openstreetmap.org/way/824228823;cartographie collaborative (OSM);nom : complexe / groupe scolaire
secondaire_general;ceg;CEG Védoko;;public;Cotonou;Littoral;;6.382188;2.388991;https://www.openstreetmap.org/way/824228831;cartographie collaborative (OSM);nom : CEG
primaire;ecole_primaire;Ecole primaire publique de Sètovi;;public;Cotonou;Littoral;;6.382962;2.385469;https://www.openstreetmap.org/way/824235677;cartographie collaborative (OSM);nom : école primaire
a_preciser;indetermine;(sans nom);;non_indique;Cotonou;Littoral;;6.387232;2.372706;https://www.openstreetmap.org/way/824257217;cartographie collaborative (OSM);aucun indice fiable
a_preciser;indetermine;(sans nom);;non_indique;Cotonou;Littoral;;6.379991;2.404434;https://www.openstreetmap.org/way/824468351;cartographie collaborative (OSM);aucun indice fiable
a_preciser;complexe_scolaire;Complexe scolaire Gbégamey-Nord, Groupe A - D;;non_indique;Cotonou;Littoral;;6.361625;2.405401;https://www.openstreetmap.org/way/824565354;cartographie collaborative (OSM);nom : complexe / groupe scolaire
a_preciser;indetermine;Nigerian International School;;non_indique;Cotonou;Littoral;;6.351700;2.396204;https://www.openstreetmap.org/way/824939373;cartographie collaborative (OSM);aucun indice fiable
a_preciser;indetermine;Établissement français d'enseignement Montaigne;;non_indique;Cotonou;Littoral;Agence pour l'enseignement français à l'étranger (AEFE);6.352081;2.394828;https://www.openstreetmap.org/way/824939375;cartographie collaborative (OSM);aucun indice fiable
technique_et_formation;lycee_technique;Lycée technique Coulibaly;;non_indique;Cotonou;Littoral;;6.362653;2.437692;https://www.openstreetmap.org/way/825885612;cartographie collaborative (OSM);nom : lycée technique/agricole
a_preciser;complexe_scolaire;Complexe scolaire Gbéto sud - Groupe A, C, D;;non_indique;Cotonou;Littoral;;6.363477;2.429879;https://www.openstreetmap.org/way/825886278;cartographie collaborative (OSM);nom : complexe / groupe scolaire
a_preciser;indetermine;École primaire publique de Djidjè;;public;Cotonou;Littoral;;6.386134;2.433485;https://www.openstreetmap.org/way/826562126;cartographie collaborative (OSM);aucun indice fiable
a_preciser;indetermine;École primaire publique de Ladji;;public;Cotonou;Littoral;;6.390815;2.429666;https://www.openstreetmap.org/way/826562164;cartographie collaborative (OSM);aucun indice fiable
superieur;universite;École Supérieure des Télécommunications du Bénin;;prive;Cotonou;Littoral;;6.367255;2.461647;https://www.openstreetmap.org/way/826857116;cartographie collaborative (OSM);attribut amenity=university
a_preciser;indetermine;(sans nom);;non_indique;Cotonou;Littoral;;6.382324;2.440515;https://www.openstreetmap.org/way/827029820;cartographie collaborative (OSM);aucun indice fiable
a_preciser;indetermine;(sans nom);;non_indique;Sèmè-Podji;Ouémé;;6.392450;2.448115;https://www.openstreetmap.org/way/827056773;cartographie collaborative (OSM);aucun indice fiable
a_preciser;indetermine;(sans nom);;non_indique;Sèmè-Podji;Ouémé;;6.392276;2.451410;https://www.openstreetmap.org/way/827085233;cartographie collaborative (OSM);aucun indice fiable
a_preciser;indetermine;(sans nom);;non_indique;Sèmè-Podji;Ouémé;;6.391151;2.461392;https://www.openstreetmap.org/way/827098199;cartographie collaborative (OSM);aucun indice fiable
a_preciser;indetermine;École Primaire Publique d'Yémalin;;public;Sèmè-Podji;Ouémé;;6.361728;2.522653;https://www.openstreetmap.org/way/827284023;cartographie collaborative (OSM);aucun indice fiable
a_preciser;indetermine;(sans nom);;non_indique;Sèmè-Podji;Ouémé;;6.374507;2.528108;https://www.openstreetmap.org/way/827301131;cartographie collaborative (OSM);aucun indice fiable
a_preciser;indetermine;(sans nom);;non_indique;Sèmè-Podji;Ouémé;;6.372169;2.530297;https://www.openstreetmap.org/way/827301136;cartographie collaborative (OSM);aucun indice fiable
superieur;universite;Houdègbè North American University Benin (HNAUB);;non_indique;Sèmè-Podji;Ouémé;;6.366317;2.519833;https://www.openstreetmap.org/way/827362933;cartographie collaborative (OSM);nom : université
a_preciser;indetermine;(sans nom);;non_indique;Sèmè-Podji;Ouémé;;6.377082;2.516592;https://www.openstreetmap.org/way/827362958;cartographie collaborative (OSM);aucun indice fiable
a_preciser;indetermine;(sans nom);;non_indique;Sèmè-Podji;Ouémé;;6.384350;2.478460;https://www.openstreetmap.org/way/828065317;cartographie collaborative (OSM);aucun indice fiable
a_preciser;indetermine;(sans nom);;non_indique;Cotonou;Littoral;;6.371821;2.477363;https://www.openstreetmap.org/way/828380152;cartographie collaborative (OSM);aucun indice fiable
a_preciser;indetermine;(sans nom);;non_indique;Sèmè-Podji;Ouémé;;6.373375;2.487454;https://www.openstreetmap.org/way/828380173;cartographie collaborative (OSM);aucun indice fiable
a_preciser;indetermine;(sans nom);;non_indique;Sèmè-Podji;Ouémé;;6.377549;2.490920;https://www.openstreetmap.org/way/828431561;cartographie collaborative (OSM);aucun indice fiable
a_preciser;indetermine;(sans nom);;non_indique;Sèmè-Podji;Ouémé;;6.382022;2.596723;https://www.openstreetmap.org/way/828766873;cartographie collaborative (OSM);aucun indice fiable
a_preciser;indetermine;(sans nom);;non_indique;Sèmè-Podji;Ouémé;;6.370563;2.627162;https://www.openstreetmap.org/way/828825640;cartographie collaborative (OSM);aucun indice fiable
a_preciser;indetermine;(sans nom);;non_indique;Sèmè-Podji;Ouémé;;6.378784;2.664531;https://www.openstreetmap.org/way/828852311;cartographie collaborative (OSM);aucun indice fiable
a_preciser;indetermine;(sans nom);;non_indique;Sèmè-Podji;Ouémé;;6.391288;2.597506;https://www.openstreetmap.org/way/828857526;cartographie collaborative (OSM);aucun indice fiable
a_preciser;indetermine;École primaire publique podji II groupe A-B;;public;Sèmè-Podji;Ouémé;;6.392775;2.586578;https://www.openstreetmap.org/way/828857527;cartographie collaborative (OSM);aucun indice fiable
a_preciser;indetermine;(sans nom);;non_indique;Sèmè-Podji;Ouémé;;6.387079;2.698203;https://www.openstreetmap.org/way/829340554;cartographie collaborative (OSM);aucun indice fiable
a_preciser;indetermine;(sans nom);;non_indique;Sèmè-Podji;Ouémé;;6.384829;2.668353;https://www.openstreetmap.org/way/829340570;cartographie collaborative (OSM);aucun indice fiable
a_preciser;indetermine;École primaire publique de Hovidokpo;;public;Sèmè-Podji;Ouémé;;6.414179;2.691980;https://www.openstreetmap.org/way/829386961;cartographie collaborative (OSM);aucun indice fiable
superieur;enseignement_superieur;ISM Adonaï;;non_indique;Sèmè-Podji;Ouémé;;6.427923;2.627277;https://www.openstreetmap.org/way/829412189;cartographie collaborative (OSM);nom : école supérieure / institut
a_preciser;indetermine;(sans nom);;non_indique;Sèmè-Podji;Ouémé;;6.440657;2.638122;https://www.openstreetmap.org/way/829412205;cartographie collaborative (OSM);aucun indice fiable
a_preciser;indetermine;(sans nom);;non_indique;Sèmè-Podji;Ouémé;;6.434451;2.620600;https://www.openstreetmap.org/way/829412206;cartographie collaborative (OSM);aucun indice fiable
superieur_ou_formation;enseignement_superieur_ou_formation;École Supérieure de Génie Télécoms et TIC;;prive;Cotonou;Littoral;;6.370267;2.464012;https://www.openstreetmap.org/way/829770360;cartographie collaborative (OSM);attribut amenity=college
a_preciser;indetermine;(sans nom);;non_indique;Abomey-Calavi;Atlantique;;6.381783;2.354544;https://www.openstreetmap.org/way/831867421;cartographie collaborative (OSM);aucun indice fiable
a_preciser;indetermine;(sans nom);;non_indique;Cotonou;Littoral;;6.392118;2.390563;https://www.openstreetmap.org/way/832228214;cartographie collaborative (OSM);aucun indice fiable
a_preciser;indetermine;(sans nom);;non_indique;Cotonou;Littoral;;6.392505;2.399362;https://www.openstreetmap.org/way/832228225;cartographie collaborative (OSM);aucun indice fiable
a_preciser;indetermine;(sans nom);;non_indique;Cotonou;Littoral;;6.381583;2.366332;https://www.openstreetmap.org/way/835724676;cartographie collaborative (OSM);aucun indice fiable
secondaire_general;ceg;CEG Les Pylônes;;public;Cotonou;Littoral;;6.381659;2.364218;https://www.openstreetmap.org/way/835724678;cartographie collaborative (OSM);nom : CEG
a_preciser;indetermine;(sans nom);;non_indique;Cotonou;Littoral;;6.378303;2.369677;https://www.openstreetmap.org/way/835724708;cartographie collaborative (OSM);aucun indice fiable
a_preciser;indetermine;(sans nom);;non_indique;Cotonou;Littoral;;6.375057;2.366863;https://www.openstreetmap.org/way/835777110;cartographie collaborative (OSM);aucun indice fiable
a_preciser;indetermine;(sans nom);;non_indique;Abomey-Calavi;Atlantique;;6.376523;2.361657;https://www.openstreetmap.org/way/835777119;cartographie collaborative (OSM);aucun indice fiable
a_preciser;indetermine;(sans nom);;non_indique;Abomey-Calavi;Atlantique;;6.371022;2.346462;https://www.openstreetmap.org/way/836028947;cartographie collaborative (OSM);aucun indice fiable
a_preciser;indetermine;(sans nom);;non_indique;Cotonou;Littoral;;6.366481;2.386956;https://www.openstreetmap.org/way/836452257;cartographie collaborative (OSM);aucun indice fiable
a_preciser;indetermine;(sans nom);;non_indique;Cotonou;Littoral;;6.351050;2.371943;https://www.openstreetmap.org/way/836752127;cartographie collaborative (OSM);aucun indice fiable
a_preciser;indetermine;(sans nom);;non_indique;Abomey-Calavi;Atlantique;;6.348055;2.303828;https://www.openstreetmap.org/way/836822384;cartographie collaborative (OSM);aucun indice fiable
a_preciser;indetermine;(sans nom);;non_indique;Abomey-Calavi;Atlantique;;6.354316;2.342763;https://www.openstreetmap.org/way/836843205;cartographie collaborative (OSM);aucun indice fiable
a_preciser;indetermine;(sans nom);;non_indique;Tori-Bossito;Atlantique;;6.494295;2.137340;https://www.openstreetmap.org/way/838188212;cartographie collaborative (OSM);aucun indice fiable
a_preciser;indetermine;(sans nom);;non_indique;Ouidah;Atlantique;;6.453886;2.127358;https://www.openstreetmap.org/way/838188275;cartographie collaborative (OSM);aucun indice fiable
a_preciser;indetermine;(sans nom);;non_indique;Ouidah;Atlantique;;6.443433;2.117906;https://www.openstreetmap.org/way/838188280;cartographie collaborative (OSM);aucun indice fiable
a_preciser;indetermine;(sans nom);;non_indique;Ouidah;Atlantique;;6.426334;2.100659;https://www.openstreetmap.org/way/838188289;cartographie collaborative (OSM);aucun indice fiable
a_preciser;indetermine;(sans nom);;non_indique;Tori-Bossito;Atlantique;;6.461246;2.186727;https://www.openstreetmap.org/way/838435679;cartographie collaborative (OSM);aucun indice fiable
a_preciser;indetermine;(sans nom);;non_indique;Tori-Bossito;Atlantique;;6.448120;2.176700;https://www.openstreetmap.org/way/838435694;cartographie collaborative (OSM);aucun indice fiable
a_preciser;indetermine;(sans nom);;non_indique;Tori-Bossito;Atlantique;;6.506825;2.143502;https://www.openstreetmap.org/way/838457815;cartographie collaborative (OSM);aucun indice fiable
a_preciser;indetermine;École primaire publique de Tori-Gare Centre;;public;Tori-Bossito;Atlantique;;6.510995;2.173116;https://www.openstreetmap.org/way/838479498;cartographie collaborative (OSM);aucun indice fiable
superieur_ou_formation;enseignement_superieur_ou_formation;Centre d'éducation générale de Tori-Agouako;;non_indique;Tori-Bossito;Atlantique;;6.511328;2.162941;https://www.openstreetmap.org/way/838479520;cartographie collaborative (OSM);attribut amenity=college
a_preciser;indetermine;École primaire publique d'Agouako;;public;Tori-Bossito;Atlantique;;6.509735;2.160653;https://www.openstreetmap.org/way/838479526;cartographie collaborative (OSM);aucun indice fiable
a_preciser;indetermine;École primaire publique de Dohinonko;;public;Tori-Bossito;Atlantique;;6.530343;2.187368;https://www.openstreetmap.org/way/838529413;cartographie collaborative (OSM);aucun indice fiable
a_preciser;indetermine;École primaire publique d'Avamè;;public;Tori-Bossito;Atlantique;;6.515114;2.202201;https://www.openstreetmap.org/way/838529426;cartographie collaborative (OSM);aucun indice fiable
a_preciser;indetermine;(sans nom);;non_indique;Tori-Bossito;Atlantique;;6.563097;2.210612;https://www.openstreetmap.org/way/838564971;cartographie collaborative (OSM);aucun indice fiable
a_preciser;indetermine;(sans nom);;non_indique;Tori-Bossito;Atlantique;;6.554800;2.226423;https://www.openstreetmap.org/way/838564979;cartographie collaborative (OSM);aucun indice fiable
a_preciser;indetermine;(sans nom);;non_indique;Tori-Bossito;Atlantique;;6.500277;2.189092;https://www.openstreetmap.org/way/838583660;cartographie collaborative (OSM);aucun indice fiable
a_preciser;indetermine;(sans nom);;non_indique;Tori-Bossito;Atlantique;;6.490903;2.174165;https://www.openstreetmap.org/way/838584482;cartographie collaborative (OSM);aucun indice fiable
a_preciser;indetermine;(sans nom);;non_indique;Ouidah;Atlantique;;6.407710;2.138678;https://www.openstreetmap.org/way/838922122;cartographie collaborative (OSM);aucun indice fiable
a_preciser;indetermine;(sans nom);;non_indique;Abomey-Calavi;Atlantique;;6.355459;2.271360;https://www.openstreetmap.org/way/840444206;cartographie collaborative (OSM);aucun indice fiable
a_preciser;indetermine;(sans nom);;non_indique;Ouidah;Atlantique;;6.366245;2.221935;https://www.openstreetmap.org/way/840620338;cartographie collaborative (OSM);aucun indice fiable
a_preciser;indetermine;(sans nom);;non_indique;Abomey-Calavi;Atlantique;;6.353511;2.275319;https://www.openstreetmap.org/way/840837021;cartographie collaborative (OSM);aucun indice fiable
a_preciser;indetermine;(sans nom);;non_indique;Ouidah;Atlantique;;6.365877;2.193851;https://www.openstreetmap.org/way/843637446;cartographie collaborative (OSM);aucun indice fiable
a_preciser;indetermine;(sans nom);;non_indique;Abomey-Calavi;Atlantique;;6.374519;2.241554;https://www.openstreetmap.org/way/847422107;cartographie collaborative (OSM);aucun indice fiable
a_preciser;indetermine;(sans nom);;non_indique;Abomey-Calavi;Atlantique;;6.374662;2.230202;https://www.openstreetmap.org/way/847451813;cartographie collaborative (OSM);aucun indice fiable
a_preciser;indetermine;(sans nom);;non_indique;Abomey-Calavi;Atlantique;;6.384847;2.247815;https://www.openstreetmap.org/way/847451835;cartographie collaborative (OSM);aucun indice fiable
a_preciser;indetermine;(sans nom);;non_indique;Ouidah;Atlantique;;6.352491;2.086363;https://www.openstreetmap.org/way/847520112;cartographie collaborative (OSM);aucun indice fiable
a_preciser;indetermine;(sans nom);;non_indique;Ouidah;Atlantique;;6.353673;2.105164;https://www.openstreetmap.org/way/847520117;cartographie collaborative (OSM);aucun indice fiable
a_preciser;indetermine;(sans nom);;non_indique;Ouidah;Atlantique;;6.355467;2.089830;https://www.openstreetmap.org/way/847520118;cartographie collaborative (OSM);aucun indice fiable
a_preciser;indetermine;(sans nom);;non_indique;Grand-Popo;Mono;;6.297521;1.843505;https://www.openstreetmap.org/way/847617459;cartographie collaborative (OSM);aucun indice fiable
a_preciser;indetermine;(sans nom);;non_indique;Comè;Mono;;6.399098;1.922243;https://www.openstreetmap.org/way/848170352;cartographie collaborative (OSM);aucun indice fiable
a_preciser;complexe_scolaire;Complexe scolaire de Gadomé A & B;;non_indique;Comè;Mono;;6.399387;1.914333;https://www.openstreetmap.org/way/848170361;cartographie collaborative (OSM);nom : complexe / groupe scolaire
a_preciser;indetermine;École primaire publique de Dohi;;public;Comè;Mono;;6.379424;1.937464;https://www.openstreetmap.org/way/848179089;cartographie collaborative (OSM);aucun indice fiable
a_preciser;indetermine;École primaire publique de Kpêko;;public;Grand-Popo;Mono;;6.315780;1.915446;https://www.openstreetmap.org/way/848372961;cartographie collaborative (OSM);aucun indice fiable
a_preciser;indetermine;École primaire publique d'Ahômè;;public;Grand-Popo;Mono;;6.318162;1.955794;https://www.openstreetmap.org/way/848495430;cartographie collaborative (OSM);aucun indice fiable
a_preciser;indetermine;École primaire publique d'Adépékodji;;public;Grand-Popo;Mono;;6.318275;1.967870;https://www.openstreetmap.org/way/848495446;cartographie collaborative (OSM);aucun indice fiable
a_preciser;indetermine;École primaire publique de Djègbamè;;public;Ouidah;Atlantique;;6.334377;1.972287;https://www.openstreetmap.org/way/848758606;cartographie collaborative (OSM);aucun indice fiable
a_preciser;indetermine;École primaire publique de Gbèzounmè;;public;Ouidah;Atlantique;;6.342229;1.963747;https://www.openstreetmap.org/way/848758618;cartographie collaborative (OSM);aucun indice fiable
a_preciser;indetermine;(sans nom);;non_indique;Ouidah;Atlantique;;6.310942;1.976477;https://www.openstreetmap.org/way/849397533;cartographie collaborative (OSM);aucun indice fiable
a_preciser;indetermine;(sans nom);;non_indique;Ouidah;Atlantique;;6.338753;2.006157;https://www.openstreetmap.org/way/850378474;cartographie collaborative (OSM);aucun indice fiable
superieur_ou_formation;enseignement_superieur_ou_formation;(sans nom);;non_indique;Ouidah;Atlantique;;6.334277;2.033149;https://www.openstreetmap.org/way/850389141;cartographie collaborative (OSM);attribut amenity=college
a_preciser;indetermine;École primaire publique de Toligbé;;public;Ouidah;Atlantique;;6.331065;2.033194;https://www.openstreetmap.org/way/850389145;cartographie collaborative (OSM);aucun indice fiable
a_preciser;indetermine;(sans nom);;non_indique;Ouidah;Atlantique;;6.338362;2.021433;https://www.openstreetmap.org/way/850389153;cartographie collaborative (OSM);aucun indice fiable
superieur_ou_formation;enseignement_superieur_ou_formation;Centre d'enseignement générale;;non_indique;Kpomassè;Atlantique;;6.383209;1.957862;https://www.openstreetmap.org/way/850808901;cartographie collaborative (OSM);attribut amenity=college
a_preciser;indetermine;(sans nom);;non_indique;Kpomassè;Atlantique;;6.381799;1.951215;https://www.openstreetmap.org/way/850808904;cartographie collaborative (OSM);aucun indice fiable
superieur_ou_formation;enseignement_superieur_ou_formation;Centre d'éducation générale 2 d'Agatogbo;;non_indique;Comè;Mono;;6.385442;1.939056;https://www.openstreetmap.org/way/850808955;cartographie collaborative (OSM);attribut amenity=college
a_preciser;indetermine;(sans nom);;non_indique;Comè;Mono;;6.401180;1.907229;https://www.openstreetmap.org/way/851265482;cartographie collaborative (OSM);aucun indice fiable
a_preciser;indetermine;(sans nom);;non_indique;Kpomassè;Atlantique;;6.388048;1.950494;https://www.openstreetmap.org/way/851608589;cartographie collaborative (OSM);aucun indice fiable
a_preciser;complexe_scolaire;Complexe scolaire de Guézin A & B;;non_indique;Comè;Mono;;6.392531;1.934014;https://www.openstreetmap.org/way/851628204;cartographie collaborative (OSM);nom : complexe / groupe scolaire
a_preciser;indetermine;École primaire publique d'Assogbénou Daho;;public;Kpomassè;Atlantique;;6.357886;2.002246;https://www.openstreetmap.org/way/851986072;cartographie collaborative (OSM);aucun indice fiable
a_preciser;indetermine;École primaire publique de Godonoutin;;public;Kpomassè;Atlantique;;6.380638;2.005363;https://www.openstreetmap.org/way/852409811;cartographie collaborative (OSM);aucun indice fiable
a_preciser;complexe_scolaire;Complexe scolaire d'Agonkanmè A & B;;non_indique;Kpomassè;Atlantique;;6.392141;1.993370;https://www.openstreetmap.org/way/852610357;cartographie collaborative (OSM);nom : complexe / groupe scolaire
a_preciser;indetermine;École primaire publique de Hakouè;;public;Grand-Popo;Mono;;6.303388;1.942079;https://www.openstreetmap.org/way/854295427;cartographie collaborative (OSM);aucun indice fiable
a_preciser;indetermine;(sans nom);;non_indique;Grand-Popo;Mono;;6.246601;1.676467;https://www.openstreetmap.org/way/865733580;cartographie collaborative (OSM);aucun indice fiable
a_preciser;indetermine;(sans nom);;non_indique;Ouidah;Atlantique;;6.358802;2.085053;https://www.openstreetmap.org/way/866210513;cartographie collaborative (OSM);aucun indice fiable
a_preciser;indetermine;(sans nom);;non_indique;Nikki;Borgou;;10.039225;3.375373;https://www.openstreetmap.org/way/867116407;cartographie collaborative (OSM);aucun indice fiable
a_preciser;indetermine;(sans nom);;non_indique;Ouidah;Atlantique;;6.336692;2.075438;https://www.openstreetmap.org/way/869007502;cartographie collaborative (OSM);aucun indice fiable
a_preciser;complexe_scolaire;Complexe scolaire catholique saint Jean-Baptiste;;confessionnel;Cotonou;Littoral;;6.364350;2.414886;https://www.openstreetmap.org/way/888066433;cartographie collaborative (OSM);nom : complexe / groupe scolaire
a_preciser;complexe_scolaire;Groupe Scolaire Saint Jean-Baptiste;;confessionnel;Cotonou;Littoral;;6.366287;2.414989;https://www.openstreetmap.org/way/888082087;cartographie collaborative (OSM);nom : complexe / groupe scolaire
maternel;ecole_maternelle;Ecole maternelle jean de cotonou;;non_indique;Cotonou;Littoral;;6.365561;2.414523;https://www.openstreetmap.org/way/888095262;cartographie collaborative (OSM);nom : maternelle
primaire;ecole_primaire;Ecole primaire WARRA de Gogounou;;non_indique;Gogounou;Alibori;;10.676603;2.673807;https://www.openstreetmap.org/way/888164252;cartographie collaborative (OSM);nom : école primaire
secondaire_general;college;Collège de WARRA Gogounou;;non_indique;Gogounou;Alibori;;10.682743;2.683535;https://www.openstreetmap.org/way/888173336;cartographie collaborative (OSM);nom : collège
a_preciser;complexe_scolaire;Complexe scolaire lissegazoun A et B;;non_indique;Allada;Atlantique;;6.620134;2.070940;https://www.openstreetmap.org/way/888509372;cartographie collaborative (OSM);nom : complexe / groupe scolaire
a_preciser;complexe_scolaire;Complexe scolaire la Référence SENA;;non_indique;Sèmè-Podji;Ouémé;;6.377263;2.460290;https://www.openstreetmap.org/way/888514296;cartographie collaborative (OSM);nom : complexe / groupe scolaire
a_preciser;complexe_scolaire;Complexe scolaire AZALOUGON SEME;;non_indique;Bohicon;Zou;;7.181567;2.083479;https://www.openstreetmap.org/way/888703857;cartographie collaborative (OSM);nom : complexe / groupe scolaire
a_preciser;indetermine;Ecole martenelle et primaire publique AGONVEZOUN;;public;Bohicon;Zou;;7.170676;2.040704;https://www.openstreetmap.org/way/888705031;cartographie collaborative (OSM);aucun indice fiable
primaire;ecole_primaire;Ecole primaire publique AVOGBANNA A;;public;Bohicon;Zou;;7.222504;2.081874;https://www.openstreetmap.org/way/888705935;cartographie collaborative (OSM);nom : école primaire
a_preciser;indetermine;École Catholique Saint Benoît de Zagnanado;;confessionnel;Zagnanado;Zou;;7.216642;2.390434;https://www.openstreetmap.org/way/888708183;cartographie collaborative (OSM);aucun indice fiable
a_preciser;indetermine;École primaire privée A K;;prive;Kandi;Alibori;;11.123191;2.941414;https://www.openstreetmap.org/way/888768192;cartographie collaborative (OSM);aucun indice fiable
primaire;ecole_primaire;Ecole primaire publique;;public;Klouékanmè;Couffo;;6.975004;1.836978;https://www.openstreetmap.org/way/888857944;cartographie collaborative (OSM);nom : école primaire
a_preciser;complexe_scolaire;Complexe scolaire privé Le Renaissant A et B;;prive;Klouékanmè;Couffo;;6.974796;1.839771;https://www.openstreetmap.org/way/888992201;cartographie collaborative (OSM);nom : complexe / groupe scolaire
secondaire_general;ceg;Collège d'Enseignement Général de Klouekanmey;;non_indique;Klouékanmè;Couffo;;6.981400;1.838541;https://www.openstreetmap.org/way/888992202;cartographie collaborative (OSM);nom : CEG
secondaire_general;college;Ecole et collège pivés le Renaissant;;non_indique;Djakotomey;Couffo;;6.903978;1.715984;https://www.openstreetmap.org/way/889011563;cartographie collaborative (OSM);nom : collège
a_preciser;indetermine;École primaire Saint Toussaint;;confessionnel;Savalou;Collines;;7.831436;1.667221;https://www.openstreetmap.org/way/889211304;cartographie collaborative (OSM);aucun indice fiable
primaire;ecole_primaire;Ecole primaire publique COBLY CENTRE/B;;public;Kobli;Atacora;;10.480215;1.010143;https://www.openstreetmap.org/way/889298750;cartographie collaborative (OSM);nom : école primaire
a_preciser;complexe_scolaire;Complexe Scolaire la Garde;;non_indique;Porto-Novo;Ouémé;;6.486372;2.613185;https://www.openstreetmap.org/way/890091745;cartographie collaborative (OSM);nom : complexe / groupe scolaire
a_preciser;complexe_scolaire;Complexe Scolaire l'éveil;;non_indique;Porto-Novo;Ouémé;;6.491798;2.602640;https://www.openstreetmap.org/way/890097810;cartographie collaborative (OSM);nom : complexe / groupe scolaire
a_preciser;complexe_scolaire;Complexe Scolaire Protestant Emmanuel;;confessionnel;Porto-Novo;Ouémé;;6.503446;2.626127;https://www.openstreetmap.org/way/890099827;cartographie collaborative (OSM);nom : complexe / groupe scolaire
a_preciser;complexe_scolaire;Complexe Scolaire La Réussite;;non_indique;Porto-Novo;Ouémé;;6.509155;2.617083;https://www.openstreetmap.org/way/890100946;cartographie collaborative (OSM);nom : complexe / groupe scolaire
a_preciser;complexe_scolaire;Complexe scolaire Le tremplin;;non_indique;Adjarra;Ouémé;;6.499940;2.644428;https://www.openstreetmap.org/way/890102515;cartographie collaborative (OSM);nom : complexe / groupe scolaire
a_preciser;complexe_scolaire;Complexe Scolaire Bouba;;non_indique;Sèmè-Podji;Ouémé;;6.387698;2.445092;https://www.openstreetmap.org/way/890743211;cartographie collaborative (OSM);nom : complexe / groupe scolaire
a_preciser;complexe_scolaire;Complexe scolaire privé le Génie;;prive;Sèmè-Podji;Ouémé;;6.388132;2.463749;https://www.openstreetmap.org/way/890745151;cartographie collaborative (OSM);nom : complexe / groupe scolaire
primaire;ecole_primaire;Ecole primaire HOUEDA;;non_indique;Adjohoun;Ouémé;;6.634992;2.505412;https://www.openstreetmap.org/way/890825010;cartographie collaborative (OSM);nom : école primaire
primaire;ecole_primaire;Ecole primaire les Cours Bénis;;non_indique;Avrankou;Ouémé;Privée;6.551703;2.652697;https://www.openstreetmap.org/way/890829456;cartographie collaborative (OSM);nom : école primaire
primaire;ecole_primaire;Ecole primaire publique;;public;Bembèrèkè;Borgou;;10.107856;2.646861;https://www.openstreetmap.org/way/903353176;cartographie collaborative (OSM);nom : école primaire
a_preciser;complexe_scolaire;Complexe scolaire privé saint pierre;;prive;Sèmè-Podji;Ouémé;;6.377007;2.519238;https://www.openstreetmap.org/way/923758885;cartographie collaborative (OSM);nom : complexe / groupe scolaire
a_preciser;complexe_scolaire;Complexe scolaire Victoria;;non_indique;Abomey-Calavi;Atlantique;;6.368015;2.359694;https://www.openstreetmap.org/way/923761489;cartographie collaborative (OSM);nom : complexe / groupe scolaire
a_preciser;complexe_scolaire;Complexe scolaire les Moineaux;;non_indique;Cotonou;Littoral;;6.375321;2.457880;https://www.openstreetmap.org/way/923762479;cartographie collaborative (OSM);nom : complexe / groupe scolaire
secondaire_general;college;Collège le Messie;;non_indique;Abomey-Calavi;Atlantique;;6.357245;2.348525;https://www.openstreetmap.org/way/923764608;cartographie collaborative (OSM);nom : collège
a_preciser;complexe_scolaire;Complexe scolaire privé le Libérateur;;prive;Abomey-Calavi;Atlantique;;6.359142;2.359771;https://www.openstreetmap.org/way/923973617;cartographie collaborative (OSM);nom : complexe / groupe scolaire
a_preciser;indetermine;École primaire privée Unité d'Agla;;prive;Cotonou;Littoral;;6.369443;2.365427;https://www.openstreetmap.org/way/929713308;cartographie collaborative (OSM);aucun indice fiable
a_preciser;complexe_scolaire;Complexe scolaire la Source du savoir;;non_indique;Ouidah;Atlantique;;6.360242;2.198364;https://www.openstreetmap.org/way/929766458;cartographie collaborative (OSM);nom : complexe / groupe scolaire
a_preciser;indetermine;(sans nom);;non_indique;Zè;Atlantique;;6.590387;2.292908;https://www.openstreetmap.org/way/965189858;cartographie collaborative (OSM);aucun indice fiable
secondaire_general;ceg;Collège d'Enseignement Général (CEG) 1 Savé;;public;Savè;Collines;;8.028617;2.480979;https://www.openstreetmap.org/way/1015027661;cartographie collaborative (OSM);nom : CEG
primaire;ecole_primaire;Epp;;public;Péhunco;Atacora;;10.219919;1.999356;https://www.openstreetmap.org/way/1021866441;cartographie collaborative (OSM);nom : école primaire
primaire;ecole_primaire;Ecole primaire publique;;public;Aplahoué;Couffo;;7.142107;1.761994;https://www.openstreetmap.org/way/1024336949;cartographie collaborative (OSM);nom : école primaire
primaire;ecole_primaire;Ecole primaire publique;;public;Abomey;Zou;MEMP;7.187703;2.001663;https://www.openstreetmap.org/way/1036645199;cartographie collaborative (OSM);nom : école primaire
primaire;ecole_primaire;Ecole primaire publique;;public;Lokossa;Mono;;6.670618;1.699595;https://www.openstreetmap.org/way/1036661853;cartographie collaborative (OSM);nom : école primaire
primaire;ecole_primaire;Ecole primaire publique;;public;Lokossa;Mono;;6.667663;1.694485;https://www.openstreetmap.org/way/1036661860;cartographie collaborative (OSM);nom : école primaire
a_preciser;indetermine;(sans nom);;non_indique;Abomey-Calavi;Atlantique;;6.446914;2.309297;https://www.openstreetmap.org/way/1038036161;cartographie collaborative (OSM);aucun indice fiable
a_preciser;indetermine;(sans nom);;non_indique;Abomey-Calavi;Atlantique;;6.446472;2.309414;https://www.openstreetmap.org/way/1038036162;cartographie collaborative (OSM);aucun indice fiable
primaire;ecole_primaire;Ecole primaire publique;;public;Agbangnizoun;Zou;;7.120150;2.003994;https://www.openstreetmap.org/way/1039899686;cartographie collaborative (OSM);nom : école primaire
a_preciser;indetermine;CEG1 Abomey;;non_indique;Abomey;Zou;;7.192466;1.987558;https://www.openstreetmap.org/way/1040536025;cartographie collaborative (OSM);aucun indice fiable
a_preciser;complexe_scolaire;Complexe Scolaire Oukanme;;non_indique;Abomey;Zou;;7.195448;1.981061;https://www.openstreetmap.org/way/1040537204;cartographie collaborative (OSM);nom : complexe / groupe scolaire
primaire;ecole_primaire;Ecole primaire publique;;public;Abomey;Zou;;7.194305;2.009895;https://www.openstreetmap.org/way/1040543821;cartographie collaborative (OSM);nom : école primaire
primaire;ecole_primaire;Ecole primaire publique;;public;Abomey;Zou;;7.203060;1.984553;https://www.openstreetmap.org/way/1040613214;cartographie collaborative (OSM);nom : école primaire
a_preciser;indetermine;École primaire publique Kodji-Centre;;public;Abomey;Zou;;7.209767;1.938275;https://www.openstreetmap.org/way/1040755781;cartographie collaborative (OSM);aucun indice fiable
primaire;ecole_primaire;Ecole primaire publique;;public;Djidja;Zou;;7.242266;2.014453;https://www.openstreetmap.org/way/1040763741;cartographie collaborative (OSM);nom : école primaire
primaire;ecole_primaire;Ecole primaire publique;;public;Bantè;Collines;;8.103996;1.974178;https://www.openstreetmap.org/way/1040872620;cartographie collaborative (OSM);nom : école primaire
primaire;ecole_primaire;Ecole primaire publique;;public;Sinendé;Borgou;;10.408955;2.483833;https://www.openstreetmap.org/way/1042764089;cartographie collaborative (OSM);nom : école primaire
primaire;ecole_primaire;Ecole primaire publique;;public;Djougou;Donga;;9.744532;1.947580;https://www.openstreetmap.org/way/1047605060;cartographie collaborative (OSM);nom : école primaire
primaire;ecole_primaire;Ecole primaire publique;;public;Abomey;Zou;;7.128737;2.006714;https://www.openstreetmap.org/way/1050840918;cartographie collaborative (OSM);nom : école primaire
primaire;ecole_primaire;Ecole primaire publique;;public;Agbangnizoun;Zou;;7.115209;1.999645;https://www.openstreetmap.org/way/1050854332;cartographie collaborative (OSM);nom : école primaire
primaire;ecole_primaire;Ecole primaire publique de Tindora;;public;Sinendé;Borgou;;10.204871;2.347423;https://www.openstreetmap.org/way/1097143219;cartographie collaborative (OSM);nom : école primaire
primaire;ecole_primaire;Ecole primaire publique;;public;Péhunco;Atacora;;10.226348;2.010069;https://www.openstreetmap.org/way/1097642971;cartographie collaborative (OSM);nom : école primaire
primaire;ecole_primaire;EPP Ikpinlè;;public;Adja-Ouèrè;Plateau;;6.891397;2.621097;https://www.openstreetmap.org/way/1141335860;cartographie collaborative (OSM);nom : école primaire
secondaire_general;ceg;CEG 1 Ikpinlè;;public;Adja-Ouèrè;Plateau;;6.887346;2.618981;https://www.openstreetmap.org/way/1143911709;cartographie collaborative (OSM);nom : CEG
secondaire_general;ceg;CEG 2 Ikpinlè;;public;Adja-Ouèrè;Plateau;;6.903834;2.625744;https://www.openstreetmap.org/way/1143924690;cartographie collaborative (OSM);nom : CEG
a_preciser;indetermine;CSP Fignon;;non_indique;Adja-Ouèrè;Plateau;;6.899705;2.624669;https://www.openstreetmap.org/way/1145427589;cartographie collaborative (OSM);aucun indice fiable
a_preciser;indetermine;École Marternelle Publique d'Ikpinlè;;public;Adja-Ouèrè;Plateau;;6.891839;2.622219;https://www.openstreetmap.org/way/1146953742;cartographie collaborative (OSM);aucun indice fiable
a_preciser;indetermine;(sans nom);;non_indique;Adja-Ouèrè;Plateau;;6.891910;2.622309;https://www.openstreetmap.org/way/1146953743;cartographie collaborative (OSM);aucun indice fiable
secondaire_general;ceg;Terrains de Sport du CEG 1 Ikpinlè;;public;Adja-Ouèrè;Plateau;;6.886378;2.618695;https://www.openstreetmap.org/way/1147012215;cartographie collaborative (OSM);nom : CEG
a_preciser;indetermine;École Primaire Publique Huilerie d'Agonvy;;public;Adja-Ouèrè;Plateau;;6.889179;2.606667;https://www.openstreetmap.org/way/1147865262;cartographie collaborative (OSM);aucun indice fiable
a_preciser;indetermine;(sans nom);;non_indique;Adja-Ouèrè;Plateau;;6.889772;2.620918;https://www.openstreetmap.org/way/1163825512;cartographie collaborative (OSM);aucun indice fiable
primaire;ecole_primaire;EPP Saint-Michel;;public;Adja-Ouèrè;Plateau;;6.890083;2.618851;https://www.openstreetmap.org/way/1163825513;cartographie collaborative (OSM);nom : école primaire
superieur;universite;Institut Universitaire MATHFINECO;;non_indique;Abomey-Calavi;Atlantique;;6.478857;2.345084;https://www.openstreetmap.org/way/1185364325;cartographie collaborative (OSM);nom : université
a_preciser;indetermine;(sans nom);;non_indique;Bohicon;Zou;;7.199244;2.053850;https://www.openstreetmap.org/way/1206065429;cartographie collaborative (OSM);aucun indice fiable
primaire;ecole_primaire;EPP;;public;Tanguiéta;Atacora;;10.571660;1.220886;https://www.openstreetmap.org/way/1334457194;cartographie collaborative (OSM);nom : école primaire
primaire;ecole_primaire;EPP Kognica;;public;Tanguiéta;Atacora;;10.521537;1.203110;https://www.openstreetmap.org/way/1334457202;cartographie collaborative (OSM);nom : école primaire
primaire;ecole_primaire;EPP;;public;Tanguiéta;Atacora;;10.496048;1.190603;https://www.openstreetmap.org/way/1334457207;cartographie collaborative (OSM);nom : école primaire
primaire;ecole_primaire;EPP Taiakou;;public;Tanguiéta;Atacora;;10.545625;1.213257;https://www.openstreetmap.org/way/1334457208;cartographie collaborative (OSM);nom : école primaire
primaire;ecole_primaire;EPP;;public;Tanguiéta;Atacora;;10.587634;1.237288;https://www.openstreetmap.org/way/1334958639;cartographie collaborative (OSM);nom : école primaire
a_preciser;indetermine;(sans nom);;non_indique;Tanguiéta;Atacora;;10.612495;1.258004;https://www.openstreetmap.org/way/1335775506;cartographie collaborative (OSM);aucun indice fiable
primaire;ecole_primaire;EPP Kosso;;public;Tanguiéta;Atacora;;10.617210;1.291990;https://www.openstreetmap.org/way/1344812516;cartographie collaborative (OSM);nom : école primaire
primaire;isced_1;CSP de Godje;;non_indique;Tanguiéta;Atacora;;10.616808;1.273609;https://www.openstreetmap.org/way/1345130482;cartographie collaborative (OSM);attribut isced:level
a_preciser;indetermine;(sans nom);;non_indique;Comè;Mono;;6.468122;1.920721;https://www.openstreetmap.org/way/1351897039;cartographie collaborative (OSM);aucun indice fiable
a_preciser;indetermine;(sans nom);;non_indique;Za-Kpota;Zou;;7.232597;2.110997;https://www.openstreetmap.org/way/1355412397;cartographie collaborative (OSM);aucun indice fiable
a_preciser;indetermine;(sans nom);;non_indique;Adja-Ouèrè;Plateau;;6.904897;2.618917;https://www.openstreetmap.org/way/1359356084;cartographie collaborative (OSM);aucun indice fiable
superieur;enseignement_superieur;Ecole Nationale Des Officiers;;non_indique;Toffo;Atlantique;;6.833513;2.087632;https://www.openstreetmap.org/way/1364671432;cartographie collaborative (OSM);nom : école supérieure / institut
primaire;ecole_primaire;EPP Toyinouhoue;;public;Toviklin;Couffo;;6.856754;1.800985;https://www.openstreetmap.org/way/1364710061;cartographie collaborative (OSM);nom : école primaire
a_preciser;indetermine;(sans nom);;non_indique;Ouèssè;Collines;;8.576352;2.604385;https://www.openstreetmap.org/way/1365550985;cartographie collaborative (OSM);aucun indice fiable
a_preciser;indetermine;(sans nom);;non_indique;Ouèssè;Collines;;8.574448;2.600592;https://www.openstreetmap.org/way/1365550986;cartographie collaborative (OSM);aucun indice fiable
a_preciser;indetermine;(sans nom);;non_indique;Tchaourou;Borgou;;9.127943;2.557487;https://www.openstreetmap.org/way/1365550992;cartographie collaborative (OSM);aucun indice fiable
a_preciser;indetermine;Ecole de Base Dekanme Groupes A et B;;non_indique;Kpomassè;Atlantique;;6.562713;1.995042;https://www.openstreetmap.org/way/1392380658;cartographie collaborative (OSM);aucun indice fiable
a_preciser;indetermine;École primaire publique Ganvié 1;;public;Sô-Ava;Atlantique;Ministère des Enseignements Maternel et Primaire;6.473543;2.389131;https://www.openstreetmap.org/way/1436296591;cartographie collaborative (OSM);aucun indice fiable
secondaire_general;ceg;CEG LOGOZOHE;;public;Savalou;Collines;;7.895225;2.078403;https://www.openstreetmap.org/way/1451971271;cartographie collaborative (OSM);nom : CEG
a_preciser;indetermine;(sans nom);;non_indique;Dassa-Zoumè;Collines;;7.773998;2.195571;https://www.openstreetmap.org/way/1533652749;cartographie collaborative (OSM);aucun indice fiable
secondaire_general;ceg;CEG 1 Dassa;;public;Dassa-Zoumè;Collines;;7.781974;2.203243;https://www.openstreetmap.org/way/1533652753;cartographie collaborative (OSM);nom : CEG
primaire;ecole_primaire;Epp Yadikparou;;public;Banikoara;Alibori;;11.296327;2.440803;https://www.openstreetmap.org/way/1548907286;cartographie collaborative (OSM);nom : école primaire
a_preciser;complexe_scolaire;"Complexe Scolaire ""Les Protégés""";;non_indique;Abomey-Calavi;Atlantique;;6.536382;2.349398;https://www.openstreetmap.org/way/1553721236;cartographie collaborative (OSM);nom : complexe / groupe scolaire
a_preciser;complexe_scolaire;Complexe Scolaire Privé LE SAUT DE L'ÈTERNEL;;prive;Abomey-Calavi;Atlantique;;6.393408;2.312019;https://www.openstreetmap.org/way/1563231535;cartographie collaborative (OSM);nom : complexe / groupe scolaire
superieur;universite;Vérichaguine;;non_indique;Cotonou;Littoral;;6.361470;2.407423;https://www.openstreetmap.org/relation/6260821;cartographie collaborative (OSM);attribut amenity=university
secondaire_general;lycee;Lycée;;non_indique;Kandi;Alibori;;11.137824;2.888350;https://www.openstreetmap.org/relation/9983205;cartographie collaborative (OSM);nom : lycée
secondaire_general;ceg;CEG Ségbana;;public;Ségbana;Alibori;;10.932543;3.689069;https://www.openstreetmap.org/relation/10024855;cartographie collaborative (OSM);nom : CEG
primaire;ecole_primaire;EPP Sègbana;;public;Ségbana;Alibori;;10.930995;3.690310;https://www.openstreetmap.org/relation/10024856;cartographie collaborative (OSM);nom : école primaire
a_preciser;indetermine;(sans nom);;non_indique;Parakou;Borgou;;9.334721;2.627816;https://www.openstreetmap.org/relation/10053629;cartographie collaborative (OSM);aucun indice fiable
a_preciser;indetermine;École primaire publique de Kikélé;;public;Bassila;Donga;;9.014214;1.729218;https://www.openstreetmap.org/relation/10065711;cartographie collaborative (OSM);aucun indice fiable
superieur;enseignement_superieur;Faculté;;non_indique;Tchaourou;Borgou;;8.882691;2.599045;https://www.openstreetmap.org/relation/10375861;cartographie collaborative (OSM);nom : école supérieure / institut
a_preciser;indetermine;(sans nom);;non_indique;Tchaourou;Borgou;;8.885101;2.594222;https://www.openstreetmap.org/relation/10376678;cartographie collaborative (OSM);aucun indice fiable
a_preciser;indetermine;(sans nom);;non_indique;Tchaourou;Borgou;;8.974718;2.502398;https://www.openstreetmap.org/relation/10383496;cartographie collaborative (OSM);aucun indice fiable
secondaire_general;ceg;Collège d'enseignement général public de Tchaourou;;public;Tchaourou;Borgou;;8.866542;2.605014;https://www.openstreetmap.org/relation/10384986;cartographie collaborative (OSM);nom : CEG
a_preciser;indetermine;École primaire publique de Kassouala Kadjola;;public;Tchaourou;Borgou;;8.911980;2.720303;https://www.openstreetmap.org/relation/10393412;cartographie collaborative (OSM);aucun indice fiable
superieur;universite;Université Nationale d'Agriculture - Campus de Sakété;;non_indique;Sakété;Plateau;;6.691906;2.642732;https://www.openstreetmap.org/relation/11228777;cartographie collaborative (OSM);nom : université
a_preciser;indetermine;(sans nom);;non_indique;Aguégués;Ouémé;;6.506081;2.562618;https://www.openstreetmap.org/relation/11258626;cartographie collaborative (OSM);aucun indice fiable
secondaire_general;lycee;Lycée Béhanzin;;non_indique;Porto-Novo;Ouémé;;6.480070;2.615561;https://www.openstreetmap.org/relation/11258944;cartographie collaborative (OSM);nom : lycée
a_preciser;indetermine;Centre d'Éducation Générale de Davié;;non_indique;Porto-Novo;Ouémé;;6.481841;2.635804;https://www.openstreetmap.org/relation/11264287;cartographie collaborative (OSM);aucun indice fiable
a_preciser;indetermine;(sans nom);;non_indique;Porto-Novo;Ouémé;;6.482127;2.636704;https://www.openstreetmap.org/relation/11264288;cartographie collaborative (OSM);aucun indice fiable
a_preciser;indetermine;(sans nom);;non_indique;Abomey-Calavi;Atlantique;;6.361256;2.349928;https://www.openstreetmap.org/relation/11282273;cartographie collaborative (OSM);aucun indice fiable
superieur;enseignement_superieur;Faculté des Sciences de la Santé;;non_indique;Cotonou;Littoral;;6.355269;2.408046;https://www.openstreetmap.org/relation/11292029;cartographie collaborative (OSM);nom : école supérieure / institut
a_preciser;complexe_scolaire;Complexe Scolaire Akpakpa Nord;;non_indique;Cotonou;Littoral;;6.378410;2.444034;https://www.openstreetmap.org/relation/11311414;cartographie collaborative (OSM);nom : complexe / groupe scolaire
superieur;universite;Université Africaine de Développement Coopératif (UADC);;non_indique;Cotonou;Littoral;;6.362174;2.462320;https://www.openstreetmap.org/relation/11321791;cartographie collaborative (OSM);nom : université
a_preciser;indetermine;(sans nom);;non_indique;Cotonou;Littoral;;6.363324;2.470666;https://www.openstreetmap.org/relation/11321794;cartographie collaborative (OSM);aucun indice fiable
a_preciser;indetermine;(sans nom);;non_indique;Tori-Bossito;Atlantique;;6.470675;2.170837;https://www.openstreetmap.org/relation/11518516;cartographie collaborative (OSM);aucun indice fiable
a_preciser;indetermine;(sans nom);;non_indique;Grand-Popo;Mono;;6.276492;1.804789;https://www.openstreetmap.org/relation/11722683;cartographie collaborative (OSM);aucun indice fiable
a_preciser;indetermine;(sans nom);;non_indique;Grand-Popo;Mono;;6.279563;1.823944;https://www.openstreetmap.org/relation/11724252;cartographie collaborative (OSM);aucun indice fiable
a_preciser;indetermine;École primaire publique d'Avlo Houta;;public;Grand-Popo;Mono;;6.290395;1.892573;https://www.openstreetmap.org/relation/11771513;cartographie collaborative (OSM);aucun indice fiable
a_preciser;indetermine;École primaire publique de Houndjohoundji;;public;Grand-Popo;Mono;;6.303758;1.833551;https://www.openstreetmap.org/relation/11774510;cartographie collaborative (OSM);aucun indice fiable
a_preciser;indetermine;École primaire publique de Hilla-Condji;;public;Grand-Popo;Mono;;6.241768;1.634711;https://www.openstreetmap.org/relation/11813193;cartographie collaborative (OSM);aucun indice fiable
a_preciser;indetermine;(sans nom);;non_indique;Ouidah;Atlantique;;6.320253;2.062667;https://www.openstreetmap.org/relation/11877145;cartographie collaborative (OSM);aucun indice fiable
