id;nom;sigle;type;type_libelle;niveaux;statut;commune_id;rattachement;latitude;longitude;source;preuve;remarque
REF-94CF9C92DD64;Université d'Abomey-Calavi;UAC;universite;Université;superieur;public;abomey-calavi;UAC;;;https://sgg.gouv.bj/doc/decret-2016-638/ | https://recherche-universitaire.uac.bj/wp-content/uploads/2023/11/Annuaire_Statistiques_UAC_2021_2022_29_10_2023.pdf | https://www.uac.bj/wp-content/uploads/2024/11/Quelques_Statistiques_sur_Annee_Academique_2023_2024_UAC_10_09_2024-1.pdf | https://enseignementsuperieur.gouv.bj/uploads/document_actualite/4fa961e0a40ad936d2999887d6721e15.pdf;officielle;Université nationale pluridisciplinaire (décret 2016-638). 7 centres universitaires (annuaire UAC 2021-2022, stats 2023-2024).
REF-46BA451F8C3D;Université de Parakou;UP;universite;Université;superieur;public;parakou;UP;;;https://sgg.gouv.bj/doc/decret-2016-638/ | https://www.univ-parakou.bj/ | https://fr.wikipedia.org/wiki/Universit%C3%A9_de_Parakou | https://enseignementsuperieur.gouv.bj/uploads/document_actualite/4fa961e0a40ad936d2999887d6721e15.pdf;officielle;"Université nationale pluridisciplinaire (décret 2016-638). Le décret a regroupé à Parakou les entités de Kandi (ENSAGAP), Djougou (ENSTA), Savè (FASEG), Tchaourou (FDSP) et Gogounou ; Wikipédia : plus de centre universitaire hors Parakou depuis 2016."
REF-728C217F2218;Université Nationale des Sciences, Technologies, Ingénierie et Mathématiques;UNSTIM;universite;Université;superieur;public;abomey;UNSTIM;;;https://sgg.gouv.bj/doc/decret-2016-638/ | https://unstim.bj/formations/les-entit%C3%A9s-de-formation | https://enseignementsuperieur.gouv.bj/uploads/document_actualite/4fa961e0a40ad936d2999887d6721e15.pdf;officielle;"Université nationale thématique ; rectorat installé à Abomey (art. 13 décret 2016-638)."
REF-CC949ABB48B8;Université Nationale d'Agriculture;UNA;universite;Université;superieur;public;porto-novo;UNA;;;https://sgg.gouv.bj/doc/decret-2016-638/ | https://una.bj/schools | https://fr.wikipedia.org/wiki/Universit%C3%A9_nationale_d'agriculture | https://enseignementsuperieur.gouv.bj/uploads/document_actualite/4fa961e0a40ad936d2999887d6721e15.pdf;officielle;"SIÈGE INCERTAIN : décret 2016-638 (art. 16) = rectorat à Porto-Novo ; Wikipédia FR indique Sakété, Wikipédia EN Kétou. À confirmer auprès de l'UNA."
REF-3C702DE8633A;Faculté de Droit et de Science Politique;FADESP;faculte;Faculté;superieur;public;abomey-calavi;UAC;;;https://enseignementsuperieur.gouv.bj/uploads/document_actualite/4fa961e0a40ad936d2999887d6721e15.pdf | https://recherche-universitaire.uac.bj/wp-content/uploads/2023/11/Annuaire_Statistiques_UAC_2021_2022_29_10_2023.pdf | https://www.uac.bj/wp-content/uploads/2024/11/Quelques_Statistiques_sur_Annee_Academique_2023_2024_UAC_10_09_2024-1.pdf;officielle;Localisation d'après le tableau 2 de l'annuaire UAC 2021-2022. Domaines résumés d'après les filières du guide MESRS 2026-2027.
REF-76FCCDC757AE;Faculté des Sciences Économiques et de Gestion;FASEG;faculte;Faculté;superieur;public;abomey-calavi;UAC;;;https://enseignementsuperieur.gouv.bj/uploads/document_actualite/4fa961e0a40ad936d2999887d6721e15.pdf | https://recherche-universitaire.uac.bj/wp-content/uploads/2023/11/Annuaire_Statistiques_UAC_2021_2022_29_10_2023.pdf | https://www.uac.bj/wp-content/uploads/2024/11/Quelques_Statistiques_sur_Annee_Academique_2023_2024_UAC_10_09_2024-1.pdf;officielle;Localisation d'après le tableau 2 de l'annuaire UAC 2021-2022. Domaines résumés d'après les filières du guide MESRS 2026-2027.
REF-7072189355C6;Faculté des Sciences Humaines et Sociales;FASHS;faculte;Faculté;superieur;public;abomey-calavi;UAC;;;https://enseignementsuperieur.gouv.bj/uploads/document_actualite/4fa961e0a40ad936d2999887d6721e15.pdf | https://recherche-universitaire.uac.bj/wp-content/uploads/2023/11/Annuaire_Statistiques_UAC_2021_2022_29_10_2023.pdf | https://www.uac.bj/wp-content/uploads/2024/11/Quelques_Statistiques_sur_Annee_Academique_2023_2024_UAC_10_09_2024-1.pdf;officielle;Localisation d'après le tableau 2 de l'annuaire UAC 2021-2022. Domaines résumés d'après les filières du guide MESRS 2026-2027.
REF-55B0828C68AB;Faculté des Sciences et Techniques;FAST;faculte;Faculté;superieur;public;abomey-calavi;UAC;;;https://enseignementsuperieur.gouv.bj/uploads/document_actualite/4fa961e0a40ad936d2999887d6721e15.pdf | https://recherche-universitaire.uac.bj/wp-content/uploads/2023/11/Annuaire_Statistiques_UAC_2021_2022_29_10_2023.pdf | https://www.uac.bj/wp-content/uploads/2024/11/Quelques_Statistiques_sur_Annee_Academique_2023_2024_UAC_10_09_2024-1.pdf;officielle;Localisation d'après le tableau 2 de l'annuaire UAC 2021-2022. Domaines résumés d'après les filières du guide MESRS 2026-2027.
REF-7CF6A6B38666;Faculté des Lettres, Langues, Arts et Communication;FLLAC;faculte;Faculté;superieur;public;abomey-calavi;UAC;;;https://enseignementsuperieur.gouv.bj/uploads/document_actualite/4fa961e0a40ad936d2999887d6721e15.pdf | https://recherche-universitaire.uac.bj/wp-content/uploads/2023/11/Annuaire_Statistiques_UAC_2021_2022_29_10_2023.pdf | https://www.uac.bj/wp-content/uploads/2024/11/Quelques_Statistiques_sur_Annee_Academique_2023_2024_UAC_10_09_2024-1.pdf;officielle;Localisation d'après le tableau 2 de l'annuaire UAC 2021-2022. Domaines résumés d'après les filières du guide MESRS 2026-2027.
REF-F2351926DE11;Faculté des Lettres, Arts et Sciences Humaines d'Adjarra;FLASH-Adjarra;faculte;Faculté;superieur;public;adjarra;UAC;;;https://enseignementsuperieur.gouv.bj/uploads/document_actualite/4fa961e0a40ad936d2999887d6721e15.pdf | https://recherche-universitaire.uac.bj/wp-content/uploads/2023/11/Annuaire_Statistiques_UAC_2021_2022_29_10_2023.pdf | https://www.uac.bj/wp-content/uploads/2024/11/Quelques_Statistiques_sur_Annee_Academique_2023_2024_UAC_10_09_2024-1.pdf;officielle;Rattachée à l'UAC par le décret 2016-638 (la FLASH d'Aplahoué a été regroupée à l'UAC). Localisation d'après le tableau 2 de l'annuaire UAC 2021-2022. Domaines résumés d'après les filières du guide MESRS 2026-2027.
REF-E4343B927D41;Faculté des Sciences Agronomiques;FSA;faculte;Faculté;superieur;public;abomey-calavi;UAC;;;https://enseignementsuperieur.gouv.bj/uploads/document_actualite/4fa961e0a40ad936d2999887d6721e15.pdf | https://recherche-universitaire.uac.bj/wp-content/uploads/2023/11/Annuaire_Statistiques_UAC_2021_2022_29_10_2023.pdf | https://www.uac.bj/wp-content/uploads/2024/11/Quelques_Statistiques_sur_Annee_Academique_2023_2024_UAC_10_09_2024-1.pdf;officielle;Localisation d'après le tableau 2 de l'annuaire UAC 2021-2022. Domaines résumés d'après les filières du guide MESRS 2026-2027.
REF-FC6FBE19301C;Faculté des Sciences de la Santé;FSS;faculte;Faculté;superieur;public;cotonou;UAC;;;https://enseignementsuperieur.gouv.bj/uploads/document_actualite/4fa961e0a40ad936d2999887d6721e15.pdf | https://recherche-universitaire.uac.bj/wp-content/uploads/2023/11/Annuaire_Statistiques_UAC_2021_2022_29_10_2023.pdf | https://www.uac.bj/wp-content/uploads/2024/11/Quelques_Statistiques_sur_Annee_Academique_2023_2024_UAC_10_09_2024-1.pdf;officielle;Adresse Champ de Foire : https://www.fss-cotonou.com/nous-contacter/ (hors guide). Localisation d'après le tableau 2 de l'annuaire UAC 2021-2022. Domaines résumés d'après les filières du guide MESRS 2026-2027.
REF-2D578AFF4DCE;École Polytechnique d'Abomey-Calavi;EPAC;ecole_superieure;École supérieure;superieur;public;abomey-calavi;UAC;;;https://enseignementsuperieur.gouv.bj/uploads/document_actualite/4fa961e0a40ad936d2999887d6721e15.pdf | https://recherche-universitaire.uac.bj/wp-content/uploads/2023/11/Annuaire_Statistiques_UAC_2021_2022_29_10_2023.pdf | https://www.uac.bj/wp-content/uploads/2024/11/Quelques_Statistiques_sur_Annee_Academique_2023_2024_UAC_10_09_2024-1.pdf;officielle;Localisation d'après le tableau 2 de l'annuaire UAC 2021-2022. Domaines résumés d'après les filières du guide MESRS 2026-2027.
REF-6E27389D64C3;École Nationale d'Administration (ex-ENAM, École Nationale d'Administration et de Magistrature);ENA;ecole_nationale;École nationale;superieur;public;abomey-calavi;UAC;;;https://enseignementsuperieur.gouv.bj/uploads/document_actualite/4fa961e0a40ad936d2999887d6721e15.pdf | https://recherche-universitaire.uac.bj/wp-content/uploads/2023/11/Annuaire_Statistiques_UAC_2021_2022_29_10_2023.pdf | https://www.uac.bj/wp-content/uploads/2024/11/Quelques_Statistiques_sur_Annee_Academique_2023_2024_UAC_10_09_2024-1.pdf;officielle;Nouvelle dénomination depuis 2021-2022 (formation des magistrats retirée à l'UAC) selon l'annuaire UAC. Localisation d'après le tableau 2 de l'annuaire UAC 2021-2022. Domaines résumés d'après les filières du guide MESRS 2026-2027.
REF-F84E05187938;École Nationale d'Économie Appliquée et de Management;ENEAM;ecole_nationale;École nationale;superieur;public;cotonou;UAC;;;https://enseignementsuperieur.gouv.bj/uploads/document_actualite/4fa961e0a40ad936d2999887d6721e15.pdf | https://recherche-universitaire.uac.bj/wp-content/uploads/2023/11/Annuaire_Statistiques_UAC_2021_2022_29_10_2023.pdf | https://www.uac.bj/wp-content/uploads/2024/11/Quelques_Statistiques_sur_Annee_Academique_2023_2024_UAC_10_09_2024-1.pdf;officielle;Quartier Gbégamey d'après https://eneam.uac.bj/contacts (vu via extrait de recherche, page non ouverte). Localisation d'après le tableau 2 de l'annuaire UAC 2021-2022. Domaines résumés d'après les filières du guide MESRS 2026-2027.
REF-B1EBA86668F1;École Nationale des Sciences et Techniques de l'Information et de la Communication;ENSTIC;ecole_nationale;École nationale;superieur;public;abomey-calavi;UAC;;;https://enseignementsuperieur.gouv.bj/uploads/document_actualite/4fa961e0a40ad936d2999887d6721e15.pdf | https://recherche-universitaire.uac.bj/wp-content/uploads/2023/11/Annuaire_Statistiques_UAC_2021_2022_29_10_2023.pdf | https://www.uac.bj/wp-content/uploads/2024/11/Quelques_Statistiques_sur_Annee_Academique_2023_2024_UAC_10_09_2024-1.pdf;officielle;Ex-ENSTIC de Savalou, regroupée à l'UAC (décret 2016-638). Localisation d'après le tableau 2 de l'annuaire UAC 2021-2022. Domaines résumés d'après les filières du guide MESRS 2026-2027.
REF-ED4724BFBD06;École Normale Supérieure de Porto-Novo;ENS;ecole_normale_superieure;École normale supérieure;superieur;public;porto-novo;UAC;;;https://enseignementsuperieur.gouv.bj/uploads/document_actualite/4fa961e0a40ad936d2999887d6721e15.pdf | https://recherche-universitaire.uac.bj/wp-content/uploads/2023/11/Annuaire_Statistiques_UAC_2021_2022_29_10_2023.pdf | https://www.uac.bj/wp-content/uploads/2024/11/Quelques_Statistiques_sur_Annee_Academique_2023_2024_UAC_10_09_2024-1.pdf;officielle;Ex-ENS de l'ancienne Université de Porto-Novo, rattachée à l'UAC (décret 2016-638). Localisation d'après le tableau 2 de l'annuaire UAC 2021-2022. Domaines résumés d'après les filières du guide MESRS 2026-2027.
REF-64683AAC2FF5;École du Patrimoine Africain;EPA;ecole_superieure;École supérieure;superieur;public;porto-novo;UAC;;;https://enseignementsuperieur.gouv.bj/uploads/document_actualite/4fa961e0a40ad936d2999887d6721e15.pdf | https://recherche-universitaire.uac.bj/wp-content/uploads/2023/11/Annuaire_Statistiques_UAC_2021_2022_29_10_2023.pdf | https://www.uac.bj/wp-content/uploads/2024/11/Quelques_Statistiques_sur_Annee_Academique_2023_2024_UAC_10_09_2024-1.pdf;officielle;Listée sous l'UAC par le guide MESRS et l'annuaire UAC. Statut institutionnel exact (école de l'UAC ou institution partenaire) à vérifier. Localisation d'après le tableau 2 de l'annuaire UAC 2021-2022. Domaines résumés d'après les filières du guide MESRS 2026-2027.
REF-44212E8314FC;Haute École Régionale de Commerce International;HERCI;ecole_superieure;École supérieure;superieur;public;seme-podji;UAC;;;https://enseignementsuperieur.gouv.bj/uploads/document_actualite/4fa961e0a40ad936d2999887d6721e15.pdf | https://recherche-universitaire.uac.bj/wp-content/uploads/2023/11/Annuaire_Statistiques_UAC_2021_2022_29_10_2023.pdf | https://www.uac.bj/wp-content/uploads/2024/11/Quelques_Statistiques_sur_Annee_Academique_2023_2024_UAC_10_09_2024-1.pdf;officielle;L'annuaire UAC la situe à Agblangandan (Sèmè-Kraké) et signale qu'elle est souvent comptée à tort avec Porto-Novo. Rattachée par le décret 2016-638. Localisation d'après le tableau 2 de l'annuaire UAC 2021-2022. Domaines résumés d'après les filières du guide MESRS 2026-2027.
REF-A3266B98BEDA;Institut de Formation et de Recherche en Informatique;IFRI;institut;Institut;superieur;public;abomey-calavi;UAC;;;https://enseignementsuperieur.gouv.bj/uploads/document_actualite/4fa961e0a40ad936d2999887d6721e15.pdf | https://recherche-universitaire.uac.bj/wp-content/uploads/2023/11/Annuaire_Statistiques_UAC_2021_2022_29_10_2023.pdf | https://www.uac.bj/wp-content/uploads/2024/11/Quelques_Statistiques_sur_Annee_Academique_2023_2024_UAC_10_09_2024-1.pdf;officielle;Localisation d'après le tableau 2 de l'annuaire UAC 2021-2022. Domaines résumés d'après les filières du guide MESRS 2026-2027.
REF-FD33C1AED2C8;Institut de Mathématiques et de Sciences Physiques;IMSP;institut;Institut;superieur;public;dangbo;UAC;;;https://enseignementsuperieur.gouv.bj/uploads/document_actualite/4fa961e0a40ad936d2999887d6721e15.pdf | https://recherche-universitaire.uac.bj/wp-content/uploads/2023/11/Annuaire_Statistiques_UAC_2021_2022_29_10_2023.pdf | https://www.uac.bj/wp-content/uploads/2024/11/Quelques_Statistiques_sur_Annee_Academique_2023_2024_UAC_10_09_2024-1.pdf;officielle;Rattaché à l'UAC par le décret 2016-638. Localisation d'après le tableau 2 de l'annuaire UAC 2021-2022. Domaines résumés d'après les filières du guide MESRS 2026-2027.
REF-CD7D9BAD4A35;Institut National de l'Eau;INE;institut;Institut;superieur;public;abomey-calavi;UAC;;;https://enseignementsuperieur.gouv.bj/uploads/document_actualite/4fa961e0a40ad936d2999887d6721e15.pdf | https://recherche-universitaire.uac.bj/wp-content/uploads/2023/11/Annuaire_Statistiques_UAC_2021_2022_29_10_2023.pdf | https://www.uac.bj/wp-content/uploads/2024/11/Quelques_Statistiques_sur_Annee_Academique_2023_2024_UAC_10_09_2024-1.pdf;officielle;Localisation d'après le tableau 2 de l'annuaire UAC 2021-2022. Domaines résumés d'après les filières du guide MESRS 2026-2027.
REF-9DDD94C4E134;Institut de Cadre de Vie (ex-IGATE, Institut de Géographie, de l'Aménagement du Territoire et de l'Environnement);ICaV;institut;Institut;superieur;public;abomey-calavi;UAC;;;https://enseignementsuperieur.gouv.bj/uploads/document_actualite/4fa961e0a40ad936d2999887d6721e15.pdf | https://recherche-universitaire.uac.bj/wp-content/uploads/2023/11/Annuaire_Statistiques_UAC_2021_2022_29_10_2023.pdf | https://www.uac.bj/wp-content/uploads/2024/11/Quelques_Statistiques_sur_Annee_Academique_2023_2024_UAC_10_09_2024-1.pdf;officielle;Ex-IGATE, renommé en 2021-2022 (annuaire UAC). Localisation d'après le tableau 2 de l'annuaire UAC 2021-2022. Domaines résumés d'après les filières du guide MESRS 2026-2027.
REF-E58F7EC24691;Institut National de l'Éducation Physique et du Sport (ex-INJEPS);INEPS;institut;Institut;superieur;public;porto-novo;UAC;;;https://enseignementsuperieur.gouv.bj/uploads/document_actualite/4fa961e0a40ad936d2999887d6721e15.pdf | https://recherche-universitaire.uac.bj/wp-content/uploads/2023/11/Annuaire_Statistiques_UAC_2021_2022_29_10_2023.pdf | https://www.uac.bj/wp-content/uploads/2024/11/Quelques_Statistiques_sur_Annee_Academique_2023_2024_UAC_10_09_2024-1.pdf;officielle;"Guide 2026-2027 : « Institut National de l'Éducation Physique et Sportive » ; annuaire UAC : « … et du Sport ». Ex-INJEPS de Porto-Novo rattaché à l'UAC (décret 2016-638). Localisation d'après le tableau 2 de l'annuaire UAC 2021-2022. Domaines résumés d'après les filières du guide MESRS 2026-2027."
REF-7C9C68064681;Institut National des Métiers d'Arts, d'Archéologie et de la Culture;INMAAC;institut;Institut;superieur;public;abomey-calavi;UAC;;;https://enseignementsuperieur.gouv.bj/uploads/document_actualite/4fa961e0a40ad936d2999887d6721e15.pdf | https://recherche-universitaire.uac.bj/wp-content/uploads/2023/11/Annuaire_Statistiques_UAC_2021_2022_29_10_2023.pdf | https://www.uac.bj/wp-content/uploads/2024/11/Quelques_Statistiques_sur_Annee_Academique_2023_2024_UAC_10_09_2024-1.pdf;officielle;Localisation d'après le tableau 2 de l'annuaire UAC 2021-2022. Domaines résumés d'après les filières du guide MESRS 2026-2027.
REF-894415872558;Institut National Médico-Sanitaire;INMeS;institut;Institut;superieur;public;cotonou;UAC;;;https://enseignementsuperieur.gouv.bj/uploads/document_actualite/4fa961e0a40ad936d2999887d6721e15.pdf | https://recherche-universitaire.uac.bj/wp-content/uploads/2023/11/Annuaire_Statistiques_UAC_2021_2022_29_10_2023.pdf | https://www.uac.bj/wp-content/uploads/2024/11/Quelques_Statistiques_sur_Annee_Academique_2023_2024_UAC_10_09_2024-1.pdf;officielle;Sigle écrit « INeMES » dans le guide 2026-2027, « INMeS » dans les statistiques UAC. Localisation d'après le tableau 2 de l'annuaire UAC 2021-2022. Domaines résumés d'après les filières du guide MESRS 2026-2027.
REF-CAB1A66FEFB1;Institut Régional de Santé Publique;IRSP;institut;Institut;superieur;public;ouidah;UAC;;;https://enseignementsuperieur.gouv.bj/uploads/document_actualite/4fa961e0a40ad936d2999887d6721e15.pdf | https://recherche-universitaire.uac.bj/wp-content/uploads/2023/11/Annuaire_Statistiques_UAC_2021_2022_29_10_2023.pdf | https://www.uac.bj/wp-content/uploads/2024/11/Quelques_Statistiques_sur_Annee_Academique_2023_2024_UAC_10_09_2024-1.pdf;officielle;Localisation d'après le tableau 2 de l'annuaire UAC 2021-2022. Domaines résumés d'après les filières du guide MESRS 2026-2027.
REF-009BAF277977;Institut de Langue Arabe et de Culture Islamique;ILACI;institut;Institut;superieur;public;abomey-calavi;UAC;;;https://enseignementsuperieur.gouv.bj/uploads/document_actualite/4fa961e0a40ad936d2999887d6721e15.pdf | https://recherche-universitaire.uac.bj/wp-content/uploads/2023/11/Annuaire_Statistiques_UAC_2021_2022_29_10_2023.pdf | https://www.uac.bj/wp-content/uploads/2024/11/Quelques_Statistiques_sur_Annee_Academique_2023_2024_UAC_10_09_2024-1.pdf;officielle;L'annuaire UAC écrit « Institut des Langues Arabes et Cultures Islamiques ». Localisation d'après le tableau 2 de l'annuaire UAC 2021-2022. Domaines résumés d'après les filières du guide MESRS 2026-2027.
REF-B2BDFC0A9A53;Institut Confucius (institut de langue chinoise);IC;institut;Institut;superieur;public;abomey-calavi;UAC;;;https://enseignementsuperieur.gouv.bj/uploads/document_actualite/4fa961e0a40ad936d2999887d6721e15.pdf | https://recherche-universitaire.uac.bj/wp-content/uploads/2023/11/Annuaire_Statistiques_UAC_2021_2022_29_10_2023.pdf | https://www.uac.bj/wp-content/uploads/2024/11/Quelques_Statistiques_sur_Annee_Academique_2023_2024_UAC_10_09_2024-1.pdf;officielle;Localisation d'après le tableau 2 de l'annuaire UAC 2021-2022. Domaines résumés d'après les filières du guide MESRS 2026-2027.
REF-EE77C3742673;Centre Interfacultaire de Formation et de Recherche en Environnement pour le Développement Durable;CIFRED;centre_universitaire;Centre universitaire;superieur;public;abomey-calavi;UAC;;;https://enseignementsuperieur.gouv.bj/uploads/document_actualite/4fa961e0a40ad936d2999887d6721e15.pdf | https://recherche-universitaire.uac.bj/wp-content/uploads/2023/11/Annuaire_Statistiques_UAC_2021_2022_29_10_2023.pdf | https://www.uac.bj/wp-content/uploads/2024/11/Quelques_Statistiques_sur_Annee_Academique_2023_2024_UAC_10_09_2024-1.pdf;officielle;L'annuaire 2021-2022 écrit « Centre Inter-Facultaire de la Recherche pour l'Environnement et le Développement Durable ». Localisation d'après le tableau 2 de l'annuaire UAC 2021-2022. Domaines résumés d'après les filières du guide MESRS 2026-2027.
REF-6CD2D8D15634;Centre de Formation et de Recherche en matière de Population;CEFORP;centre_universitaire;Centre universitaire;superieur;public;cotonou;UAC;;;https://enseignementsuperieur.gouv.bj/uploads/document_actualite/4fa961e0a40ad936d2999887d6721e15.pdf | https://recherche-universitaire.uac.bj/wp-content/uploads/2023/11/Annuaire_Statistiques_UAC_2021_2022_29_10_2023.pdf | https://www.uac.bj/wp-content/uploads/2024/11/Quelques_Statistiques_sur_Annee_Academique_2023_2024_UAC_10_09_2024-1.pdf;officielle;L'annuaire 2021-2022 écrit « Centre de Formation pour la Recherche en matière de Population ». Localisation d'après le tableau 2 de l'annuaire UAC 2021-2022. Domaines résumés d'après les filières du guide MESRS 2026-2027.
REF-129001E5F041;Centre Béninois des Langues Étrangères;CEBELAE;centre_universitaire;Centre universitaire;superieur;public;cotonou;UAC;;;https://recherche-universitaire.uac.bj/wp-content/uploads/2023/11/Annuaire_Statistiques_UAC_2021_2022_29_10_2023.pdf | https://www.uac.bj/wp-content/uploads/2024/11/Quelques_Statistiques_sur_Annee_Academique_2023_2024_UAC_10_09_2024-1.pdf;officielle;Figure dans l'annuaire 2021-2022, mais pas dans les statistiques 2023-2024 ni dans le guide 2026-2027. Activité actuelle à vérifier. Pas de recrutement en licence. Localisation d'après le tableau 2 de l'annuaire UAC 2021-2022.
REF-03EFEE6508E2;Chaire UNESCO des Droits de la Personne Humaine et de la Démocratie;CHAIRE DPHD;chaire;Chaire;superieur;public;abomey-calavi;UAC;;;https://recherche-universitaire.uac.bj/wp-content/uploads/2023/11/Annuaire_Statistiques_UAC_2021_2022_29_10_2023.pdf | https://www.uac.bj/wp-content/uploads/2024/11/Quelques_Statistiques_sur_Annee_Academique_2023_2024_UAC_10_09_2024-1.pdf;officielle;Pas de recrutement en licence. Localisation d'après le tableau 2 de l'annuaire UAC 2021-2022.
REF-83A7E718B384;Chaire Internationale de Physique Mathématique et Applications;CIPMA;chaire;Chaire;superieur;public;abomey-calavi;UAC;;;https://recherche-universitaire.uac.bj/wp-content/uploads/2023/11/Annuaire_Statistiques_UAC_2021_2022_29_10_2023.pdf | https://www.uac.bj/wp-content/uploads/2024/11/Quelques_Statistiques_sur_Annee_Academique_2023_2024_UAC_10_09_2024-1.pdf;officielle;Sur le campus d'Abomey-Calavi depuis 2021-2022 (auparavant à Cotonou). Pas de recrutement en licence. Localisation d'après le tableau 2 de l'annuaire UAC 2021-2022.
REF-F9F69C52D2B9;Chaire OMC Commerce International et Développement Inclusif;COMCCIDI;chaire;Chaire;superieur;public;cotonou;UAC;;;https://recherche-universitaire.uac.bj/wp-content/uploads/2023/11/Annuaire_Statistiques_UAC_2021_2022_29_10_2023.pdf | https://www.uac.bj/wp-content/uploads/2024/11/Quelques_Statistiques_sur_Annee_Academique_2023_2024_UAC_10_09_2024-1.pdf;officielle;Ex-CIDI-OMC. Figure dans l'annuaire 2021-2022, mais pas dans les statistiques 2023-2024. Activité actuelle à vérifier. Pas de recrutement en licence. Localisation d'après le tableau 2 de l'annuaire UAC 2021-2022.
REF-C35A0DD850A7;École Doctorale Pluridisciplinaire Espaces, Cultures et Développement;EDPECD;ecole_doctorale;École doctorale;superieur;public;abomey-calavi;UAC;;;https://recherche-universitaire.uac.bj/wp-content/uploads/2023/11/Annuaire_Statistiques_UAC_2021_2022_29_10_2023.pdf | https://www.uac.bj/wp-content/uploads/2024/11/Quelques_Statistiques_sur_Annee_Academique_2023_2024_UAC_10_09_2024-1.pdf;officielle;Pas de recrutement en licence. Localisation d'après le tableau 2 de l'annuaire UAC 2021-2022.
REF-975A8C83E80B;École Doctorale Pluridisciplinaire Éducation Physique, Sport et Développement Humain;EDPEPSDH;ecole_doctorale;École doctorale;superieur;public;porto-novo;UAC;;;https://recherche-universitaire.uac.bj/wp-content/uploads/2023/11/Annuaire_Statistiques_UAC_2021_2022_29_10_2023.pdf | https://www.uac.bj/wp-content/uploads/2024/11/Quelques_Statistiques_sur_Annee_Academique_2023_2024_UAC_10_09_2024-1.pdf;officielle;Pas de recrutement en licence. Localisation d'après le tableau 2 de l'annuaire UAC 2021-2022.
REF-DC219C5DA532;École Doctorale Sciences Agronomiques et de l'Eau;EDSAE;ecole_doctorale;École doctorale;superieur;public;abomey-calavi;UAC;;;https://recherche-universitaire.uac.bj/wp-content/uploads/2023/11/Annuaire_Statistiques_UAC_2021_2022_29_10_2023.pdf | https://www.uac.bj/wp-content/uploads/2024/11/Quelques_Statistiques_sur_Annee_Academique_2023_2024_UAC_10_09_2024-1.pdf;officielle;Pas de recrutement en licence. Localisation d'après le tableau 2 de l'annuaire UAC 2021-2022.
REF-F852C1763FAD;École Doctorale Sciences de l'Ingénieur;EDSDI;ecole_doctorale;École doctorale;superieur;public;abomey-calavi;UAC;;;https://recherche-universitaire.uac.bj/wp-content/uploads/2023/11/Annuaire_Statistiques_UAC_2021_2022_29_10_2023.pdf | https://www.uac.bj/wp-content/uploads/2024/11/Quelques_Statistiques_sur_Annee_Academique_2023_2024_UAC_10_09_2024-1.pdf;officielle;Pas de recrutement en licence. Localisation d'après le tableau 2 de l'annuaire UAC 2021-2022.
REF-8D894E8347F6;École Doctorale Sciences Exactes et Appliquées;EDSEA;ecole_doctorale;École doctorale;superieur;public;abomey-calavi;UAC;;;https://recherche-universitaire.uac.bj/wp-content/uploads/2023/11/Annuaire_Statistiques_UAC_2021_2022_29_10_2023.pdf | https://www.uac.bj/wp-content/uploads/2024/11/Quelques_Statistiques_sur_Annee_Academique_2023_2024_UAC_10_09_2024-1.pdf;officielle;Pas de recrutement en licence. Localisation d'après le tableau 2 de l'annuaire UAC 2021-2022.
REF-44500EC91E67;École Doctorale Sciences Économiques et de Gestion;EDSEG;ecole_doctorale;École doctorale;superieur;public;cotonou;UAC;;;https://recherche-universitaire.uac.bj/wp-content/uploads/2023/11/Annuaire_Statistiques_UAC_2021_2022_29_10_2023.pdf | https://www.uac.bj/wp-content/uploads/2024/11/Quelques_Statistiques_sur_Annee_Academique_2023_2024_UAC_10_09_2024-1.pdf;officielle;Pas de recrutement en licence. Localisation d'après le tableau 2 de l'annuaire UAC 2021-2022.
REF-CFBB0264E655;École Doctorale des Sciences Juridiques, Politiques et Administratives;EDSJPA;ecole_doctorale;École doctorale;superieur;public;abomey-calavi;UAC;;;https://recherche-universitaire.uac.bj/wp-content/uploads/2023/11/Annuaire_Statistiques_UAC_2021_2022_29_10_2023.pdf | https://www.uac.bj/wp-content/uploads/2024/11/Quelques_Statistiques_sur_Annee_Academique_2023_2024_UAC_10_09_2024-1.pdf;officielle;Pas de recrutement en licence. Localisation d'après le tableau 2 de l'annuaire UAC 2021-2022.
REF-B133DA86B826;École Doctorale Sciences de la Santé;EDSS;ecole_doctorale;École doctorale;superieur;public;cotonou;UAC;;;https://recherche-universitaire.uac.bj/wp-content/uploads/2023/11/Annuaire_Statistiques_UAC_2021_2022_29_10_2023.pdf | https://www.uac.bj/wp-content/uploads/2024/11/Quelques_Statistiques_sur_Annee_Academique_2023_2024_UAC_10_09_2024-1.pdf;officielle;Pas de recrutement en licence. Localisation d'après le tableau 2 de l'annuaire UAC 2021-2022.
REF-B1AAF25C442E;École Doctorale Sciences de la Vie et de la Terre;EDSVT;ecole_doctorale;École doctorale;superieur;public;abomey-calavi;UAC;;;https://recherche-universitaire.uac.bj/wp-content/uploads/2023/11/Annuaire_Statistiques_UAC_2021_2022_29_10_2023.pdf | https://www.uac.bj/wp-content/uploads/2024/11/Quelques_Statistiques_sur_Annee_Academique_2023_2024_UAC_10_09_2024-1.pdf;officielle;Pas de recrutement en licence. Localisation d'après le tableau 2 de l'annuaire UAC 2021-2022.
REF-618172139AFA;Centre universitaire d'Abomey-Calavi (campus principal);;site_universitaire;Site universitaire;superieur;public;abomey-calavi;UAC;;;https://recherche-universitaire.uac.bj/wp-content/uploads/2023/11/Annuaire_Statistiques_UAC_2021_2022_29_10_2023.pdf | https://www.uac.bj/wp-content/uploads/2024/11/Quelques_Statistiques_sur_Annee_Academique_2023_2024_UAC_10_09_2024-1.pdf;officielle;Ligne de site géographique, pas un établissement. ~80 % des inscrits 2023-2024.
REF-5435D16781DA;Centre universitaire de Cotonou;;site_universitaire;Site universitaire;superieur;public;cotonou;UAC;;;https://recherche-universitaire.uac.bj/wp-content/uploads/2023/11/Annuaire_Statistiques_UAC_2021_2022_29_10_2023.pdf | https://www.uac.bj/wp-content/uploads/2024/11/Quelques_Statistiques_sur_Annee_Academique_2023_2024_UAC_10_09_2024-1.pdf;officielle;Ligne de site géographique, pas un établissement. FSS, ENEAM, INMeS, CEFORP, CEBELAE, COMCCIDI, EDSEG, EDSS.
REF-B747F52CCE10;Centre universitaire de Porto-Novo;;site_universitaire;Site universitaire;superieur;public;porto-novo;UAC;;;https://recherche-universitaire.uac.bj/wp-content/uploads/2023/11/Annuaire_Statistiques_UAC_2021_2022_29_10_2023.pdf | https://www.uac.bj/wp-content/uploads/2024/11/Quelques_Statistiques_sur_Annee_Academique_2023_2024_UAC_10_09_2024-1.pdf;officielle;Ligne de site géographique, pas un établissement. ENS, INEPS, EPA, EDPEPSDH.
REF-6E1421C03926;Centre universitaire d'Adjarra;;site_universitaire;Site universitaire;superieur;public;adjarra;UAC;;;https://recherche-universitaire.uac.bj/wp-content/uploads/2023/11/Annuaire_Statistiques_UAC_2021_2022_29_10_2023.pdf | https://www.uac.bj/wp-content/uploads/2024/11/Quelques_Statistiques_sur_Annee_Academique_2023_2024_UAC_10_09_2024-1.pdf;officielle;Ligne de site géographique, pas un établissement. FLASH-Adjarra.
REF-22D781435630;Centre universitaire de Dangbo;;site_universitaire;Site universitaire;superieur;public;dangbo;UAC;;;https://recherche-universitaire.uac.bj/wp-content/uploads/2023/11/Annuaire_Statistiques_UAC_2021_2022_29_10_2023.pdf | https://www.uac.bj/wp-content/uploads/2024/11/Quelques_Statistiques_sur_Annee_Academique_2023_2024_UAC_10_09_2024-1.pdf;officielle;Ligne de site géographique, pas un établissement. IMSP.
REF-5210F98C6126;Centre universitaire de Ouidah;;site_universitaire;Site universitaire;superieur;public;ouidah;UAC;;;https://recherche-universitaire.uac.bj/wp-content/uploads/2023/11/Annuaire_Statistiques_UAC_2021_2022_29_10_2023.pdf | https://www.uac.bj/wp-content/uploads/2024/11/Quelques_Statistiques_sur_Annee_Academique_2023_2024_UAC_10_09_2024-1.pdf;officielle;Ligne de site géographique, pas un établissement. IRSP.
REF-6A7713E170EA;Centre universitaire de Sèmè-Kpodji (Agblangandan);;site_universitaire;Site universitaire;superieur;public;seme-podji;UAC;;;https://recherche-universitaire.uac.bj/wp-content/uploads/2023/11/Annuaire_Statistiques_UAC_2021_2022_29_10_2023.pdf | https://www.uac.bj/wp-content/uploads/2024/11/Quelques_Statistiques_sur_Annee_Academique_2023_2024_UAC_10_09_2024-1.pdf;officielle;Ligne de site géographique, pas un établissement. HERCI.
REF-F8C32439DFD9;Faculté d'Agronomie;FA;faculte;Faculté;superieur;public;parakou;UP;;;https://www.univ-parakou.bj/ | https://enseignementsuperieur.gouv.bj/uploads/document_actualite/4fa961e0a40ad936d2999887d6721e15.pdf | https://fr.wikipedia.org/wiki/Universit%C3%A9_de_Parakou;officielle;Liste des 11 entités tirée des données de l'application univ-parakou.bj. Le site ne donne pas d'adresse par entité : Parakou selon Wikipédia.
REF-98A3C8D03F00;Faculté de Médecine;FM;faculte;Faculté;superieur;public;parakou;UP;;;https://www.univ-parakou.bj/ | https://enseignementsuperieur.gouv.bj/uploads/document_actualite/4fa961e0a40ad936d2999887d6721e15.pdf | https://fr.wikipedia.org/wiki/Universit%C3%A9_de_Parakou;officielle;Liste des 11 entités tirée des données de l'application univ-parakou.bj. Le site ne donne pas d'adresse par entité : Parakou selon Wikipédia.
REF-FE88757CC1AB;Faculté des Sciences Économiques et de Gestion;FASEG;faculte;Faculté;superieur;public;parakou;UP;;;https://www.univ-parakou.bj/ | https://enseignementsuperieur.gouv.bj/uploads/document_actualite/4fa961e0a40ad936d2999887d6721e15.pdf | https://fr.wikipedia.org/wiki/Universit%C3%A9_de_Parakou;officielle;Ex-FASEG de Savè regroupée à Parakou (décret 2016-638). Liste des 11 entités tirée des données de l'application univ-parakou.bj. Le site ne donne pas d'adresse par entité : Parakou selon Wikipédia.
REF-DCEFE4DC5DBC;Faculté de Droit et de Science Politique;FDSP;faculte;Faculté;superieur;public;parakou;UP;;;https://www.univ-parakou.bj/ | https://enseignementsuperieur.gouv.bj/uploads/document_actualite/4fa961e0a40ad936d2999887d6721e15.pdf | https://fr.wikipedia.org/wiki/Universit%C3%A9_de_Parakou;officielle;"Site UP : « de Science Politique » ; guide et décret : « et Sciences Politiques ». Ex-FDSP de Tchaourou regroupée à Parakou (décret 2016-638). Liste des 11 entités tirée des données de l'application univ-parakou.bj. Le site ne donne pas d'adresse par entité : Parakou selon Wikipédia."
REF-EDFD8D11E6E7;Faculté des Lettres, Arts et Sciences Humaines;FLASH;faculte;Faculté;superieur;public;parakou;UP;;;https://www.univ-parakou.bj/ | https://enseignementsuperieur.gouv.bj/uploads/document_actualite/4fa961e0a40ad936d2999887d6721e15.pdf | https://fr.wikipedia.org/wiki/Universit%C3%A9_de_Parakou;officielle;Liste des 11 entités tirée des données de l'application univ-parakou.bj. Le site ne donne pas d'adresse par entité : Parakou selon Wikipédia.
REF-99F3A83A6B35;Institut Universitaire de Technologie;IUT;institut;Institut;superieur;public;parakou;UP;;;https://www.univ-parakou.bj/ | https://enseignementsuperieur.gouv.bj/uploads/document_actualite/4fa961e0a40ad936d2999887d6721e15.pdf | https://fr.wikipedia.org/wiki/Universit%C3%A9_de_Parakou;officielle;Liste des 11 entités tirée des données de l'application univ-parakou.bj. Le site ne donne pas d'adresse par entité : Parakou selon Wikipédia.
REF-6D5AD758EC58;École Nationale des Techniciens Supérieurs en Santé Publique et Surveillance Épidémiologique;ENATSE;ecole_nationale;École nationale;superieur;public;parakou;UP;;;https://www.univ-parakou.bj/ | https://enseignementsuperieur.gouv.bj/uploads/document_actualite/4fa961e0a40ad936d2999887d6721e15.pdf | https://fr.wikipedia.org/wiki/Universit%C3%A9_de_Parakou;officielle;"Site UP : « École Nationale des Techniciens en Santé publique… » ; guide MESRS : « … des Techniciens Supérieurs en Santé Publique… ». Liste des 11 entités tirée des données de l'application univ-parakou.bj. Le site ne donne pas d'adresse par entité : Parakou selon Wikipédia."
REF-198853489222;École Nationale de Statistique, de Planification et de Démographie;ENSPD;ecole_nationale;École nationale;superieur;public;parakou;UP;;;https://www.univ-parakou.bj/ | https://enseignementsuperieur.gouv.bj/uploads/document_actualite/4fa961e0a40ad936d2999887d6721e15.pdf | https://fr.wikipedia.org/wiki/Universit%C3%A9_de_Parakou;officielle;Liste des 11 entités tirée des données de l'application univ-parakou.bj. Le site ne donne pas d'adresse par entité : Parakou selon Wikipédia.
REF-D5F59FA1FD46;Institut de Formation en Soins Infirmiers et Obstétricaux;IFSIO;institut;Institut;superieur;public;parakou;UP;;;https://www.univ-parakou.bj/ | https://enseignementsuperieur.gouv.bj/uploads/document_actualite/4fa961e0a40ad936d2999887d6721e15.pdf | https://fr.wikipedia.org/wiki/Universit%C3%A9_de_Parakou;officielle;Liste des 11 entités tirée des données de l'application univ-parakou.bj. Le site ne donne pas d'adresse par entité : Parakou selon Wikipédia.
REF-FB4D4549F2AA;École Doctorale des Sciences Agronomiques et de l'Eau;EDSAE;ecole_doctorale;École doctorale;superieur;public;parakou;UP;;;https://www.univ-parakou.bj/ | https://fr.wikipedia.org/wiki/Universit%C3%A9_de_Parakou;officielle;École doctorale. Liste des 11 entités tirée des données de l'application univ-parakou.bj. Le site ne donne pas d'adresse par entité : Parakou selon Wikipédia.
REF-67ED32591DC3;École Doctorale Sciences Juridiques, Politiques et Administratives;EDSJPA;ecole_doctorale;École doctorale;superieur;public;parakou;UP;;;https://www.univ-parakou.bj/ | https://fr.wikipedia.org/wiki/Universit%C3%A9_de_Parakou;officielle;École doctorale. Liste des 11 entités tirée des données de l'application univ-parakou.bj. Le site ne donne pas d'adresse par entité : Parakou selon Wikipédia.
REF-8DCE69696688;Institut National Supérieur de Technologie Industrielle;INSTI;institut;Institut;superieur;public;lokossa;UNSTIM;;;https://unstim.bj/formations/les-entit%C3%A9s-de-formation | https://enseignementsuperieur.gouv.bj/uploads/document_actualite/4fa961e0a40ad936d2999887d6721e15.pdf;officielle;Probablement l'ex-IUT de Lokossa, rattaché à l'UNSTIM par le décret 2016-638 (filiation non confirmée par un texte). Localisation d'après la page Entités d'unstim.bj.
REF-8EFC49C7469E;Institut National Supérieur des Classes Préparatoires aux Études d'Ingénieur;INSPEI;institut;Institut;superieur;public;abomey;UNSTIM;;;https://unstim.bj/formations/les-entit%C3%A9s-de-formation | https://enseignementsuperieur.gouv.bj/uploads/document_actualite/4fa961e0a40ad936d2999887d6721e15.pdf;officielle;"Le décret 2016-638 le situait à Savalou ; le site UNSTIM le place aujourd'hui à Abomey (Sogbo-Aliho). Localisation d'après la page Entités d'unstim.bj."
REF-B46777E0A301;Faculté des Sciences et Techniques de Natitingou;FAST-Natitingou;faculte;Faculté;superieur;public;natitingou;UNSTIM;;;https://unstim.bj/formations/les-entit%C3%A9s-de-formation | https://enseignementsuperieur.gouv.bj/uploads/document_actualite/4fa961e0a40ad936d2999887d6721e15.pdf;officielle;Sigle officiel : FAST (« FAST/Natitingou » dans le guide). Localisation d'après la page Entités d'unstim.bj.
REF-84B41D148CEF;École Nationale Supérieure des Travaux Publics;ENSTP;ecole_nationale;École nationale;superieur;public;abomey;UNSTIM;;;https://unstim.bj/formations/les-entit%C3%A9s-de-formation | https://enseignementsuperieur.gouv.bj/uploads/document_actualite/4fa961e0a40ad936d2999887d6721e15.pdf;officielle;Localisation d'après la page Entités d'unstim.bj.
REF-E2072E594EEC;École Nationale Supérieure de Génie Mathématique et Modélisation;ENSGMM;ecole_nationale;École nationale;superieur;public;abomey;UNSTIM;;;https://unstim.bj/formations/les-entit%C3%A9s-de-formation;officielle;Absente du guide MESRS 2026-2027 (pas de recrutement direct de bacheliers). Localisation d'après la page Entités d'unstim.bj.
REF-ADD73C0786CD;École Nationale Supérieure de Génie Énergétique et Procédés;ENSGEP;ecole_nationale;École nationale;superieur;public;abomey;UNSTIM;;;https://unstim.bj/formations/les-entit%C3%A9s-de-formation | https://enseignementsuperieur.gouv.bj/uploads/document_actualite/4fa961e0a40ad936d2999887d6721e15.pdf;officielle;Localisation d'après la page Entités d'unstim.bj.
REF-1AAF33BCDDCB;École Normale Supérieure de l'Enseignement Technique;ENSET;ecole_normale_superieure;École normale supérieure;superieur;public;lokossa;UNSTIM;;;https://unstim.bj/formations/les-entit%C3%A9s-de-formation | https://enseignementsuperieur.gouv.bj/uploads/document_actualite/4fa961e0a40ad936d2999887d6721e15.pdf;officielle;Rattachée à l'UNSTIM par le décret 2016-638. Localisation d'après la page Entités d'unstim.bj.
REF-4D566B321954;École Nationale Supérieure des Biosciences et Biotechnologies Appliquées;ENSBBA;ecole_nationale;École nationale;superieur;public;dassa-zoume;UNSTIM;;;https://unstim.bj/formations/les-entit%C3%A9s-de-formation | https://enseignementsuperieur.gouv.bj/uploads/document_actualite/4fa961e0a40ad936d2999887d6721e15.pdf;officielle;Localisation d'après la page Entités d'unstim.bj.
REF-E4DBD80D0C25;École Normale Supérieure de Natitingou;ENS-Natitingou;ecole_normale_superieure;École normale supérieure;superieur;public;natitingou;UNSTIM;;;https://unstim.bj/formations/les-entit%C3%A9s-de-formation | https://enseignementsuperieur.gouv.bj/uploads/document_actualite/4fa961e0a40ad936d2999887d6721e15.pdf;officielle;Sigle officiel : ENS (« ENS/Natitingou » dans le guide). Rattachée à l'UNSTIM par le décret 2016-638. Localisation d'après la page Entités d'unstim.bj.
REF-0E6427FFA0EA;École Doctorale des Sciences, Technologies, Ingénierie et Mathématiques;EDSTIM;ecole_doctorale;École doctorale;superieur;public;abomey;UNSTIM;;;https://unstim.bj/formations/les-entit%C3%A9s-de-formation;officielle;École doctorale. Localisation d'après la page Entités d'unstim.bj.
REF-3799D2536577;École d'Aquaculture;EAq;ecole_superieure;École supérieure;superieur;public;adjohoun;UNA;;;https://enseignementsuperieur.gouv.bj/uploads/document_actualite/4fa961e0a40ad936d2999887d6721e15.pdf | https://una.bj/schools | https://fr.wikipedia.org/wiki/Universit%C3%A9_nationale_d'agriculture;officielle;"Localisation d'après Wikipédia FR, cohérente avec les centres Kétou (Idigny, Awaï), Sakété et Adjohoun du décret 2016-638 ; una.bj ne publie pas d'adresse par école."
REF-F38890BD4CA5;École d'Horticulture et d'Aménagement des Espaces Verts;EHAEV;ecole_superieure;École supérieure;superieur;public;ketou;UNA;;;https://enseignementsuperieur.gouv.bj/uploads/document_actualite/4fa961e0a40ad936d2999887d6721e15.pdf | https://una.bj/schools | https://fr.wikipedia.org/wiki/Universit%C3%A9_nationale_d'agriculture;officielle;"Localisation d'après Wikipédia FR, cohérente avec les centres Kétou (Idigny, Awaï), Sakété et Adjohoun du décret 2016-638 ; una.bj ne publie pas d'adresse par école."
REF-0F1D9E73E3CD;École de Gestion et de Production Végétale et Semencière;EGPVS;ecole_superieure;École supérieure;superieur;public;ketou;UNA;;;https://enseignementsuperieur.gouv.bj/uploads/document_actualite/4fa961e0a40ad936d2999887d6721e15.pdf | https://una.bj/schools | https://fr.wikipedia.org/wiki/Universit%C3%A9_nationale_d'agriculture;officielle;"Localisation d'après Wikipédia FR, cohérente avec les centres Kétou (Idigny, Awaï), Sakété et Adjohoun du décret 2016-638 ; una.bj ne publie pas d'adresse par école."
REF-2D2DAB5C6502;École des Sciences et Techniques de Conservation et de Transformation des Produits Agricoles;ESTCTPA;ecole_superieure;École supérieure;superieur;public;sakete;UNA;;;https://enseignementsuperieur.gouv.bj/uploads/document_actualite/4fa961e0a40ad936d2999887d6721e15.pdf | https://una.bj/schools | https://fr.wikipedia.org/wiki/Universit%C3%A9_nationale_d'agriculture;officielle;"Localisation d'après Wikipédia FR, cohérente avec les centres Kétou (Idigny, Awaï), Sakété et Adjohoun du décret 2016-638 ; una.bj ne publie pas d'adresse par école."
REF-2C48B670C128;École de Génie Rural;EGR;ecole_superieure;École supérieure;superieur;public;;UNA;;;https://enseignementsuperieur.gouv.bj/uploads/document_actualite/4fa961e0a40ad936d2999887d6721e15.pdf | https://una.bj/schools | https://fr.wikipedia.org/wiki/Universit%C3%A9_nationale_d'agriculture;officielle;LOCALISATION NON TROUVÉE. Présente dans le guide 2026-2027 et ses filières figurent sur una.bj, mais elle manque au menu « Écoles » d'una.bj (8 écoles). Hypothèse non vérifiée : elle succède à l'EMACoM du décret 2016-638.
REF-473037D14DA1;École de Gestion et d'Exploitation des Systèmes d'Élevage;EGESE;ecole_superieure;École supérieure;superieur;public;ketou;UNA;;;https://enseignementsuperieur.gouv.bj/uploads/document_actualite/4fa961e0a40ad936d2999887d6721e15.pdf | https://una.bj/schools | https://fr.wikipedia.org/wiki/Universit%C3%A9_nationale_d'agriculture;officielle;"Localisation d'après Wikipédia FR, cohérente avec les centres Kétou (Idigny, Awaï), Sakété et Adjohoun du décret 2016-638 ; una.bj ne publie pas d'adresse par école."
REF-0590692204AE;École d'Agrobusiness et de Politiques Agricoles;EAPA;ecole_superieure;École supérieure;superieur;public;porto-novo;UNA;;;https://enseignementsuperieur.gouv.bj/uploads/document_actualite/4fa961e0a40ad936d2999887d6721e15.pdf | https://una.bj/schools | https://fr.wikipedia.org/wiki/Universit%C3%A9_nationale_d'agriculture;officielle;"Localisation d'après Wikipédia FR, cohérente avec les centres Kétou (Idigny, Awaï), Sakété et Adjohoun du décret 2016-638 ; una.bj ne publie pas d'adresse par école."
REF-77B03AECFD54;École de Sociologie Rurale et de Vulgarisation Agricole;ESRVA;ecole_superieure;École supérieure;superieur;public;porto-novo;UNA;;;https://enseignementsuperieur.gouv.bj/uploads/document_actualite/4fa961e0a40ad936d2999887d6721e15.pdf | https://una.bj/schools | https://fr.wikipedia.org/wiki/Universit%C3%A9_nationale_d'agriculture;officielle;"Localisation d'après Wikipédia FR, cohérente avec les centres Kétou (Idigny, Awaï), Sakété et Adjohoun du décret 2016-638 ; una.bj ne publie pas d'adresse par école."
REF-2C7968FAFA49;École de Foresterie Tropicale;EForT;ecole_superieure;École supérieure;superieur;public;ketou;UNA;;;https://enseignementsuperieur.gouv.bj/uploads/document_actualite/4fa961e0a40ad936d2999887d6721e15.pdf | https://una.bj/schools | https://fr.wikipedia.org/wiki/Universit%C3%A9_nationale_d'agriculture;officielle;"Appelée « Foresterie et Ingénierie de Bois » sur una.bj et « EFIB » dans le décret 2016-638. Localisation d'après Wikipédia FR, cohérente avec les centres Kétou (Idigny, Awaï), Sakété et Adjohoun du décret 2016-638 ; una.bj ne publie pas d'adresse par école."
REF-4883ED522E58;École doctorale de l'UNA (5 formations doctorales);;ecole_doctorale;École doctorale;superieur;public;;UNA;;;https://una.bj/;officielle;Existence attestée par una.bj (« Comité Pédagogique et Scientifique de l'Ecole Doctorale »). Nom officiel, sigle et site non trouvés.
REF-4E9A3C7959F9;African School of Economics;ASE;epes;Établissement privé d'enseignement supérieur;superieur;prive;;;;;https://enseignementsuperieur.gouv.bj/uploads/document_actualite/4fa961e0a40ad936d2999887d6721e15.pdf https://enseignementsuperieur.gouv.bj/uploads/universite_directory/85b712cd25f07f6b8487f34bbd4a8659.pdf https://decsup.bj/uploads/communique/document_635.pdf;officielle;"Guide MESRS 2026-2027 : filières en régime d'ouverture ; Guide MESRS 2024-2025 : filières en régime d'ouverture ; Candidats aux examens nationaux (DECSUP) : Licence 2026, Master 2025, Master 2026 (2026-07-30). Commune non indiquée par les sources consultées."
REF-3AA308C892F3;ASSANA-FORMATION;;epes;Établissement privé d'enseignement supérieur;superieur;prive;;;;;https://enseignementsuperieur.gouv.bj/uploads/universite_directory/85b712cd25f07f6b8487f34bbd4a8659.pdf;officielle;Guide MESRS 2024-2025 : filières en régime d'ouverture (2024-07-29). Commune non indiquée par les sources consultées. Absent du guide 2026-2027.
REF-D0EE69BB80B0;Centre d'Étude des Relations Internationales et de Géostratégie;CERIG;epes;Établissement privé d'enseignement supérieur;superieur;prive;;;;;https://enseignementsuperieur.gouv.bj/uploads/document_actualite/4fa961e0a40ad936d2999887d6721e15.pdf;officielle;Guide MESRS 2026-2027 : filières en régime d'ouverture (2026-07-30). Commune non indiquée par les sources consultées. Nouveau dans le guide 2026-2027.
REF-0537EE57BDA4;Centre d'Études Touristiques de l'Agence Africaine de Tourisme;CET AAT-IPAAM;epes;Établissement privé d'enseignement supérieur;superieur;prive;;;;;https://enseignementsuperieur.gouv.bj/uploads/document_actualite/4fa961e0a40ad936d2999887d6721e15.pdf https://enseignementsuperieur.gouv.bj/uploads/universite_directory/85b712cd25f07f6b8487f34bbd4a8659.pdf https://decsup.bj/uploads/communique/document_636.pdf;officielle;"Guide MESRS 2026-2027 : filières en régime d'ouverture ; Guide MESRS 2024-2025 : filières en régime d'ouverture ; Candidats aux examens nationaux (DECSUP) : Licence 2025, Licence 2026, Master 2025, Master 2026 (2026-07-30). Commune non indiquée par les sources consultées."
REF-9DA136DE554C;Centre de Formation Professionnelle aux Métiers des Médias;CFPMM;epes;Établissement privé d'enseignement supérieur;superieur;prive;;;;;https://enseignementsuperieur.gouv.bj/uploads/universite_directory/85b712cd25f07f6b8487f34bbd4a8659.pdf;officielle;Guide MESRS 2024-2025 : filières en régime d'ouverture (2024-07-29). Commune non indiquée par les sources consultées. Absent du guide 2026-2027.
REF-C96064E4FE37;Centre de Formation Professionnelle et de Perfectionnement;CFPP;epes;Établissement privé d'enseignement supérieur;superieur;prive;;;;;https://enseignementsuperieur.gouv.bj/uploads/document_actualite/4fa961e0a40ad936d2999887d6721e15.pdf https://enseignementsuperieur.gouv.bj/uploads/universite_directory/85b712cd25f07f6b8487f34bbd4a8659.pdf;officielle;"Guide MESRS 2026-2027 : filières en régime d'ouverture ; Guide MESRS 2024-2025 : filières en régime d'ouverture (2026-07-30). Commune non indiquée par les sources consultées."
REF-AADFEE247AD9;Centre de Formation Touristique et Hôtelière;CFTH;epes;Établissement privé d'enseignement supérieur;superieur;prive;;;;;https://enseignementsuperieur.gouv.bj/uploads/document_actualite/4fa961e0a40ad936d2999887d6721e15.pdf https://enseignementsuperieur.gouv.bj/uploads/universite_directory/85b712cd25f07f6b8487f34bbd4a8659.pdf https://decsup.bj/uploads/communique/document_571.pdf;officielle;"Guide MESRS 2026-2027 : filières agréées + filières en régime d'ouverture ; Guide MESRS 2024-2025 : filières en régime d'ouverture ; Candidats aux examens nationaux (DECSUP) : Licence 2025, Licence 2026 (2026-07-30). Commune non indiquée par les sources consultées. Passe d'ouverture (2024-2025) à une filière agréée (2026-2027)."
REF-3E8557F18C80;Centre des Sciences et de l'Éducation AL WAFAA;;epes;Établissement privé d'enseignement supérieur;superieur;prive;;;;;https://enseignementsuperieur.gouv.bj/uploads/document_actualite/4fa961e0a40ad936d2999887d6721e15.pdf;officielle;Guide MESRS 2026-2027 : filières en régime d'ouverture (2026-07-30). Commune non indiquée par les sources consultées. Nouveau dans le guide 2026-2027.
REF-15F0A7C9841C;Centre International de Formation à l'Expertise Comptable;CIFEC;epes;Établissement privé d'enseignement supérieur;superieur;prive;;;;;https://enseignementsuperieur.gouv.bj/uploads/document_actualite/4fa961e0a40ad936d2999887d6721e15.pdf https://enseignementsuperieur.gouv.bj/uploads/universite_directory/85b712cd25f07f6b8487f34bbd4a8659.pdf https://decsup.bj/uploads/communique/document_572.pdf;officielle;"Guide MESRS 2026-2027 : filières agréées ; Guide MESRS 2024-2025 : filières agréées ; Candidats aux examens nationaux (DECSUP) : Licence 2025, Licence 2026 (2026-07-30). Commune non indiquée par les sources consultées."
REF-E620EBA5AB12;Centre International Universitaire des Meilleurs;;epes;Établissement privé d'enseignement supérieur;superieur;prive;;;;;https://enseignementsuperieur.gouv.bj/uploads/universite_directory/85b712cd25f07f6b8487f34bbd4a8659.pdf;officielle;Guide MESRS 2024-2025 : filières en régime d'ouverture (2024-07-29). Commune non indiquée par les sources consultées. Absent du guide 2026-2027.
REF-B0D17FD226AA;Classes Préparatoires Audacia;CP-A;epes;Établissement privé d'enseignement supérieur;superieur;prive;;;;;https://enseignementsuperieur.gouv.bj/uploads/document_actualite/4fa961e0a40ad936d2999887d6721e15.pdf https://enseignementsuperieur.gouv.bj/uploads/universite_directory/85b712cd25f07f6b8487f34bbd4a8659.pdf;officielle;"Guide MESRS 2026-2027 : filières en régime d'ouverture ; Guide MESRS 2024-2025 : filières en régime d'ouverture (2026-07-30). Commune non indiquée par les sources consultées. Classes préparatoires."
REF-765695AE927D;École de Commerce de Lyon Campus Bénin;;epes;Établissement privé d'enseignement supérieur;superieur;prive;;;;;https://enseignementsuperieur.gouv.bj/uploads/document_actualite/4fa961e0a40ad936d2999887d6721e15.pdf https://enseignementsuperieur.gouv.bj/uploads/universite_directory/85b712cd25f07f6b8487f34bbd4a8659.pdf;officielle;"Guide MESRS 2026-2027 : filières en régime d'ouverture ; Guide MESRS 2024-2025 : filières en régime d'ouverture (2026-07-30). Commune non indiquée par les sources consultées. Campus local d'une école étrangère."
REF-757EA66B1D4B;École de Formation des Enseignants du Secondaire SAPIENTIA;EFES SAPIENTIA;epes;Établissement privé d'enseignement supérieur;superieur;prive;;;;;https://enseignementsuperieur.gouv.bj/uploads/document_actualite/4fa961e0a40ad936d2999887d6721e15.pdf https://enseignementsuperieur.gouv.bj/uploads/universite_directory/85b712cd25f07f6b8487f34bbd4a8659.pdf https://decsup.bj/uploads/communique/document_638.pdf;officielle;"Guide MESRS 2026-2027 : filières agréées + filières en régime d'ouverture ; Guide MESRS 2024-2025 : filières agréées + filières en régime d'ouverture ; Candidats aux examens nationaux (DECSUP) : Licence 2025, Licence 2026, Master 2025, Master 2026 (2026-07-30). Commune non indiquée par les sources consultées. Formations BAPES."
REF-EDF703C4D8A5;École Internationale de Graphisme;EIG;epes;Établissement privé d'enseignement supérieur;superieur;prive;;;;;https://enseignementsuperieur.gouv.bj/uploads/document_actualite/4fa961e0a40ad936d2999887d6721e15.pdf;officielle;Guide MESRS 2026-2027 : filières en régime d'ouverture (2026-07-30). Commune non indiquée par les sources consultées. Nouveau dans le guide 2026-2027.
REF-1744CA54A372;École Internationale de Théâtre du Bénin;EITB;epes;Établissement privé d'enseignement supérieur;superieur;prive;;;;;https://enseignementsuperieur.gouv.bj/uploads/document_actualite/4fa961e0a40ad936d2999887d6721e15.pdf https://enseignementsuperieur.gouv.bj/uploads/universite_directory/85b712cd25f07f6b8487f34bbd4a8659.pdf https://decsup.bj/uploads/communique/document_157.pdf;officielle;"Guide MESRS 2026-2027 : filières en régime d'ouverture ; Guide MESRS 2024-2025 : filières en régime d'ouverture ; Candidats aux examens nationaux (DECSUP) : Licence 2025 (2026-07-30). Commune non indiquée par les sources consultées."
REF-628B4189F692;École PIGIER Bénin;PIGIER BENIN;epes;Établissement privé d'enseignement supérieur;superieur;prive;cotonou;;;;https://enseignementsuperieur.gouv.bj/uploads/document_actualite/4fa961e0a40ad936d2999887d6721e15.pdf https://enseignementsuperieur.gouv.bj/uploads/universite_directory/85b712cd25f07f6b8487f34bbd4a8659.pdf https://decsup.bj/uploads/communique/document_669.pdf;officielle;"Autres sites : Abomey-Calavi. Guide MESRS 2026-2027 : filières agréées + filières en régime d'ouverture ; Guide MESRS 2024-2025 : filières agréées + filières en régime d'ouverture ; Candidats aux examens nationaux (DECSUP) : Licence 2025, Licence 2026, Master 2025, Master 2026 (2026-07-30). Guide 2024-2025 : « Ecole PIGIER BENIN (Cotonou et Abomey-Calavi) » ; site de Calavi aussi dans DECSUP Master 2026."
REF-E50489947BEC;École Polytechnique Universitaire des Métiers d'Avenir;EPUMA;epes;Établissement privé d'enseignement supérieur;superieur;prive;;;;;https://enseignementsuperieur.gouv.bj/uploads/document_actualite/4fa961e0a40ad936d2999887d6721e15.pdf https://enseignementsuperieur.gouv.bj/uploads/universite_directory/85b712cd25f07f6b8487f34bbd4a8659.pdf;officielle;"Guide MESRS 2026-2027 : filières en régime d'ouverture ; Guide MESRS 2024-2025 : filières en régime d'ouverture (2026-07-30). Commune non indiquée par les sources consultées."
REF-2A10E8C8804E;École Professionnelle Salésienne Saint Jean Bosco;;epes;Établissement privé d'enseignement supérieur;superieur;prive;;;;;https://enseignementsuperieur.gouv.bj/uploads/universite_directory/85b712cd25f07f6b8487f34bbd4a8659.pdf;officielle;Guide MESRS 2024-2025 : filières en régime d'ouverture (2024-07-29). Commune non indiquée par les sources consultées. Absent du guide 2026-2027.
REF-CA2A359E13B2;École Supérieure d'Administration et d'Économie;ESAE;epes;Établissement privé d'enseignement supérieur;superieur;prive;;;;;https://enseignementsuperieur.gouv.bj/uploads/document_actualite/4fa961e0a40ad936d2999887d6721e15.pdf https://enseignementsuperieur.gouv.bj/uploads/universite_directory/85b712cd25f07f6b8487f34bbd4a8659.pdf https://decsup.bj/uploads/communique/document_639.pdf;officielle;"Guide MESRS 2026-2027 : filières agréées + filières en régime d'ouverture ; Guide MESRS 2024-2025 : filières agréées ; Candidats aux examens nationaux (DECSUP) : Licence 2025, Licence 2026, Master 2025, Master 2026 (2026-07-30). Commune non indiquée par les sources consultées."
REF-7AD3FAD2FD20;École Supérieure d'Enseignement Professionnel Le Berger;ESEP LE BERGER;epes;Établissement privé d'enseignement supérieur;superieur;prive;cotonou;;;;https://enseignementsuperieur.gouv.bj/uploads/document_actualite/4fa961e0a40ad936d2999887d6721e15.pdf https://enseignementsuperieur.gouv.bj/uploads/universite_directory/85b712cd25f07f6b8487f34bbd4a8659.pdf https://decsup.bj/uploads/communique/document_641.pdf https://decsup.bj/uploads/communique/document_163.pdf;officielle;"Guide MESRS 2026-2027 : filières agréées + filières en régime d'ouverture ; Guide MESRS 2024-2025 : filières agréées + filières en régime d'ouverture ; Candidats aux examens nationaux (DECSUP) : Licence 2025, Licence 2026, Master 2025, Master 2026 (2026-07-30)."
REF-4BD325258C79;École Supérieure d'Entrepreneuriat et de la Prospérité;ESPERANZA;epes;Établissement privé d'enseignement supérieur;superieur;prive;;;;;https://enseignementsuperieur.gouv.bj/uploads/document_actualite/4fa961e0a40ad936d2999887d6721e15.pdf https://enseignementsuperieur.gouv.bj/uploads/universite_directory/85b712cd25f07f6b8487f34bbd4a8659.pdf https://decsup.bj/uploads/communique/document_587.pdf;officielle;"Guide MESRS 2026-2027 : filières agréées + filières en régime d'ouverture ; Guide MESRS 2024-2025 : filières agréées + filières en régime d'ouverture ; Candidats aux examens nationaux (DECSUP) : Licence 2025, Licence 2026 (2026-07-30). Commune non indiquée par les sources consultées."
REF-B7E081A78851;École Supérieure d'Expertise Comptable;ESEC;epes;Établissement privé d'enseignement supérieur;superieur;prive;;;;;https://enseignementsuperieur.gouv.bj/uploads/document_actualite/4fa961e0a40ad936d2999887d6721e15.pdf https://enseignementsuperieur.gouv.bj/uploads/universite_directory/85b712cd25f07f6b8487f34bbd4a8659.pdf https://decsup.bj/uploads/communique/document_581.pdf;officielle;"Guide MESRS 2026-2027 : filières agréées ; Guide MESRS 2024-2025 : filières agréées ; Candidats aux examens nationaux (DECSUP) : Licence 2025, Licence 2026 (2026-07-30). Commune non indiquée par les sources consultées."
REF-51D557281CF4;École Supérieure d'Ingénierie Sainte Marie Stella;;epes;Établissement privé d'enseignement supérieur;superieur;prive;;;;;https://enseignementsuperieur.gouv.bj/uploads/document_actualite/4fa961e0a40ad936d2999887d6721e15.pdf https://enseignementsuperieur.gouv.bj/uploads/universite_directory/85b712cd25f07f6b8487f34bbd4a8659.pdf;officielle;"Guide MESRS 2026-2027 : filières agréées ; Guide MESRS 2024-2025 : filières en régime d'ouverture (2026-07-30). Commune non indiquée par les sources consultées. Classe préparatoire au cycle d'ingénieur. Figure en 2024-2025 sous « CP Marie Stella » (régime ouverture) : rapprochement probable, non confirmé par un texte."
REF-4B6B73DCA522;École Supérieure de Formation des Acteurs de l'Audiovisuel, des Métiers des Médias et du Multimédia;;epes;Établissement privé d'enseignement supérieur;superieur;prive;;;;;https://decsup.bj/uploads/communique/document_165.pdf;officielle;Candidats aux examens nationaux (DECSUP) : Licence 2025 (2025-08). Commune non indiquée par les sources consultées. Vu uniquement dans une liste DECSUP Licence 2025 (filière Journalisme). Doublon probable d'ESFAM-BENIN (même initiales), non confirmé.
REF-8FD86D1B1DFE;École Supérieure de Gestion et de Technologie;ESGT;epes;Établissement privé d'enseignement supérieur;superieur;prive;;;;;https://enseignementsuperieur.gouv.bj/uploads/document_actualite/4fa961e0a40ad936d2999887d6721e15.pdf https://enseignementsuperieur.gouv.bj/uploads/universite_directory/85b712cd25f07f6b8487f34bbd4a8659.pdf https://decsup.bj/uploads/communique/document_644.pdf;officielle;"Guide MESRS 2026-2027 : filières en régime d'ouverture ; Guide MESRS 2024-2025 : filières en régime d'ouverture ; Candidats aux examens nationaux (DECSUP) : Licence 2025, Licence 2026, Master 2025, Master 2026 (2026-07-30). Commune non indiquée par les sources consultées."
REF-D31773C0FE5E;École Supérieure de Gestion SERENA;ESG SERENA;epes;Établissement privé d'enseignement supérieur;superieur;prive;;;;;https://enseignementsuperieur.gouv.bj/uploads/universite_directory/85b712cd25f07f6b8487f34bbd4a8659.pdf;officielle;Guide MESRS 2024-2025 : filières agréées (2024-07-29). Commune non indiquée par les sources consultées. Absent du guide 2026-2027 (radiation non attestée : absence seulement).
REF-2834DFFC946D;École Supérieure de Gestion, d'Informatique et des Sciences;ESGIS;epes;Établissement privé d'enseignement supérieur;superieur;prive;cotonou;;;;https://enseignementsuperieur.gouv.bj/uploads/document_actualite/4fa961e0a40ad936d2999887d6721e15.pdf https://enseignementsuperieur.gouv.bj/uploads/universite_directory/85b712cd25f07f6b8487f34bbd4a8659.pdf https://decsup.bj/uploads/communique/document_643.pdf https://decsup.bj/uploads/communique/document_167.pdf;officielle;"Guide MESRS 2026-2027 : filières agréées + filières en régime d'ouverture ; Guide MESRS 2024-2025 : filières agréées + filières en régime d'ouverture ; Candidats aux examens nationaux (DECSUP) : Licence 2025, Licence 2026, Master 2025, Master 2026 (2026-07-30). Libellé DECSUP 2025 complet : « ESGIS - COTONOU »."
REF-B7AC9126C1DB;École Supérieure de Génie Civil Verechaguine A.K.;ESGC-VAK;epes;Établissement privé d'enseignement supérieur;superieur;prive;;;;;https://enseignementsuperieur.gouv.bj/uploads/document_actualite/4fa961e0a40ad936d2999887d6721e15.pdf https://enseignementsuperieur.gouv.bj/uploads/universite_directory/85b712cd25f07f6b8487f34bbd4a8659.pdf https://decsup.bj/uploads/communique/document_642.pdf;officielle;"Guide MESRS 2026-2027 : filières agréées + filières en régime d'ouverture ; Guide MESRS 2024-2025 : filières agréées ; Candidats aux examens nationaux (DECSUP) : Licence 2025, Licence 2026, Master 2025, Master 2026 (2026-07-30). Commune non indiquée par les sources consultées."
REF-F02717A1A1D7;École Supérieure de Génie Télécoms et TIC – Ecce Homo;ESGTIC – Ecce Homo;epes;Établissement privé d'enseignement supérieur;superieur;prive;;;;;https://enseignementsuperieur.gouv.bj/uploads/document_actualite/4fa961e0a40ad936d2999887d6721e15.pdf https://enseignementsuperieur.gouv.bj/uploads/universite_directory/85b712cd25f07f6b8487f34bbd4a8659.pdf;officielle;"Guide MESRS 2026-2027 : filières agréées ; Guide MESRS 2024-2025 : filières agréées (2026-07-30). Commune non indiquée par les sources consultées. Aucune liste de candidats DECSUP repérée sous ce nom (2025-2026)."
REF-55F5144F4D8A;École Supérieure de Journalisme et de Communication;ESJC/UAFPJ;epes;Établissement privé d'enseignement supérieur;superieur;prive;;;;;https://enseignementsuperieur.gouv.bj/uploads/universite_directory/85b712cd25f07f6b8487f34bbd4a8659.pdf;officielle;Guide MESRS 2024-2025 : filières en régime d'ouverture (2024-07-29). Commune non indiquée par les sources consultées. Absent du guide 2026-2027.
REF-F1AD0B393821;École Supérieure de Management;ESM-Bénin;epes;Établissement privé d'enseignement supérieur;superieur;prive;cotonou;;;;https://enseignementsuperieur.gouv.bj/uploads/document_actualite/4fa961e0a40ad936d2999887d6721e15.pdf https://enseignementsuperieur.gouv.bj/uploads/universite_directory/85b712cd25f07f6b8487f34bbd4a8659.pdf https://decsup.bj/uploads/communique/document_646.pdf https://decsup.bj/uploads/communique/document_170.pdf https://decsup.bj/uploads/communique/document_173.pdf https://decsup.bj/uploads/communique/document_172.pdf https://decsup.bj/uploads/communique/document_175.pdf https://decsup.bj/uploads/communique/document_177.pdf https://decsup.bj/uploads/communique/document_178.pdf https://decsup.bj/uploads/communique/document_179.pdf;officielle;"Autres sites : Abomey-Calavi, Bohicon, Djougou, Lokossa, Parakou, Porto-Novo. Guide MESRS 2026-2027 : filières agréées + filières en régime d'ouverture ; Guide MESRS 2024-2025 : filières agréées + filières en régime d'ouverture ; Candidats aux examens nationaux (DECSUP) : Licence 2025, Licence 2026, Master 2025, Master 2026 (2026-07-30). 7 sites dans les listes DECSUP. Siège non précisé par la source."
REF-88C145182362;École Supérieure de Management, de Tourisme et Hôtellerie Restauration Bénin;ESMATH BENIN;epes;Établissement privé d'enseignement supérieur;superieur;prive;;;;;https://enseignementsuperieur.gouv.bj/uploads/document_actualite/4fa961e0a40ad936d2999887d6721e15.pdf https://enseignementsuperieur.gouv.bj/uploads/universite_directory/85b712cd25f07f6b8487f34bbd4a8659.pdf https://decsup.bj/uploads/communique/document_584.pdf;officielle;"Guide MESRS 2026-2027 : filières agréées ; Guide MESRS 2024-2025 : filières en régime d'ouverture ; Candidats aux examens nationaux (DECSUP) : Licence 2025, Licence 2026 (2026-07-30). Commune non indiquée par les sources consultées."
REF-857EB706DB45;École Supérieure de Techniques Industrielles et de Management;ESTIM;epes;Établissement privé d'enseignement supérieur;superieur;prive;;;;;https://enseignementsuperieur.gouv.bj/uploads/document_actualite/4fa961e0a40ad936d2999887d6721e15.pdf https://enseignementsuperieur.gouv.bj/uploads/universite_directory/85b712cd25f07f6b8487f34bbd4a8659.pdf;officielle;"Guide MESRS 2026-2027 : filières en régime d'ouverture ; Guide MESRS 2024-2025 : filières en régime d'ouverture (2026-07-30). Commune non indiquée par les sources consultées."
REF-EA4289447160;École Supérieure de Technologie et de Gestion;ESTG;epes;Établissement privé d'enseignement supérieur;superieur;prive;;;;;https://enseignementsuperieur.gouv.bj/uploads/document_actualite/4fa961e0a40ad936d2999887d6721e15.pdf https://enseignementsuperieur.gouv.bj/uploads/universite_directory/85b712cd25f07f6b8487f34bbd4a8659.pdf https://decsup.bj/uploads/communique/document_653.pdf;officielle;"Guide MESRS 2026-2027 : filières agréées + filières en régime d'ouverture ; Guide MESRS 2024-2025 : filières agréées + filières en régime d'ouverture ; Candidats aux examens nationaux (DECSUP) : Licence 2025, Licence 2026, Master 2025, Master 2026 (2026-07-30). Commune non indiquée par les sources consultées. Écrit « École Supérieur de Teschnologie et de Gestion » dans la liste ouverture (coquille officielle)."
REF-4CD2E6812F57;École Supérieure des Cadres du Funéraire;;epes;Établissement privé d'enseignement supérieur;superieur;prive;;;;;https://enseignementsuperieur.gouv.bj/uploads/document_actualite/4fa961e0a40ad936d2999887d6721e15.pdf https://enseignementsuperieur.gouv.bj/uploads/universite_directory/85b712cd25f07f6b8487f34bbd4a8659.pdf;officielle;"Guide MESRS 2026-2027 : filières en régime d'ouverture ; Guide MESRS 2024-2025 : filières en régime d'ouverture (2026-07-30). Commune non indiquée par les sources consultées. Formations funéraires (thanatopraxie, directeurs de pompes funèbres)."
REF-FB77EAB8EFB5;École Supérieure des Cadres et Techniciens;ESCT;epes;Établissement privé d'enseignement supérieur;superieur;prive;;;;;https://enseignementsuperieur.gouv.bj/uploads/document_actualite/4fa961e0a40ad936d2999887d6721e15.pdf https://enseignementsuperieur.gouv.bj/uploads/universite_directory/85b712cd25f07f6b8487f34bbd4a8659.pdf https://decsup.bj/uploads/communique/document_580.pdf;officielle;"Guide MESRS 2026-2027 : filières en régime d'ouverture ; Guide MESRS 2024-2025 : filières en régime d'ouverture ; Candidats aux examens nationaux (DECSUP) : Licence 2025, Licence 2026 (2026-07-30). Commune non indiquée par les sources consultées."
REF-49E041B246A4;École Supérieure des Élites du Numérique et de la Gestion;ESENG;epes;Établissement privé d'enseignement supérieur;superieur;prive;;;;;https://enseignementsuperieur.gouv.bj/uploads/document_actualite/4fa961e0a40ad936d2999887d6721e15.pdf;officielle;Guide MESRS 2026-2027 : filières en régime d'ouverture (2026-07-30). Commune non indiquée par les sources consultées. Nouveau dans le guide 2026-2027.
REF-DEA3AA82B1FC;École Supérieure des Ingénieurs Géomètres Topographes;ESIGT;epes;Établissement privé d'enseignement supérieur;superieur;prive;;;;;https://enseignementsuperieur.gouv.bj/uploads/document_actualite/4fa961e0a40ad936d2999887d6721e15.pdf https://enseignementsuperieur.gouv.bj/uploads/universite_directory/85b712cd25f07f6b8487f34bbd4a8659.pdf https://decsup.bj/uploads/communique/document_645.pdf;officielle;"Guide MESRS 2026-2027 : filières en régime d'ouverture ; Guide MESRS 2024-2025 : filières en régime d'ouverture ; Candidats aux examens nationaux (DECSUP) : Licence 2025, Licence 2026, Master 2025, Master 2026 (2026-07-30). Commune non indiquée par les sources consultées."
REF-5E50CA5A2F84;École Supérieure des Métiers des Énergies Renouvelables;ESMER;epes;Établissement privé d'enseignement supérieur;superieur;prive;;;;;https://enseignementsuperieur.gouv.bj/uploads/document_actualite/4fa961e0a40ad936d2999887d6721e15.pdf https://enseignementsuperieur.gouv.bj/uploads/universite_directory/85b712cd25f07f6b8487f34bbd4a8659.pdf https://decsup.bj/uploads/communique/document_647.pdf;officielle;"Guide MESRS 2026-2027 : filières agréées ; Guide MESRS 2024-2025 : filières agréées ; Candidats aux examens nationaux (DECSUP) : Licence 2025, Licence 2026, Master 2025, Master 2026 (2026-07-30). Commune non indiquée par les sources consultées."
REF-EF6E8EC5F09E;École Supérieure des Sciences du Commerce et d'Administration des Entreprises;ESCAE-BENIN;epes;Établissement privé d'enseignement supérieur;superieur;prive;porto-novo;;;;https://enseignementsuperieur.gouv.bj/uploads/document_actualite/4fa961e0a40ad936d2999887d6721e15.pdf https://enseignementsuperieur.gouv.bj/uploads/universite_directory/85b712cd25f07f6b8487f34bbd4a8659.pdf https://decsup.bj/uploads/communique/document_640.pdf https://decsup.bj/uploads/communique/document_578.pdf https://decsup.bj/uploads/communique/document_579.pdf;officielle;"Autres sites : Abomey-Calavi (Tankpè). Guide MESRS 2026-2027 : filières agréées + filières en régime d'ouverture ; Guide MESRS 2024-2025 : filières en régime d'ouverture ; Candidats aux examens nationaux (DECSUP) : Licence 2025, Licence 2026, Master 2025, Master 2026 (2026-07-30). Le guide écrit « École Supérieure de Commerce et d'Administration des Entreprises » ; DECSUP : « des Sciences du Commerce… ». Tankpè rattaché à Abomey-Calavi par nous (la source ne donne que le quartier)."
REF-BCA474194560;École Supérieure des Sciences et Technologies de Lokossa;ESST-L;epes;Établissement privé d'enseignement supérieur;superieur;prive;lokossa;;;;https://enseignementsuperieur.gouv.bj/uploads/document_actualite/4fa961e0a40ad936d2999887d6721e15.pdf https://enseignementsuperieur.gouv.bj/uploads/universite_directory/85b712cd25f07f6b8487f34bbd4a8659.pdf https://decsup.bj/uploads/communique/document_651.pdf;officielle;"Guide MESRS 2026-2027 : filières en régime d'ouverture ; Guide MESRS 2024-2025 : filières en régime d'ouverture ; Candidats aux examens nationaux (DECSUP) : Master 2026 (2026-07-30). Commune tirée du nom de l'établissement."
REF-01B7B8653585;École Supérieure des Techniques d'Administration et de Gestion Saint Christophe;ESTAG-SC;epes;Établissement privé d'enseignement supérieur;superieur;prive;;;;;https://enseignementsuperieur.gouv.bj/uploads/document_actualite/4fa961e0a40ad936d2999887d6721e15.pdf https://enseignementsuperieur.gouv.bj/uploads/universite_directory/85b712cd25f07f6b8487f34bbd4a8659.pdf https://decsup.bj/uploads/communique/document_652.pdf;officielle;"Guide MESRS 2026-2027 : filières en régime d'ouverture ; Guide MESRS 2024-2025 : filières en régime d'ouverture ; Candidats aux examens nationaux (DECSUP) : Licence 2025, Licence 2026, Master 2025, Master 2026 (2026-07-30). Commune non indiquée par les sources consultées. Guide : « ESTAG » ; DECSUP : « ESTAG - Saint Christophe »."
REF-195BACA407FB;École Supérieure des Technologies Avancées et de Management;ESTAM;epes;Établissement privé d'enseignement supérieur;superieur;prive;;;;;https://enseignementsuperieur.gouv.bj/uploads/document_actualite/4fa961e0a40ad936d2999887d6721e15.pdf https://enseignementsuperieur.gouv.bj/uploads/universite_directory/85b712cd25f07f6b8487f34bbd4a8659.pdf https://decsup.bj/uploads/communique/document_591.pdf;officielle;"Guide MESRS 2026-2027 : filières en régime d'ouverture ; Guide MESRS 2024-2025 : filières en régime d'ouverture ; Candidats aux examens nationaux (DECSUP) : Licence 2026 (2026-07-30). Commune non indiquée par les sources consultées."
REF-6EB73138C5E0;École Supérieure Jean Michel Le Faucon;ESJMF;epes;Établissement privé d'enseignement supérieur;superieur;prive;;;;;https://enseignementsuperieur.gouv.bj/uploads/document_actualite/4fa961e0a40ad936d2999887d6721e15.pdf https://enseignementsuperieur.gouv.bj/uploads/universite_directory/85b712cd25f07f6b8487f34bbd4a8659.pdf https://decsup.bj/uploads/communique/document_576.pdf;officielle;"Guide MESRS 2026-2027 : filières agréées + filières en régime d'ouverture ; Guide MESRS 2024-2025 : filières agréées + filières en régime d'ouverture ; Candidats aux examens nationaux (DECSUP) : Licence 2025, Licence 2026 (2026-07-30). Commune non indiquée par les sources consultées. DECSUP : « École Supérieure Le Faucon (ESF) »."
REF-EE63DE872654;École Supérieure La Pratique;ES-LA PRATIQUE;epes;Établissement privé d'enseignement supérieur;superieur;prive;;;;;https://enseignementsuperieur.gouv.bj/uploads/document_actualite/4fa961e0a40ad936d2999887d6721e15.pdf;officielle;Guide MESRS 2026-2027 : filières en régime d'ouverture (2026-07-30). Commune non indiquée par les sources consultées. Nouveau dans le guide 2026-2027.
REF-FF77131C99F3;École Supérieure Panafricaine de Management Appliqué;ESPAM;epes;Établissement privé d'enseignement supérieur;superieur;prive;;;;;https://enseignementsuperieur.gouv.bj/uploads/document_actualite/4fa961e0a40ad936d2999887d6721e15.pdf https://enseignementsuperieur.gouv.bj/uploads/universite_directory/85b712cd25f07f6b8487f34bbd4a8659.pdf https://decsup.bj/uploads/communique/document_648.pdf;officielle;"Guide MESRS 2026-2027 : filières en régime d'ouverture ; Guide MESRS 2024-2025 : filières en régime d'ouverture ; Candidats aux examens nationaux (DECSUP) : Licence 2025, Master 2025, Master 2026 (2026-07-30). Commune non indiquée par les sources consultées."
REF-3A5C6B408E9A;École Supérieure Polytechnique;ESP;epes;Établissement privé d'enseignement supérieur;superieur;prive;;;;;https://enseignementsuperieur.gouv.bj/uploads/document_actualite/4fa961e0a40ad936d2999887d6721e15.pdf https://enseignementsuperieur.gouv.bj/uploads/universite_directory/85b712cd25f07f6b8487f34bbd4a8659.pdf;officielle;"Guide MESRS 2026-2027 : filières en régime d'ouverture ; Guide MESRS 2024-2025 : filières en régime d'ouverture (2026-07-30). Commune non indiquée par les sources consultées. Classes préparatoires (CPC, CPS). Nom générique : ne pas confondre avec l'ESP Le Pharaon ni avec l'EPAC publique."
REF-819D4EA56B0B;École Supérieure Polytechnique Le Pharaon;ESP Pharaon;epes;Établissement privé d'enseignement supérieur;superieur;prive;abomey-calavi;;;;https://enseignementsuperieur.gouv.bj/uploads/document_actualite/4fa961e0a40ad936d2999887d6721e15.pdf https://enseignementsuperieur.gouv.bj/uploads/universite_directory/85b712cd25f07f6b8487f34bbd4a8659.pdf https://decsup.bj/uploads/communique/document_586.pdf https://decsup.bj/uploads/communique/document_183.pdf;officielle;"Guide MESRS 2026-2027 : filières en régime d'ouverture ; Guide MESRS 2024-2025 : filières en régime d'ouverture ; Candidats aux examens nationaux (DECSUP) : Licence 2025, Licence 2026 (2026-07-30). Tankpè rattaché à Abomey-Calavi par nous (la source ne donne que la localité)."
REF-98CBC0E18C76;École Supérieure pour la Formation et le Recyclage d'Enseignants;ESFRE;epes;Établissement privé d'enseignement supérieur;superieur;prive;;;;;https://enseignementsuperieur.gouv.bj/uploads/document_actualite/4fa961e0a40ad936d2999887d6721e15.pdf https://enseignementsuperieur.gouv.bj/uploads/universite_directory/85b712cd25f07f6b8487f34bbd4a8659.pdf;officielle;"Guide MESRS 2026-2027 : filières en régime d'ouverture ; Guide MESRS 2024-2025 : filières en régime d'ouverture (2026-07-30). Commune non indiquée par les sources consultées."
REF-AF08D741ADC4;École Supérieure Privée des Sciences Agronomiques Kigani Dada de Kpessou;ESPSA/K.D-K;epes;Établissement privé d'enseignement supérieur;superieur;prive;;;;;https://enseignementsuperieur.gouv.bj/uploads/document_actualite/4fa961e0a40ad936d2999887d6721e15.pdf;officielle;Guide MESRS 2026-2027 : filières en régime d'ouverture (2026-07-30). Commune non indiquée par les sources consultées. Nouveau dans le guide 2026-2027.
REF-3F31A006A3D9;École Supérieure Saint-Louis d'Afrique;;epes;Établissement privé d'enseignement supérieur;superieur;prive;;;;;https://enseignementsuperieur.gouv.bj/uploads/universite_directory/85b712cd25f07f6b8487f34bbd4a8659.pdf;officielle;Guide MESRS 2024-2025 : filières en régime d'ouverture (2024-07-29). Commune non indiquée par les sources consultées. Absent du guide 2026-2027.
REF-47CAE41A0413;École Supérieure Sainte Félicité;ESSF;epes;Établissement privé d'enseignement supérieur;superieur;prive;;;;;https://enseignementsuperieur.gouv.bj/uploads/document_actualite/4fa961e0a40ad936d2999887d6721e15.pdf https://enseignementsuperieur.gouv.bj/uploads/universite_directory/85b712cd25f07f6b8487f34bbd4a8659.pdf https://decsup.bj/uploads/communique/document_650.pdf;officielle;"Guide MESRS 2026-2027 : filières agréées + filières en régime d'ouverture ; Guide MESRS 2024-2025 : filières agréées + filières en régime d'ouverture ; Candidats aux examens nationaux (DECSUP) : Licence 2025, Licence 2026, Master 2025, Master 2026 (2026-07-30). Commune non indiquée par les sources consultées."
REF-C429E7426E4F;École Supérieure Universitaire St Clements and Commonwealth;;epes;Établissement privé d'enseignement supérieur;superieur;prive;;;;;https://enseignementsuperieur.gouv.bj/uploads/document_actualite/4fa961e0a40ad936d2999887d6721e15.pdf https://enseignementsuperieur.gouv.bj/uploads/universite_directory/85b712cd25f07f6b8487f34bbd4a8659.pdf;officielle;"Guide MESRS 2026-2027 : filières en régime d'ouverture ; Guide MESRS 2024-2025 : filières en régime d'ouverture (2026-07-30). Commune non indiquée par les sources consultées."
REF-D56126832250;EPS « La Cité »;;epes;Établissement privé d'enseignement supérieur;superieur;prive;;;;;https://enseignementsuperieur.gouv.bj/uploads/universite_directory/85b712cd25f07f6b8487f34bbd4a8659.pdf;officielle;Guide MESRS 2024-2025 : filières en régime d'ouverture (2024-07-29). Commune non indiquée par les sources consultées. Absent du guide 2026-2027.
REF-5CB70EC2C47F;ESFAM-BENIN;ESFAM-BENIN;epes;Établissement privé d'enseignement supérieur;superieur;prive;;;;;https://enseignementsuperieur.gouv.bj/uploads/document_actualite/4fa961e0a40ad936d2999887d6721e15.pdf https://enseignementsuperieur.gouv.bj/uploads/universite_directory/85b712cd25f07f6b8487f34bbd4a8659.pdf;officielle;"Guide MESRS 2026-2027 : filières en régime d'ouverture ; Guide MESRS 2024-2025 : filières en régime d'ouverture (2026-07-30). Commune non indiquée par les sources consultées. Nom développé non donné par le guide. DECSUP 2025 liste une « École Supérieure de Formation des Acteurs de l'Audiovisuel, des Métiers des Médias et du Multimédia » (doc 165) : correspondance probable avec ESFAM, non confirmée."
REF-6C53ADBD9513;GNON GANI;;epes;Établissement privé d'enseignement supérieur;superieur;prive;;;;;https://enseignementsuperieur.gouv.bj/uploads/document_actualite/4fa961e0a40ad936d2999887d6721e15.pdf;officielle;Guide MESRS 2026-2027 : filières en régime d'ouverture (2026-07-30). Commune non indiquée par les sources consultées. Nom seul dans le guide 2026-2027 (type d'établissement non précisé).
REF-B3B51049F783;Haute École d'Industrie et de Management WELDIOS;HEIM WELDIOS;epes;Établissement privé d'enseignement supérieur;superieur;prive;;;;;https://enseignementsuperieur.gouv.bj/uploads/document_actualite/4fa961e0a40ad936d2999887d6721e15.pdf https://enseignementsuperieur.gouv.bj/uploads/universite_directory/85b712cd25f07f6b8487f34bbd4a8659.pdf https://decsup.bj/uploads/communique/document_595.pdf;officielle;"Guide MESRS 2026-2027 : filières en régime d'ouverture ; Guide MESRS 2024-2025 : filières en régime d'ouverture ; Candidats aux examens nationaux (DECSUP) : Licence 2025, Licence 2026 (2026-07-30). Commune non indiquée par les sources consultées."
REF-759753378555;Haute École de Commerce et de Management;HECM;epes;Établissement privé d'enseignement supérieur;superieur;prive;cotonou;;;;https://enseignementsuperieur.gouv.bj/uploads/document_actualite/4fa961e0a40ad936d2999887d6721e15.pdf https://enseignementsuperieur.gouv.bj/uploads/universite_directory/85b712cd25f07f6b8487f34bbd4a8659.pdf https://decsup.bj/uploads/communique/document_654.pdf https://decsup.bj/uploads/communique/document_191.pdf https://decsup.bj/uploads/communique/document_187.pdf https://decsup.bj/uploads/communique/document_188.pdf https://decsup.bj/uploads/communique/document_190.pdf https://decsup.bj/uploads/communique/document_189.pdf https://decsup.bj/uploads/communique/document_193.pdf https://decsup.bj/uploads/communique/document_194.pdf https://decsup.bj/uploads/communique/document_192.pdf https://decsup.bj/uploads/communique/document_628.pdf;officielle;"Autres sites : Cotonou (Akpakpa), Cotonou (Atrokpocodji), Abomey-Calavi, Bohicon, Parakou, Porto-Novo, Natitingou, Kandi. Guide MESRS 2026-2027 : filières agréées + filières en régime d'ouverture ; Guide MESRS 2024-2025 : filières agréées + filières en régime d'ouverture ; Candidats aux examens nationaux (DECSUP) : Licence 2025, Licence 2026, Master 2025, Master 2026 (2026-07-30). 9 sites dans les listes DECSUP. Akpakpa et Atrokpocodji : quartiers de Cotonou (rattachement fait par nous)."
REF-0B0EC35FC6B1;Haute École de Gestion et de Journalisme de Bohicon;HEGJ;epes;Établissement privé d'enseignement supérieur;superieur;prive;bohicon;;;;https://enseignementsuperieur.gouv.bj/uploads/document_actualite/4fa961e0a40ad936d2999887d6721e15.pdf https://enseignementsuperieur.gouv.bj/uploads/universite_directory/85b712cd25f07f6b8487f34bbd4a8659.pdf https://decsup.bj/uploads/communique/document_594.pdf https://decsup.bj/uploads/communique/document_195.pdf;officielle;"Guide MESRS 2026-2027 : filières agréées + filières en régime d'ouverture ; Guide MESRS 2024-2025 : filières agréées + filières en régime d'ouverture ; Candidats aux examens nationaux (DECSUP) : Licence 2025, Licence 2026 (2026-07-30)."
REF-191CEA5D5192;Haute École de Gestion et de Technologie;HEGT;epes;Établissement privé d'enseignement supérieur;superieur;prive;;;;;https://enseignementsuperieur.gouv.bj/uploads/universite_directory/85b712cd25f07f6b8487f34bbd4a8659.pdf;officielle;Guide MESRS 2024-2025 : filières en régime d'ouverture (2024-07-29). Commune non indiquée par les sources consultées. Absent du guide 2026-2027.
REF-4C09CA6DA761;Haute École des Métiers Techniques;HECOMET;epes;Établissement privé d'enseignement supérieur;superieur;prive;;;;;https://enseignementsuperieur.gouv.bj/uploads/document_actualite/4fa961e0a40ad936d2999887d6721e15.pdf https://enseignementsuperieur.gouv.bj/uploads/universite_directory/85b712cd25f07f6b8487f34bbd4a8659.pdf https://decsup.bj/uploads/communique/document_593.pdf;officielle;"Guide MESRS 2026-2027 : filières en régime d'ouverture ; Guide MESRS 2024-2025 : filières en régime d'ouverture ; Candidats aux examens nationaux (DECSUP) : Licence 2025, Licence 2026 (2026-07-30). Commune non indiquée par les sources consultées."
REF-3152C4FC7172;Haute École du Numérique et des Sciences des Affaires;HENSA;epes;Établissement privé d'enseignement supérieur;superieur;prive;;;;;https://enseignementsuperieur.gouv.bj/uploads/document_actualite/4fa961e0a40ad936d2999887d6721e15.pdf https://enseignementsuperieur.gouv.bj/uploads/universite_directory/85b712cd25f07f6b8487f34bbd4a8659.pdf https://decsup.bj/uploads/communique/document_596.pdf;officielle;"Guide MESRS 2026-2027 : filières en régime d'ouverture ; Guide MESRS 2024-2025 : filières en régime d'ouverture ; Candidats aux examens nationaux (DECSUP) : Licence 2025, Licence 2026 (2026-07-30). Commune non indiquée par les sources consultées."
REF-8FABDB6991DC;Houdégbé North American University Bénin;HNAUB;epes;Établissement privé d'enseignement supérieur;superieur;prive;;;;;https://enseignementsuperieur.gouv.bj/uploads/universite_directory/85b712cd25f07f6b8487f34bbd4a8659.pdf;officielle;Guide MESRS 2024-2025 : filières en régime d'ouverture (2024-07-29). Commune non indiquée par les sources consultées. Absent du guide 2026-2027.
REF-A43FDF1D7B85;Institut Africain des Technologies Futuristes;IATF;epes;Établissement privé d'enseignement supérieur;superieur;prive;;;;;https://enseignementsuperieur.gouv.bj/uploads/document_actualite/4fa961e0a40ad936d2999887d6721e15.pdf;officielle;Guide MESRS 2026-2027 : filières en régime d'ouverture (2026-07-30). Commune non indiquée par les sources consultées. Nouveau dans le guide 2026-2027.
REF-3DFE3FE0697A;Institut Africain Ibn Batouta;IAIB;epes;Établissement privé d'enseignement supérieur;superieur;prive;;;;;https://enseignementsuperieur.gouv.bj/uploads/document_actualite/4fa961e0a40ad936d2999887d6721e15.pdf https://enseignementsuperieur.gouv.bj/uploads/universite_directory/85b712cd25f07f6b8487f34bbd4a8659.pdf https://decsup.bj/uploads/communique/document_597.pdf;officielle;"Guide MESRS 2026-2027 : filières en régime d'ouverture ; Guide MESRS 2024-2025 : filières en régime d'ouverture ; Candidats aux examens nationaux (DECSUP) : Licence 2025, Licence 2026 (2026-07-30). Commune non indiquée par les sources consultées."
REF-6376EE8104AF;Institut CERCO;CERCO;epes;Établissement privé d'enseignement supérieur;superieur;prive;;;;;https://enseignementsuperieur.gouv.bj/uploads/document_actualite/4fa961e0a40ad936d2999887d6721e15.pdf https://enseignementsuperieur.gouv.bj/uploads/universite_directory/85b712cd25f07f6b8487f34bbd4a8659.pdf https://decsup.bj/uploads/communique/document_358.pdf;officielle;"Guide MESRS 2026-2027 : filières en régime d'ouverture ; Guide MESRS 2024-2025 : filières en régime d'ouverture ; Candidats aux examens nationaux (DECSUP) : Licence 2025, Master 2025 (2026-07-30). Commune non indiquée par les sources consultées."
REF-421BBEBABB19;Institut de Formations Avancées TOSSI;IFA TOSSI;epes;Établissement privé d'enseignement supérieur;superieur;prive;;;;;https://enseignementsuperieur.gouv.bj/uploads/document_actualite/4fa961e0a40ad936d2999887d6721e15.pdf https://enseignementsuperieur.gouv.bj/uploads/universite_directory/85b712cd25f07f6b8487f34bbd4a8659.pdf https://decsup.bj/uploads/communique/document_708.pdf;officielle;"Guide MESRS 2026-2027 : filières en régime d'ouverture ; Guide MESRS 2024-2025 : filières en régime d'ouverture ; Candidats aux examens nationaux (DECSUP) : Licence 2025, Licence 2026, Master 2025, Master 2026 (2026-07-30). Commune non indiquée par les sources consultées. DECSUP 2026 : « ENS IFA TOSSI ». Formations BAPES."
REF-F3BE6A61DFDD;Institut des Sciences et Technologies Mattéo Ricci;ISTMR;epes;Établissement privé d'enseignement supérieur;superieur;prive;;;;;https://enseignementsuperieur.gouv.bj/uploads/document_actualite/4fa961e0a40ad936d2999887d6721e15.pdf;officielle;Guide MESRS 2026-2027 : filières en régime d'ouverture (2026-07-30). Commune non indiquée par les sources consultées. Nouveau dans le guide 2026-2027.
REF-801DFA0E77B1;Institut Falah des Sciences Islamiques et de la Langue Arabe;IFSILA;epes;Établissement privé d'enseignement supérieur;superieur;prive;;;;;https://enseignementsuperieur.gouv.bj/uploads/document_actualite/4fa961e0a40ad936d2999887d6721e15.pdf;officielle;Guide MESRS 2026-2027 : filières en régime d'ouverture (2026-07-30). Commune non indiquée par les sources consultées. Nouveau dans le guide 2026-2027.
REF-5B630BCA0280;Institut Interafricain de Formation en Gestion, Informatique et Tourisme;IIFGIT;epes;Établissement privé d'enseignement supérieur;superieur;prive;;;;;https://enseignementsuperieur.gouv.bj/uploads/document_actualite/4fa961e0a40ad936d2999887d6721e15.pdf https://enseignementsuperieur.gouv.bj/uploads/universite_directory/85b712cd25f07f6b8487f34bbd4a8659.pdf https://decsup.bj/uploads/communique/document_598.pdf;officielle;"Guide MESRS 2026-2027 : filières en régime d'ouverture ; Guide MESRS 2024-2025 : filières en régime d'ouverture ; Candidats aux examens nationaux (DECSUP) : Licence 2025, Licence 2026 (2026-07-30). Commune non indiquée par les sources consultées."
REF-037D5C3168C7;Institut International de Finance, Management et d'Expertise Comptable;IIFMEC;epes;Établissement privé d'enseignement supérieur;superieur;prive;;;;;https://enseignementsuperieur.gouv.bj/uploads/universite_directory/85b712cd25f07f6b8487f34bbd4a8659.pdf;officielle;Guide MESRS 2024-2025 : filières en régime d'ouverture (2024-07-29). Commune non indiquée par les sources consultées. Absent du guide 2026-2027.
REF-55385A17DD24;Institut International de Management;IIM;epes;Établissement privé d'enseignement supérieur;superieur;prive;cotonou;;;;https://enseignementsuperieur.gouv.bj/uploads/document_actualite/4fa961e0a40ad936d2999887d6721e15.pdf https://enseignementsuperieur.gouv.bj/uploads/universite_directory/85b712cd25f07f6b8487f34bbd4a8659.pdf https://decsup.bj/uploads/communique/document_655.pdf https://decsup.bj/uploads/communique/document_203.pdf;officielle;"Guide MESRS 2026-2027 : filières agréées ; Guide MESRS 2024-2025 : filières agréées ; Candidats aux examens nationaux (DECSUP) : Licence 2025, Licence 2026, Master 2025, Master 2026 (2026-07-30)."
REF-53E0CA9CE9C9;Institut Jean Paul II de Philosophie et de Sciences Humaines;;epes;Établissement privé d'enseignement supérieur;superieur;prive;;;;;https://enseignementsuperieur.gouv.bj/uploads/document_actualite/4fa961e0a40ad936d2999887d6721e15.pdf https://enseignementsuperieur.gouv.bj/uploads/universite_directory/85b712cd25f07f6b8487f34bbd4a8659.pdf https://decsup.bj/uploads/communique/document_656.pdf;officielle;"Guide MESRS 2026-2027 : filières agréées ; Guide MESRS 2024-2025 : filières agréées ; Candidats aux examens nationaux (DECSUP) : Licence 2025, Licence 2026, Master 2025, Master 2026 (2026-07-30). Commune non indiquée par les sources consultées."
REF-536267CB961E;Institut Polytechnique Le Citoyen;IP LE CITOYEN;epes;Établissement privé d'enseignement supérieur;superieur;prive;;;;;https://enseignementsuperieur.gouv.bj/uploads/document_actualite/4fa961e0a40ad936d2999887d6721e15.pdf https://enseignementsuperieur.gouv.bj/uploads/universite_directory/85b712cd25f07f6b8487f34bbd4a8659.pdf https://decsup.bj/uploads/communique/document_649.pdf;officielle;"Guide MESRS 2026-2027 : filières en régime d'ouverture ; Guide MESRS 2024-2025 : filières en régime d'ouverture ; Candidats aux examens nationaux (DECSUP) : Licence 2025, Licence 2026, Master 2025, Master 2026 (2026-07-30). Commune non indiquée par les sources consultées. DECSUP : « École Supérieure de Pédagogie et de Management (ESPM/IP-Le Citoyen) »."
REF-2C44273AF86C;Institut Polytechnique Paul Hazoumè;IPPH;epes;Établissement privé d'enseignement supérieur;superieur;prive;;;;;https://enseignementsuperieur.gouv.bj/uploads/document_actualite/4fa961e0a40ad936d2999887d6721e15.pdf https://enseignementsuperieur.gouv.bj/uploads/universite_directory/85b712cd25f07f6b8487f34bbd4a8659.pdf;officielle;"Guide MESRS 2026-2027 : filières en régime d'ouverture ; Guide MESRS 2024-2025 : filières en régime d'ouverture (2026-07-30). Commune non indiquée par les sources consultées."
REF-AB4BA4B4967F;Institut Régional de Formation Professionnelle;IRFP;epes;Établissement privé d'enseignement supérieur;superieur;prive;;;;;https://enseignementsuperieur.gouv.bj/uploads/document_actualite/4fa961e0a40ad936d2999887d6721e15.pdf https://enseignementsuperieur.gouv.bj/uploads/universite_directory/85b712cd25f07f6b8487f34bbd4a8659.pdf;officielle;"Guide MESRS 2026-2027 : filières en régime d'ouverture ; Guide MESRS 2024-2025 : filières en régime d'ouverture (2026-07-30). Commune non indiquée par les sources consultées."
REF-D73A17D2C2EE;Institut Régional Supérieur des Beaux-Arts, de la Culture et de la Communication;IRSBAC.COM;epes;Établissement privé d'enseignement supérieur;superieur;prive;;;;;https://enseignementsuperieur.gouv.bj/uploads/document_actualite/4fa961e0a40ad936d2999887d6721e15.pdf https://enseignementsuperieur.gouv.bj/uploads/universite_directory/85b712cd25f07f6b8487f34bbd4a8659.pdf https://decsup.bj/uploads/communique/document_658.pdf;officielle;"Guide MESRS 2026-2027 : filières agréées + filières en régime d'ouverture ; Guide MESRS 2024-2025 : filières en régime d'ouverture ; Candidats aux examens nationaux (DECSUP) : Licence 2025, Licence 2026, Master 2025, Master 2026 (2026-07-30). Commune non indiquée par les sources consultées."
REF-1AFE9BFA40F5;Institut Supérieur Agro-Pastoral de Biotechnologie et de l'Environnement;ISAPAB;epes;Établissement privé d'enseignement supérieur;superieur;prive;;;;;https://enseignementsuperieur.gouv.bj/uploads/document_actualite/4fa961e0a40ad936d2999887d6721e15.pdf https://enseignementsuperieur.gouv.bj/uploads/universite_directory/85b712cd25f07f6b8487f34bbd4a8659.pdf https://decsup.bj/uploads/communique/document_604.pdf;officielle;"Guide MESRS 2026-2027 : filières en régime d'ouverture ; Guide MESRS 2024-2025 : filières en régime d'ouverture ; Candidats aux examens nationaux (DECSUP) : Licence 2025, Licence 2026 (2026-07-30). Commune non indiquée par les sources consultées."
REF-BB1CC9850908;Institut Supérieur d'Expertise et de Gestion;ISEG;epes;Établissement privé d'enseignement supérieur;superieur;prive;cotonou;;;;https://enseignementsuperieur.gouv.bj/uploads/document_actualite/4fa961e0a40ad936d2999887d6721e15.pdf https://enseignementsuperieur.gouv.bj/uploads/universite_directory/85b712cd25f07f6b8487f34bbd4a8659.pdf https://decsup.bj/uploads/communique/document_660.pdf https://decsup.bj/uploads/communique/document_606.pdf;officielle;"Guide MESRS 2026-2027 : filières agréées + filières en régime d'ouverture ; Guide MESRS 2024-2025 : filières agréées + filières en régime d'ouverture ; Candidats aux examens nationaux (DECSUP) : Licence 2025, Licence 2026, Master 2025, Master 2026 (2026-07-30)."
REF-55FE1E80965E;Institut Supérieur de Communication et de Gestion;ISCG;epes;Établissement privé d'enseignement supérieur;superieur;prive;;;;;https://enseignementsuperieur.gouv.bj/uploads/document_actualite/4fa961e0a40ad936d2999887d6721e15.pdf https://enseignementsuperieur.gouv.bj/uploads/universite_directory/85b712cd25f07f6b8487f34bbd4a8659.pdf https://decsup.bj/uploads/communique/document_659.pdf;officielle;"Guide MESRS 2026-2027 : filières agréées + filières en régime d'ouverture ; Guide MESRS 2024-2025 : filières agréées + filières en régime d'ouverture ; Candidats aux examens nationaux (DECSUP) : Licence 2025, Licence 2026, Master 2025, Master 2026 (2026-07-30). Commune non indiquée par les sources consultées."
REF-882043DDD344;Institut Supérieur de Communication, d'Organisation et de Management;ISCOM;epes;Établissement privé d'enseignement supérieur;superieur;prive;;;;;https://enseignementsuperieur.gouv.bj/uploads/document_actualite/4fa961e0a40ad936d2999887d6721e15.pdf https://enseignementsuperieur.gouv.bj/uploads/universite_directory/85b712cd25f07f6b8487f34bbd4a8659.pdf https://decsup.bj/uploads/communique/document_209.pdf;officielle;"Guide MESRS 2026-2027 : filières en régime d'ouverture ; Guide MESRS 2024-2025 : filières en régime d'ouverture ; Candidats aux examens nationaux (DECSUP) : Licence 2025 (2026-07-30). Commune non indiquée par les sources consultées."
REF-BCC1926A5494;Institut Supérieur de Formation des Éducateurs Spécialisés Laura Vicuña;ISFES-LV;epes;Établissement privé d'enseignement supérieur;superieur;prive;;;;;https://enseignementsuperieur.gouv.bj/uploads/document_actualite/4fa961e0a40ad936d2999887d6721e15.pdf https://enseignementsuperieur.gouv.bj/uploads/universite_directory/85b712cd25f07f6b8487f34bbd4a8659.pdf https://decsup.bj/uploads/communique/document_211.pdf;officielle;"Guide MESRS 2026-2027 : filières agréées ; Guide MESRS 2024-2025 : filières agréées ; Candidats aux examens nationaux (DECSUP) : Licence 2025 (2026-07-30). Commune non indiquée par les sources consultées."
REF-F81F66C047FD;Institut Supérieur de Formation Professionnelle;ISFOP;epes;Établissement privé d'enseignement supérieur;superieur;prive;;;;;https://enseignementsuperieur.gouv.bj/uploads/universite_directory/85b712cd25f07f6b8487f34bbd4a8659.pdf;officielle;Guide MESRS 2024-2025 : filières en régime d'ouverture (2024-07-29). Commune non indiquée par les sources consultées. Absent du guide 2026-2027. Wikipédia (en) mentionne une « ISFOP Benin University » : non vérifié.
REF-B55A02ABB3ED;Institut Supérieur de Formation Professionnelle et d'Appui à la Sécurité Économique;IS FOPASE;epes;Établissement privé d'enseignement supérieur;superieur;prive;cotonou;;;;https://enseignementsuperieur.gouv.bj/uploads/document_actualite/4fa961e0a40ad936d2999887d6721e15.pdf https://enseignementsuperieur.gouv.bj/uploads/universite_directory/85b712cd25f07f6b8487f34bbd4a8659.pdf https://decsup.bj/uploads/communique/document_603.pdf https://decsup.bj/uploads/communique/document_212.pdf;officielle;"Guide MESRS 2026-2027 : filières en régime d'ouverture ; Guide MESRS 2024-2025 : filières en régime d'ouverture ; Candidats aux examens nationaux (DECSUP) : Licence 2025, Licence 2026 (2026-07-30)."
REF-F5B04D4AD392;Institut Supérieur de Génie Civil et de Gestion;ISGG;epes;Établissement privé d'enseignement supérieur;superieur;prive;;;;;https://enseignementsuperieur.gouv.bj/uploads/document_actualite/4fa961e0a40ad936d2999887d6721e15.pdf https://enseignementsuperieur.gouv.bj/uploads/universite_directory/85b712cd25f07f6b8487f34bbd4a8659.pdf https://decsup.bj/uploads/communique/document_608.pdf;officielle;"Guide MESRS 2026-2027 : filières en régime d'ouverture ; Guide MESRS 2024-2025 : filières en régime d'ouverture ; Candidats aux examens nationaux (DECSUP) : Licence 2025, Licence 2026 (2026-07-30). Commune non indiquée par les sources consultées."
REF-049D2CD5E5A7;Institut Supérieur de l'Afrique de l'Ouest;ISAO;epes;Établissement privé d'enseignement supérieur;superieur;prive;;;;;https://enseignementsuperieur.gouv.bj/uploads/document_actualite/4fa961e0a40ad936d2999887d6721e15.pdf https://enseignementsuperieur.gouv.bj/uploads/universite_directory/85b712cd25f07f6b8487f34bbd4a8659.pdf;officielle;"Guide MESRS 2026-2027 : filières en régime d'ouverture ; Guide MESRS 2024-2025 : filières en régime d'ouverture (2026-07-30). Commune non indiquée par les sources consultées."
REF-C08EFDFC9ADE;Institut Supérieur de Management Adonaï;ISM Adonaï;epes;Établissement privé d'enseignement supérieur;superieur;prive;cotonou;;;;https://enseignementsuperieur.gouv.bj/uploads/document_actualite/4fa961e0a40ad936d2999887d6721e15.pdf https://enseignementsuperieur.gouv.bj/uploads/universite_directory/85b712cd25f07f6b8487f34bbd4a8659.pdf https://decsup.bj/uploads/communique/document_661.pdf https://decsup.bj/uploads/communique/document_219.pdf https://decsup.bj/uploads/communique/document_218.pdf https://decsup.bj/uploads/communique/document_220.pdf https://decsup.bj/uploads/communique/document_222.pdf https://decsup.bj/uploads/communique/document_221.pdf;officielle;"Autres sites : Abomey-Calavi, Parakou, Porto-Novo, Pobè. Guide MESRS 2026-2027 : filières agréées + filières en régime d'ouverture ; Guide MESRS 2024-2025 : filières agréées + filières en régime d'ouverture ; Candidats aux examens nationaux (DECSUP) : Licence 2025, Licence 2026, Master 2025, Master 2026 (2026-07-30). 5 sites DECSUP ; libellé 2026 « ISM-ADONAI CI » non élucidé."
REF-E1121B03592F;Institut Supérieur de Management et de Technologies Saint Salomon;ISMT-ST SALOMON;epes;Établissement privé d'enseignement supérieur;superieur;prive;abomey-calavi;;;;https://enseignementsuperieur.gouv.bj/uploads/document_actualite/4fa961e0a40ad936d2999887d6721e15.pdf https://enseignementsuperieur.gouv.bj/uploads/universite_directory/85b712cd25f07f6b8487f34bbd4a8659.pdf https://decsup.bj/uploads/communique/document_612.pdf;officielle;"Guide MESRS 2026-2027 : filières agréées + filières en régime d'ouverture ; Guide MESRS 2024-2025 : filières agréées + filières en régime d'ouverture ; Candidats aux examens nationaux (DECSUP) : Licence 2025, Licence 2026 (2026-07-30). Hêvié rattaché à Abomey-Calavi par nous."
REF-F000EBA236B4;Institut Supérieur de Mathématiques de la Décision;ISMADE;epes;Établissement privé d'enseignement supérieur;superieur;prive;;;;;https://enseignementsuperieur.gouv.bj/uploads/document_actualite/4fa961e0a40ad936d2999887d6721e15.pdf https://enseignementsuperieur.gouv.bj/uploads/universite_directory/85b712cd25f07f6b8487f34bbd4a8659.pdf https://decsup.bj/uploads/communique/document_662.pdf;officielle;"Guide MESRS 2026-2027 : filières en régime d'ouverture ; Guide MESRS 2024-2025 : filières en régime d'ouverture ; Candidats aux examens nationaux (DECSUP) : Licence 2025, Licence 2026, Master 2026 (2026-07-30). Commune non indiquée par les sources consultées."
REF-B331EB028511;Institut Supérieur des Métiers de l'Audiovisuel;ISMA;epes;Établissement privé d'enseignement supérieur;superieur;prive;cotonou;;;;https://enseignementsuperieur.gouv.bj/uploads/document_actualite/4fa961e0a40ad936d2999887d6721e15.pdf https://enseignementsuperieur.gouv.bj/uploads/universite_directory/85b712cd25f07f6b8487f34bbd4a8659.pdf https://decsup.bj/uploads/communique/document_663.pdf https://decsup.bj/uploads/communique/document_216.pdf;officielle;"Guide MESRS 2026-2027 : filières agréées ; Guide MESRS 2024-2025 : filières agréées ; Candidats aux examens nationaux (DECSUP) : Licence 2025, Licence 2026, Master 2025, Master 2026 (2026-07-30)."
REF-4C7B7CA1CB44;Institut Supérieur des Sciences de l'Information et de la Communication;ISSIC;epes;Établissement privé d'enseignement supérieur;superieur;prive;;;;;https://enseignementsuperieur.gouv.bj/uploads/universite_directory/85b712cd25f07f6b8487f34bbd4a8659.pdf;officielle;Guide MESRS 2024-2025 : filières en régime d'ouverture (2024-07-29). Commune non indiquée par les sources consultées. Absent du guide 2026-2027.
REF-2F0C308EF098;Institut Supérieur Golden Academy;ISGA;epes;Établissement privé d'enseignement supérieur;superieur;prive;;;;;https://enseignementsuperieur.gouv.bj/uploads/document_actualite/4fa961e0a40ad936d2999887d6721e15.pdf https://enseignementsuperieur.gouv.bj/uploads/universite_directory/85b712cd25f07f6b8487f34bbd4a8659.pdf https://decsup.bj/uploads/communique/document_607.pdf;officielle;"Guide MESRS 2026-2027 : filières agréées ; Guide MESRS 2024-2025 : filières agréées ; Candidats aux examens nationaux (DECSUP) : Licence 2025, Licence 2026 (2026-07-30). Commune non indiquée par les sources consultées."
REF-CCCC386DFBF9;Institut Supérieur Hill-City University Bénin;IS HCUB;epes;Établissement privé d'enseignement supérieur;superieur;prive;;;;;https://enseignementsuperieur.gouv.bj/uploads/document_actualite/4fa961e0a40ad936d2999887d6721e15.pdf https://enseignementsuperieur.gouv.bj/uploads/universite_directory/85b712cd25f07f6b8487f34bbd4a8659.pdf https://decsup.bj/uploads/communique/document_609.pdf;officielle;"Guide MESRS 2026-2027 : filières en régime d'ouverture ; Guide MESRS 2024-2025 : filières en régime d'ouverture ; Candidats aux examens nationaux (DECSUP) : Licence 2025, Licence 2026 (2026-07-30). Commune non indiquée par les sources consultées. Le guide écrit « Institut Supérieur HCUB » ; nom développé tiré de DECSUP."
REF-7759D13B5E44;Institut Supérieur la Nouvelle Espérance;ISNE;epes;Établissement privé d'enseignement supérieur;superieur;prive;;;;;https://enseignementsuperieur.gouv.bj/uploads/document_actualite/4fa961e0a40ad936d2999887d6721e15.pdf https://enseignementsuperieur.gouv.bj/uploads/universite_directory/85b712cd25f07f6b8487f34bbd4a8659.pdf;officielle;"Guide MESRS 2026-2027 : filières en régime d'ouverture ; Guide MESRS 2024-2025 : filières en régime d'ouverture (2026-07-30). Commune non indiquée par les sources consultées."
REF-14141CEB0D22;Institut Supérieur Notre Dame d'Afrique;ISNDA;epes;Établissement privé d'enseignement supérieur;superieur;prive;;;;;https://enseignementsuperieur.gouv.bj/uploads/document_actualite/4fa961e0a40ad936d2999887d6721e15.pdf https://enseignementsuperieur.gouv.bj/uploads/universite_directory/85b712cd25f07f6b8487f34bbd4a8659.pdf https://decsup.bj/uploads/communique/document_664.pdf;officielle;"Guide MESRS 2026-2027 : filières en régime d'ouverture ; Guide MESRS 2024-2025 : filières en régime d'ouverture ; Candidats aux examens nationaux (DECSUP) : Licence 2026, Master 2026 (2026-07-30). Commune non indiquée par les sources consultées."
REF-B3FDC8C8AC8D;Institut Supérieur Saint Paul de Tarse;ISSPT;epes;Établissement privé d'enseignement supérieur;superieur;prive;;;;;https://enseignementsuperieur.gouv.bj/uploads/document_actualite/4fa961e0a40ad936d2999887d6721e15.pdf https://enseignementsuperieur.gouv.bj/uploads/universite_directory/85b712cd25f07f6b8487f34bbd4a8659.pdf https://decsup.bj/uploads/communique/document_614.pdf;officielle;"Guide MESRS 2026-2027 : filières agréées + filières en régime d'ouverture ; Guide MESRS 2024-2025 : filières en régime d'ouverture ; Candidats aux examens nationaux (DECSUP) : Licence 2025, Licence 2026 (2026-07-30). Commune non indiquée par les sources consultées."
REF-4805327C4B65;Institut Universitaire Africain du Bénin;IUAB;epes;Établissement privé d'enseignement supérieur;superieur;prive;;;;;https://enseignementsuperieur.gouv.bj/uploads/document_actualite/4fa961e0a40ad936d2999887d6721e15.pdf https://enseignementsuperieur.gouv.bj/uploads/universite_directory/85b712cd25f07f6b8487f34bbd4a8659.pdf;officielle;"Guide MESRS 2026-2027 : filières en régime d'ouverture ; Guide MESRS 2024-2025 : filières en régime d'ouverture (2026-07-30). Commune non indiquée par les sources consultées."
REF-F30E4ECD0448;Institut Universitaire Courage;;epes;Établissement privé d'enseignement supérieur;superieur;prive;;;;;https://enseignementsuperieur.gouv.bj/uploads/universite_directory/85b712cd25f07f6b8487f34bbd4a8659.pdf;officielle;Guide MESRS 2024-2025 : filières en régime d'ouverture (2024-07-29). Commune non indiquée par les sources consultées. Absent du guide 2026-2027.
REF-E5886C8F5AD6;Institut Universitaire d'Enseignement Professionnel spécialisé dans les Métiers de l'Agriculture de Govié;IUEP Govié;epes;Établissement privé d'enseignement supérieur;superieur;prive;;;;;https://enseignementsuperieur.gouv.bj/uploads/document_actualite/4fa961e0a40ad936d2999887d6721e15.pdf https://enseignementsuperieur.gouv.bj/uploads/universite_directory/85b712cd25f07f6b8487f34bbd4a8659.pdf;officielle;"Guide MESRS 2026-2027 : filières en régime d'ouverture ; Guide MESRS 2024-2025 : filières en régime d'ouverture (2026-07-30). Commune non indiquée par les sources consultées. Privé selon le guide (rubrique EPES). Localité Govié citée dans le nom ; commune non précisée par la source. Ne pas confondre avec l'IUEP public (rubrique V du guide)."
REF-876895F46602;Institut Universitaire de Bohicon;IUBO;epes;Établissement privé d'enseignement supérieur;superieur;prive;bohicon;;;;https://enseignementsuperieur.gouv.bj/uploads/document_actualite/4fa961e0a40ad936d2999887d6721e15.pdf https://enseignementsuperieur.gouv.bj/uploads/universite_directory/85b712cd25f07f6b8487f34bbd4a8659.pdf https://decsup.bj/uploads/communique/document_665.pdf;officielle;"Guide MESRS 2026-2027 : filières en régime d'ouverture ; Guide MESRS 2024-2025 : filières en régime d'ouverture ; Candidats aux examens nationaux (DECSUP) : Licence 2025, Licence 2026, Master 2025, Master 2026 (2026-07-30). Commune tirée du nom."
REF-1AA39F24469B;Institut Universitaire de Formation et d'Immersion Professionnelle;IUFIP;epes;Établissement privé d'enseignement supérieur;superieur;prive;;;;;https://enseignementsuperieur.gouv.bj/uploads/document_actualite/4fa961e0a40ad936d2999887d6721e15.pdf;officielle;Guide MESRS 2026-2027 : filières en régime d'ouverture (2026-07-30). Commune non indiquée par les sources consultées. Nouveau dans le guide 2026-2027.
REF-D24F0BF79610;Institut Universitaire de Langue et des Sciences;;epes;Établissement privé d'enseignement supérieur;superieur;prive;;;;;https://enseignementsuperieur.gouv.bj/uploads/document_actualite/4fa961e0a40ad936d2999887d6721e15.pdf https://enseignementsuperieur.gouv.bj/uploads/universite_directory/85b712cd25f07f6b8487f34bbd4a8659.pdf;officielle;"Guide MESRS 2026-2027 : filières en régime d'ouverture ; Guide MESRS 2024-2025 : filières en régime d'ouverture (2026-07-30). Commune non indiquée par les sources consultées."
REF-CAD3DA12D1A7;Institut Universitaire des Métiers d'Avenir;IUMA;epes;Établissement privé d'enseignement supérieur;superieur;prive;cotonou;;;;https://enseignementsuperieur.gouv.bj/uploads/document_actualite/4fa961e0a40ad936d2999887d6721e15.pdf https://enseignementsuperieur.gouv.bj/uploads/universite_directory/85b712cd25f07f6b8487f34bbd4a8659.pdf https://decsup.bj/uploads/communique/document_666.pdf https://decsup.bj/uploads/communique/document_227.pdf;officielle;"Guide MESRS 2026-2027 : filières en régime d'ouverture ; Guide MESRS 2024-2025 : filières en régime d'ouverture ; Candidats aux examens nationaux (DECSUP) : Licence 2025, Licence 2026, Master 2025, Master 2026 (2026-07-30)."
REF-9D06B886C90B;Institut Universitaire des Sciences Économiques et Biologiques Appliquées;IUSEBA;epes;Établissement privé d'enseignement supérieur;superieur;prive;parakou;;;;https://enseignementsuperieur.gouv.bj/uploads/document_actualite/4fa961e0a40ad936d2999887d6721e15.pdf https://enseignementsuperieur.gouv.bj/uploads/universite_directory/85b712cd25f07f6b8487f34bbd4a8659.pdf https://decsup.bj/uploads/communique/document_620.pdf https://decsup.bj/uploads/communique/document_231.pdf;officielle;"Guide MESRS 2026-2027 : filières agréées + filières en régime d'ouverture ; Guide MESRS 2024-2025 : filières agréées ; Candidats aux examens nationaux (DECSUP) : Licence 2025, Licence 2026 (2026-07-30)."
REF-E9A8E11DC694;Institut Universitaire des Sciences et Techniques Ajavon Sébastien;IUST-AS;epes;Établissement privé d'enseignement supérieur;superieur;prive;;;;;https://enseignementsuperieur.gouv.bj/uploads/document_actualite/4fa961e0a40ad936d2999887d6721e15.pdf https://enseignementsuperieur.gouv.bj/uploads/universite_directory/85b712cd25f07f6b8487f34bbd4a8659.pdf https://decsup.bj/uploads/communique/document_621.pdf;officielle;"Guide MESRS 2026-2027 : filières en régime d'ouverture ; Guide MESRS 2024-2025 : filières en régime d'ouverture ; Candidats aux examens nationaux (DECSUP) : Licence 2025, Licence 2026 (2026-07-30). Commune non indiquée par les sources consultées."
REF-A25B936C902F;Institut Universitaire du Bénin;IUB;epes;Établissement privé d'enseignement supérieur;superieur;prive;;;;;https://enseignementsuperieur.gouv.bj/uploads/document_actualite/4fa961e0a40ad936d2999887d6721e15.pdf https://enseignementsuperieur.gouv.bj/uploads/universite_directory/85b712cd25f07f6b8487f34bbd4a8659.pdf;officielle;"Guide MESRS 2026-2027 : filières en régime d'ouverture ; Guide MESRS 2024-2025 : filières en régime d'ouverture (2026-07-30). Commune non indiquée par les sources consultées. Homonymie possible avec d'autres « IUB »."
REF-7346BBC59EE2;Institut Universitaire du Professorat et de Management;IUPM;epes;Établissement privé d'enseignement supérieur;superieur;prive;;;;;https://enseignementsuperieur.gouv.bj/uploads/document_actualite/4fa961e0a40ad936d2999887d6721e15.pdf https://enseignementsuperieur.gouv.bj/uploads/universite_directory/85b712cd25f07f6b8487f34bbd4a8659.pdf;officielle;"Guide MESRS 2026-2027 : filières en régime d'ouverture ; Guide MESRS 2024-2025 : filières en régime d'ouverture (2026-07-30). Commune non indiquée par les sources consultées."
REF-24CDC622C223;Institut Universitaire EDEXCEL;IU-EDEXCEL;epes;Établissement privé d'enseignement supérieur;superieur;prive;;;;;https://enseignementsuperieur.gouv.bj/uploads/document_actualite/4fa961e0a40ad936d2999887d6721e15.pdf https://enseignementsuperieur.gouv.bj/uploads/universite_directory/85b712cd25f07f6b8487f34bbd4a8659.pdf https://decsup.bj/uploads/communique/document_574.pdf;officielle;"Guide MESRS 2026-2027 : filières en régime d'ouverture ; Guide MESRS 2024-2025 : filières en régime d'ouverture ; Candidats aux examens nationaux (DECSUP) : Licence 2025, Licence 2026 (2026-07-30). Commune non indiquée par les sources consultées. UNEPES le nomme « EDEXCEL Université »."
REF-E6CBCFEE834D;Institut Universitaire la Grâce (ex-ECOTES Bénin);IUG / ECOTES;epes;Établissement privé d'enseignement supérieur;superieur;prive;;;;;https://enseignementsuperieur.gouv.bj/uploads/document_actualite/4fa961e0a40ad936d2999887d6721e15.pdf https://enseignementsuperieur.gouv.bj/uploads/universite_directory/85b712cd25f07f6b8487f34bbd4a8659.pdf https://decsup.bj/uploads/communique/document_637.pdf;officielle;"Guide MESRS 2026-2027 : filières en régime d'ouverture ; Guide MESRS 2024-2025 : filières en régime d'ouverture ; Candidats aux examens nationaux (DECSUP) : Licence 2025, Licence 2026, Master 2025, Master 2026 (2026-07-30). Commune non indiquée par les sources consultées. Ex-ECOTES Bénin selon UNEPES (https://www.unepesbenin.org/membres.html). Le statut 2024-2025 est celui d'« École de Techniciens Supérieurs du Bénin (ECOTES) » (ouverture) ; ECOTES apparaît encore sous ce nom dans les listes DECSUP 2026. Fusion IUG/ECOTES à confirmer."
REF-FED4725C0F29;Institut Universitaire le Grand Berger du Bénin;;epes;Établissement privé d'enseignement supérieur;superieur;prive;;;;;https://enseignementsuperieur.gouv.bj/uploads/document_actualite/4fa961e0a40ad936d2999887d6721e15.pdf https://enseignementsuperieur.gouv.bj/uploads/universite_directory/85b712cd25f07f6b8487f34bbd4a8659.pdf;officielle;"Guide MESRS 2026-2027 : filières en régime d'ouverture ; Guide MESRS 2024-2025 : filières en régime d'ouverture (2026-07-30). Commune non indiquée par les sources consultées."
REF-C6806A84AECA;Institut Universitaire Les Cours Sonou;LCS;epes;Établissement privé d'enseignement supérieur;superieur;prive;cotonou;;;;https://enseignementsuperieur.gouv.bj/uploads/document_actualite/4fa961e0a40ad936d2999887d6721e15.pdf https://enseignementsuperieur.gouv.bj/uploads/universite_directory/85b712cd25f07f6b8487f34bbd4a8659.pdf https://decsup.bj/uploads/communique/document_668.pdf https://decsup.bj/uploads/communique/document_234.pdf https://decsup.bj/uploads/communique/document_233.pdf https://decsup.bj/uploads/communique/document_235.pdf https://decsup.bj/uploads/communique/document_236.pdf;officielle;"Autres sites : Abomey-Calavi, Parakou, Porto-Novo. Guide MESRS 2026-2027 : filières agréées + filières en régime d'ouverture ; Guide MESRS 2024-2025 : filières agréées + filières en régime d'ouverture ; Candidats aux examens nationaux (DECSUP) : Licence 2025, Licence 2026, Master 2025, Master 2026 (2026-07-30). 4 sites DECSUP."
REF-44EDCA0DA6BB;Institut Universitaire MatheFineco;IUM;epes;Établissement privé d'enseignement supérieur;superieur;prive;;;;;https://enseignementsuperieur.gouv.bj/uploads/document_actualite/4fa961e0a40ad936d2999887d6721e15.pdf https://enseignementsuperieur.gouv.bj/uploads/universite_directory/85b712cd25f07f6b8487f34bbd4a8659.pdf https://decsup.bj/uploads/communique/document_617.pdf;officielle;"Guide MESRS 2026-2027 : filières agréées + filières en régime d'ouverture ; Guide MESRS 2024-2025 : filières en régime d'ouverture ; Candidats aux examens nationaux (DECSUP) : Licence 2025, Licence 2026 (2026-07-30). Commune non indiquée par les sources consultées. Graphies : MATHFINECO / MatheFineco."
REF-D8296750D3AA;Institut Universitaire Panafricain;IUP;epes;Établissement privé d'enseignement supérieur;superieur;prive;porto-novo;;;;https://enseignementsuperieur.gouv.bj/uploads/document_actualite/4fa961e0a40ad936d2999887d6721e15.pdf https://enseignementsuperieur.gouv.bj/uploads/universite_directory/85b712cd25f07f6b8487f34bbd4a8659.pdf https://decsup.bj/uploads/communique/document_667.pdf https://decsup.bj/uploads/communique/document_229.pdf;officielle;"Guide MESRS 2026-2027 : filières agréées + filières en régime d'ouverture ; Guide MESRS 2024-2025 : filières agréées + filières en régime d'ouverture ; Candidats aux examens nationaux (DECSUP) : Licence 2025, Licence 2026, Master 2025, Master 2026 (2026-07-30)."
REF-D5322175EAE2;Institut Universitaire Saints Adrien et Anselme;IUSAA;epes;Établissement privé d'enseignement supérieur;superieur;prive;;;;;https://enseignementsuperieur.gouv.bj/uploads/document_actualite/4fa961e0a40ad936d2999887d6721e15.pdf https://enseignementsuperieur.gouv.bj/uploads/universite_directory/85b712cd25f07f6b8487f34bbd4a8659.pdf https://decsup.bj/uploads/communique/document_619.pdf;officielle;"Guide MESRS 2026-2027 : filières en régime d'ouverture ; Guide MESRS 2024-2025 : filières en régime d'ouverture ; Candidats aux examens nationaux (DECSUP) : Licence 2025, Licence 2026 (2026-07-30). Commune non indiquée par les sources consultées."
REF-3650BA23E5F2;Institut Universitaire ULTIME des Sciences et Technologies;;epes;Établissement privé d'enseignement supérieur;superieur;prive;;;;;https://enseignementsuperieur.gouv.bj/uploads/universite_directory/85b712cd25f07f6b8487f34bbd4a8659.pdf;officielle;Guide MESRS 2024-2025 : filières en régime d'ouverture (2024-07-29). Commune non indiquée par les sources consultées. Absent du guide 2026-2027.
REF-D8E6CBBD16C7;Institut Universitaire West African Union;;epes;Établissement privé d'enseignement supérieur;superieur;prive;;;;;https://enseignementsuperieur.gouv.bj/uploads/document_actualite/4fa961e0a40ad936d2999887d6721e15.pdf https://enseignementsuperieur.gouv.bj/uploads/universite_directory/85b712cd25f07f6b8487f34bbd4a8659.pdf;officielle;"Guide MESRS 2026-2027 : filières en régime d'ouverture ; Guide MESRS 2024-2025 : filières en régime d'ouverture (2026-07-30). Commune non indiquée par les sources consultées."
REF-788D2335AC38;IRGIB-Africa University;IRGIB AFRICA;epes;Établissement privé d'enseignement supérieur;superieur;prive;;;;;https://enseignementsuperieur.gouv.bj/uploads/document_actualite/4fa961e0a40ad936d2999887d6721e15.pdf https://enseignementsuperieur.gouv.bj/uploads/universite_directory/85b712cd25f07f6b8487f34bbd4a8659.pdf https://decsup.bj/uploads/communique/document_657.pdf;officielle;"Guide MESRS 2026-2027 : filières agréées + filières en régime d'ouverture ; Guide MESRS 2024-2025 : filières agréées ; Candidats aux examens nationaux (DECSUP) : Licence 2025, Licence 2026, Master 2025, Master 2026 (2026-07-30). Commune non indiquée par les sources consultées."
REF-968E7E6A238B;La Nouvelle École des Métiers;LaNEM;epes;Établissement privé d'enseignement supérieur;superieur;prive;;;;;https://enseignementsuperieur.gouv.bj/uploads/document_actualite/4fa961e0a40ad936d2999887d6721e15.pdf;officielle;Guide MESRS 2026-2027 : filières en régime d'ouverture (2026-07-30). Commune non indiquée par les sources consultées. Nouveau dans le guide 2026-2027.
REF-03D4343B2BBE;Pinnacle African Institute;;epes;Établissement privé d'enseignement supérieur;superieur;prive;;;;;https://enseignementsuperieur.gouv.bj/uploads/universite_directory/85b712cd25f07f6b8487f34bbd4a8659.pdf;officielle;Guide MESRS 2024-2025 : filières en régime d'ouverture (2024-07-29). Commune non indiquée par les sources consultées. Absent du guide 2026-2027.
REF-47D6B341056F;POLYTECH ADA (École Polytechnique des Génies);POLYTECH ADA;epes;Établissement privé d'enseignement supérieur;superieur;prive;;;;;https://enseignementsuperieur.gouv.bj/uploads/document_actualite/4fa961e0a40ad936d2999887d6721e15.pdf https://enseignementsuperieur.gouv.bj/uploads/universite_directory/85b712cd25f07f6b8487f34bbd4a8659.pdf https://decsup.bj/uploads/communique/document_623.pdf;officielle;"Guide MESRS 2026-2027 : filières agréées ; Guide MESRS 2024-2025 : filières agréées ; Candidats aux examens nationaux (DECSUP) : Licence 2025, Licence 2026 (2026-07-30). Commune non indiquée par les sources consultées."
REF-4BE1D4C932BB;POMA;;epes;Établissement privé d'enseignement supérieur;superieur;prive;;;;;https://enseignementsuperieur.gouv.bj/uploads/universite_directory/85b712cd25f07f6b8487f34bbd4a8659.pdf;officielle;"Guide MESRS 2024-2025 : filières en régime d'ouverture (2024-07-29). Commune non indiquée par les sources consultées. Nom seul dans le guide 2024-2025 ; absent du guide 2026-2027."
REF-8E997073BCB3;Université Africaine de Technologie et de Management;UATM-GASA;epes;Établissement privé d'enseignement supérieur;superieur;prive;cotonou;;;;https://enseignementsuperieur.gouv.bj/uploads/document_actualite/4fa961e0a40ad936d2999887d6721e15.pdf https://enseignementsuperieur.gouv.bj/uploads/universite_directory/85b712cd25f07f6b8487f34bbd4a8659.pdf https://decsup.bj/uploads/communique/document_670.pdf https://decsup.bj/uploads/communique/document_239.pdf https://decsup.bj/uploads/communique/document_240.pdf https://decsup.bj/uploads/communique/document_241.pdf;officielle;"Autres sites : Cotonou (Gbégamey), Porto-Novo. Guide MESRS 2026-2027 : filières agréées + filières en régime d'ouverture ; Guide MESRS 2024-2025 : filières agréées ; Candidats aux examens nationaux (DECSUP) : Licence 2025, Licence 2026, Master 2025, Master 2026 (2026-07-30). 3 sites DECSUP. Agla et Gbégamey : quartiers de Cotonou (rattachement fait par nous)."
REF-652544A46CFE;Université Catholique de l'Afrique de l'Ouest – Unité Universitaire à Cotonou;UCAO-UUC;epes;Établissement privé d'enseignement supérieur;superieur;prive;cotonou;;;;https://enseignementsuperieur.gouv.bj/uploads/document_actualite/4fa961e0a40ad936d2999887d6721e15.pdf https://enseignementsuperieur.gouv.bj/uploads/universite_directory/85b712cd25f07f6b8487f34bbd4a8659.pdf https://decsup.bj/uploads/communique/document_671.pdf https://decsup.bj/uploads/communique/document_242.pdf;officielle;"Guide MESRS 2026-2027 : filières agréées + filières en régime d'ouverture ; Guide MESRS 2024-2025 : filières agréées + filières en régime d'ouverture ; Candidats aux examens nationaux (DECSUP) : Licence 2025, Licence 2026, Master 2025, Master 2026 (2026-07-30)."
REF-4C8FCE6124ED;Université Polytechnique Internationale Dr Obiang Nguema Mbasogo;UPI-ONM;epes;Établissement privé d'enseignement supérieur;superieur;prive;;;;;https://enseignementsuperieur.gouv.bj/uploads/document_actualite/4fa961e0a40ad936d2999887d6721e15.pdf https://enseignementsuperieur.gouv.bj/uploads/universite_directory/85b712cd25f07f6b8487f34bbd4a8659.pdf https://decsup.bj/uploads/communique/document_673.pdf;officielle;"Guide MESRS 2026-2027 : filières agréées ; Guide MESRS 2024-2025 : filières agréées ; Candidats aux examens nationaux (DECSUP) : Licence 2025, Licence 2026, Master 2025, Master 2026 (2026-07-30). Commune non indiquée par les sources consultées."
REF-68007B7C1158;Université Protestante de l'Afrique de l'Ouest;UPAO;epes;Établissement privé d'enseignement supérieur;superieur;prive;;;;;https://enseignementsuperieur.gouv.bj/uploads/document_actualite/4fa961e0a40ad936d2999887d6721e15.pdf https://enseignementsuperieur.gouv.bj/uploads/universite_directory/85b712cd25f07f6b8487f34bbd4a8659.pdf https://decsup.bj/uploads/communique/document_672.pdf;officielle;"Guide MESRS 2026-2027 : filières agréées + filières en régime d'ouverture ; Guide MESRS 2024-2025 : filières agréées + filières en régime d'ouverture ; Candidats aux examens nationaux (DECSUP) : Licence 2025, Licence 2026, Master 2025, Master 2026 (2026-07-30). Commune non indiquée par les sources consultées."
REF-ACB04A6D43FB;Lycée technique et professionnel F.M. Coulibaly;LTP Coulibaly;lycee_technique;Lycée technique et professionnel;technique;public;cotonou;MESRS chargé de la Formation technique (ex-MESTFP);;;https://www.leretportail.com/lycees;recoupee;Nommé « Lycée technique F.M Coulibaly » (LeRET) et « Lycée technique et professionnel Coulibaly » (les4verites.bj, 2026). Réhabilitation décidée au Conseil des ministres du 26/07/2023 (banouto.bj).
REF-AE0C4F806EF2;Lycée technique et professionnel de Kpondéhou;LTP Kpondéhou;lycee_technique;Lycée technique et professionnel;technique;public;cotonou;MESRS chargé de la Formation technique (ex-MESTFP);;;https://www.leretportail.com/lycees;recoupee;Site propre : ltpkpondehou.bj. Cité dans la liste de réhabilitation 2023 (banouto.bj).
REF-66C8EEC8A3B4;Lycée technique et professionnel de Porto-Novo;LTP Porto-Novo;lycee_technique;Lycée technique et professionnel;technique;public;porto-novo;MESRS chargé de la Formation technique (ex-MESTFP);;;https://www.leretportail.com/lycees;recoupee;Centre du concours LTA 2026 pour l'Ouémé (les4verites.bj).
REF-2E697E30FE8C;Lycée technique et professionnel de Ouidah;LTP Ouidah;lycee_technique;Lycée technique et professionnel;technique;public;ouidah;MESRS chargé de la Formation technique (ex-MESTFP);;;https://www.leretportail.com/lycees;recoupee;Cité dans la liste de construction/réhabilitation 2023 (banouto.bj).
REF-19080A8BEFE7;Lycée technique et professionnel d'Économie familiale et sociale d'Akassato;LTP EFS Akassato;lycee_technique;Lycée technique et professionnel;technique;public;abomey-calavi;MESRS chargé de la Formation technique (ex-MESTFP);;;https://www.leretportail.com/lycees;recoupee;Commune indiquée par LeRET.
REF-DDCE4900E6BC;Lycée technique et professionnel d'Amitié sino-béninoise d'Akassato;LTP Sino-Béninois Akassato;lycee_technique;Lycée technique et professionnel;technique;public;abomey-calavi;MESRS chargé de la Formation technique (ex-MESTFP);;;https://www.leretportail.com/lycees;recoupee;Commune indiquée par LeRET.
REF-3B3261098B32;Lycée technique et professionnel de Pobè;LTP Pobè;lycee_technique;Lycée technique et professionnel;technique;public;pobe;MESRS chargé de la Formation technique (ex-MESTFP);;;https://www.leretportail.com/lycees;recoupee;Centre du concours LTA 2026 pour le Plateau (les4verites.bj).
REF-17DCC09CF1EF;Lycée technique et professionnel d'Ina;LTP Ina;lycee_technique;Lycée technique et professionnel;technique;public;bembereke;MESRS chargé de la Formation technique (ex-MESTFP);;;https://www.leretportail.com/lycees;recoupee;À distinguer du LTA d'Ina (communiqué MESTFP déc. 2023) : les deux dénominations coexistent dans les sources, confusion possible à lever.
REF-4A7FBF569824;Lycée technique de Natitingou;LT Natitingou;lycee_technique;Lycée technique et professionnel;technique;public;natitingou;MESRS chargé de la Formation technique (ex-MESTFP);;;https://www.leretportail.com/lycees;recoupee;À distinguer du LTA de Natitingou.
REF-6BDF6BBFA591;Lycée technique et professionnel de Tchaourou;LTP Tchaourou;lycee_technique;Lycée technique et professionnel;technique;public;tchaourou;MESRS chargé de la Formation technique (ex-MESTFP);;;https://www.leretportail.com/lycees;recoupee;Aussi cité par beninwebtv.bj (2026) et banouto.bj (2023).
REF-C8FD544B3AE6;Lycée technique et professionnel de Bopa;LTP Bopa;lycee_technique;Lycée technique et professionnel;technique;public;bopa;MESRS chargé de la Formation technique (ex-MESTFP);;;https://www.leretportail.com/lycees;recoupee;
REF-1A7B4AF74AC0;Lycée technique et professionnel de Djougou;LTP Djougou;lycee_technique;Lycée technique et professionnel;technique;public;djougou;MESRS chargé de la Formation technique (ex-MESTFP);;;https://www.leretportail.com/lycees;recoupee;Centre du concours LTA 2026 pour la Donga (les4verites.bj).
REF-A27091F0C1BE;Lycée technique et professionnel de Djakotomey;LTP Djakotomey;lycee_technique;Lycée technique et professionnel;technique;public;djakotomey;MESRS chargé de la Formation technique (ex-MESTFP);;;https://www.leretportail.com/lycees;recoupee;
REF-3DB72F5E1E6B;Lycée technique et professionnel de Kandi;LTP Kandi;lycee_technique;Lycée technique et professionnel;technique;public;kandi;MESRS chargé de la Formation technique (ex-MESTFP);;;https://www.leretportail.com/lycees;recoupee;Centre du concours LTA 2026 pour l'Alibori (les4verites.bj).
REF-C18CDCE1ECE6;Lycée technique et professionnel de Bohicon;LTP Bohicon;lycee_technique;Lycée technique et professionnel;technique;public;bohicon;MESRS chargé de la Formation technique (ex-MESTFP);;;https://www.leretportail.com/lycees;recoupee;Centre du concours LTA 2026 pour le Zou (les4verites.bj).
REF-51D01078C8D6;Lycée technique et professionnel de Lokossa;LTP Lokossa;lycee_technique;Lycée technique et professionnel;technique;public;lokossa;MESRS chargé de la Formation technique (ex-MESTFP);;;https://legrandmono.bj/benin-liste-des-candidats-autorises-a-sinscrire-dans-les-lycees-techniques-et-professionnels-du-benin/;recoupee;Liste d'inscrits 2024-2025 « LTP Lokossa », LTP à Lokossa aussi dans le programme de construction 2023 (banouto.bj). Absent de la liste LeRET.
REF-56E97233E93F;Lycée agricole Mèdji de Sékou;LAMS;lycee_technique_agricole;Lycée technique agricole;technique;public;allada;MESRS chargé de la Formation technique (ex-MESTFP);;;https://www.banouto.bj/societe/article/20231229-lycees-techniques-agricoles-du-benin-les-inscriptions-a-titre-payant-lancees-dans-10-etablissements;recoupee;Créé en 1970, commune Allada (fr.wikipedia, page de l'établissement). Fait partie des 10 LTA du communiqué MESTFP du 22/12/2023.
REF-7948ABC00552;Lycée technique agricole d'Adja-Ouèrè;LTA Adja-Ouèrè;lycee_technique_agricole;Lycée technique agricole;technique;public;adja-ouere;MESRS chargé de la Formation technique (ex-MESTFP);;;https://www.banouto.bj/societe/article/20231229-lycees-techniques-agricoles-du-benin-les-inscriptions-a-titre-payant-lancees-dans-10-etablissements;recoupee;Aussi cité par lanation.bj (déc. 2023).
REF-1DC67456D4AA;Lycée technique agricole de Kika;LTA Kika;lycee_technique_agricole;Lycée technique agricole;technique;public;tchaourou;MESRS chargé de la Formation technique (ex-MESTFP);;;https://lanation.bj/education/formation-technique-et-professionnelle-engouement-et-espoir-dans-les-lycees-agricoles;recoupee;« lycée technique agricole de Kika dans la commune de Tchaourou » (La Nation, 07/12/2023).
REF-D37C408C44C9;Lycée technique agricole d'Ina;LTA Ina;lycee_technique_agricole;Lycée technique agricole;technique;public;;MESRS chargé de la Formation technique (ex-MESTFP);;;https://www.banouto.bj/societe/article/20231229-lycees-techniques-agricoles-du-benin-les-inscriptions-a-titre-payant-lancees-dans-10-etablissements;recoupee;Commune de rattachement non citée par la source.
REF-0F87015B20C3;Lycée technique agricole de Banikoara;LTA Banikoara;lycee_technique_agricole;Lycée technique agricole;technique;public;banikoara;MESRS chargé de la Formation technique (ex-MESTFP);;;https://www.banouto.bj/societe/article/20231229-lycees-techniques-agricoles-du-benin-les-inscriptions-a-titre-payant-lancees-dans-10-etablissements;recoupee;
REF-EC26A1CD792D;Lycée technique agricole de Djougou;LTA Djougou;lycee_technique_agricole;Lycée technique agricole;technique;public;djougou;MESRS chargé de la Formation technique (ex-MESTFP);;;https://www.banouto.bj/societe/article/20231229-lycees-techniques-agricoles-du-benin-les-inscriptions-a-titre-payant-lancees-dans-10-etablissements;recoupee;
REF-6573A7B68472;Lycée technique agricole de Natitingou;LTA Natitingou;lycee_technique_agricole;Lycée technique agricole;technique;public;natitingou;MESRS chargé de la Formation technique (ex-MESTFP);;;https://www.les4verites.bj/le-concours-dentree-en-1ere-annee-niveau-ii-dans-les-lycees-techniques-agricoles-lance/;recoupee;Centre du concours LTA 2026 pour l'Atacora, aussi dans le communiqué de déc. 2023.
REF-1FE1E2285252;Lycée technique agricole de Savalou;LTA Savalou;lycee_technique_agricole;Lycée technique agricole;technique;public;savalou;MESRS chargé de la Formation technique (ex-MESTFP);;;https://www.banouto.bj/societe/article/20231229-lycees-techniques-agricoles-du-benin-les-inscriptions-a-titre-payant-lancees-dans-10-etablissements;recoupee;La Nation (déc. 2023) cite « Kpataba » à la place de Savalou dans sa liste de 10 LTA : probablement le même établissement (non vérifié).
REF-663503AE2A5A;Lycée technique agricole d'Adjahonmè;LTA Adjahonmè;lycee_technique_agricole;Lycée technique agricole;technique;public;;MESRS chargé de la Formation technique (ex-MESTFP);;;https://www.banouto.bj/societe/article/20231229-lycees-techniques-agricoles-du-benin-les-inscriptions-a-titre-payant-lancees-dans-10-etablissements;recoupee;Orthographié « Adja Hounmey » par La Nation. Commune de rattachement non citée par les sources consultées.
REF-4B3FFFD06D43;Lycée technique agricole d'Akodéha;LTA Akodéha;lycee_technique_agricole;Lycée technique agricole;technique;public;;MESRS chargé de la Formation technique (ex-MESTFP);;;https://www.banouto.bj/societe/article/20231229-lycees-techniques-agricoles-du-benin-les-inscriptions-a-titre-payant-lancees-dans-10-etablissements;recoupee;Commune de rattachement non citée par les sources consultées.
REF-6C678B53C9A0;École de formation médico-sociale de Parakou;EFMS Parakou;ecole_formation_professionnelle;École de formation professionnelle;technique;public;parakou;MESRS chargé de la Formation technique (ex-MESTFP);;;https://www.banouto.bj/societe/article/20260722-lycees-techniques-et-ecoles-de-formation-au-benin-les-inscriptions-a-titre-payant-ouvertes-pour-la-rentree-2026-2027;recoupee;Communiqué du 16/07/2026 : Diplôme d'État hygiéniste d'assainissement / de salles.
REF-EA42347D9E21;École de formation médico-sociale — annexe de Djougou;EFMS Djougou;ecole_formation_professionnelle;École de formation professionnelle;technique;public;djougou;MESRS chargé de la Formation technique (ex-MESTFP);;;https://www.banouto.bj/societe/article/20260722-lycees-techniques-et-ecoles-de-formation-au-benin-les-inscriptions-a-titre-payant-ouvertes-pour-la-rentree-2026-2027;recoupee;Annexe de l'EFMS de Parakou.
REF-D92D8CC38330;Institut national d'ingénierie de formation et de renforcement des capacités des formateurs;INIFRCF;institut_formation;Institut de formation;technique;public;cotonou;Structure sous tutelle du MESTFP (fiche CatIS);;;https://catis.xroad.bj/institutions/IN00129;officielle;Sigle non donné par la source (formé à partir des initiales). Commune déduite de l'adresse « Quartier Sikècodji » de la fiche.
REF-C2A55BAC95B5;Institut national pour la formation et la recherche en éducation;INFRE;institut_formation;Institut de formation;technique;public;porto-novo;MEMP;;;https://memp.gouv.bj/ministere/structures-sous-tutelles;officielle;Chargé notamment de la formation initiale des normaliens, élèves conseillers pédagogiques et élèves inspecteurs. Localisation Porto-Novo : fr.wikipedia / page Facebook INFRE.
REF-35EB73893BBD;École normale d'instituteurs d'Abomey;ENI Abomey;ecole_normale_instituteurs;École normale d'instituteurs;technique;public;abomey;MEMP;;;https://memp.gouv.bj/ministere/ecoles-normales;officielle;« Les 6 Écoles Normales d'Instituteurs du Bénin » (MEMP).
REF-AECBDFAE1C59;École normale d'instituteurs d'Allada;ENI Allada;ecole_normale_instituteurs;École normale d'instituteurs;technique;public;allada;MEMP;;;https://memp.gouv.bj/ministere/ecoles-normales;officielle;
REF-EF446DD327A4;École normale d'instituteurs de Djougou;ENI Djougou;ecole_normale_instituteurs;École normale d'instituteurs;technique;public;djougou;MEMP;;;https://memp.gouv.bj/ministere/ecoles-normales;officielle;
REF-382B3F50B7FA;École normale d'instituteurs de Dogbo;ENI Dogbo;ecole_normale_instituteurs;École normale d'instituteurs;technique;public;dogbo;MEMP;;;https://memp.gouv.bj/ministere/ecoles-normales;officielle;
REF-5C0A7823907F;École normale d'instituteurs de Kandi;ENI Kandi;ecole_normale_instituteurs;École normale d'instituteurs;technique;public;kandi;MEMP;;;https://memp.gouv.bj/ministere/ecoles-normales;officielle;
REF-05EEBD114E5C;École normale d'instituteurs de Porto-Novo;ENI Porto-Novo;ecole_normale_instituteurs;École normale d'instituteurs;technique;public;porto-novo;MEMP;;;https://memp.gouv.bj/ministere/ecoles-normales;officielle;
REF-A411F4CA154D;Centre de formation professionnelle des amblyopes de Parakou;;centre_formation_professionnelle;Centre de formation professionnelle;technique;public;parakou;Ministère de la Famille et de l'Action sociale;;;https://social.gouv.bj/ministere/cfp;officielle;Libellé du ministère tel qu'affiché sur social.gouv.bj.
REF-1003791AC583;Centre de formation professionnelle des amblyopes de Ségbéya;;centre_formation_professionnelle;Centre de formation professionnelle;technique;public;;Ministère de la Famille et de l'Action sociale;;;https://social.gouv.bj/ministere/cfp;officielle;Commune non indiquée par la source.
REF-4B8D9E785CC8;Centre de formation professionnelle des personnes handicapées d'Akassato;;centre_formation_professionnelle;Centre de formation professionnelle;technique;public;;Ministère de la Famille et de l'Action sociale;;;https://social.gouv.bj/ministere/cfp;officielle;Commune non indiquée par la source.
REF-35B026B875F3;Centre de formation professionnelle des personnes handicapées de Péporiyakou;;centre_formation_professionnelle;Centre de formation professionnelle;technique;public;;Ministère de la Famille et de l'Action sociale;;;https://social.gouv.bj/ministere/cfp;officielle;Commune non indiquée par la source.
REF-0D470E0F03EF;École normale supérieure de Porto-Novo;ENS Porto-Novo;ecole_normale_superieure;École normale supérieure;superieur;public;porto-novo;MESRS (rattachement universitaire non vérifié ici);;;https://www.banouto.bj/societe/article/20230731-benin-construction-et-rehabilitation-de-24-lycees-et-ecoles-normales-superieures;recoupee;Hors périmètre strict (enseignement supérieur). Réhabilitation décidée le 26/07/2023.
REF-C77CE6B6B46F;École normale supérieure de Parakou;ENS Parakou;ecole_normale_superieure;École normale supérieure;superieur;public;parakou;MESRS (rattachement universitaire non vérifié ici);;;https://www.banouto.bj/societe/article/20230731-benin-construction-et-rehabilitation-de-24-lycees-et-ecoles-normales-superieures;recoupee;Hors périmètre strict (enseignement supérieur).
REF-5AFBED9F7E95;Institut universitaire d'enseignement professionnel;IUEP;institut;Institut d'enseignement supérieur professionnel;superieur|technique;public;;MESRS;;;https://guide.apresmonbac.bj/docs/guide-information-2026-2027.pdf;recoupee;Rubrique propre dans le Guide MESRS 2026-2027, hors des 4 universités publiques. Commune non relevée.
REF-9404DE417D67;Africa Design School;;institut_formation;Institut de formation;technique;public;;Sèmè City (statut à vérifier);;;https://guide.apresmonbac.bj/docs/guide-information-2026-2027.pdf;recoupee;Rubrique « Établissements de Sèmè City » du Guide MESRS 2026-2027, statut public/privé non établi.
REF-E053BD36DE86;École de l'innovation et de l'expertise informatique;;institut_formation;Institut de formation;technique;public;;Sèmè City (statut à vérifier);;;https://guide.apresmonbac.bj/docs/guide-information-2026-2027.pdf;recoupee;Idem.
REF-5D4F65396B0C;Sèmè City Institute of Technology and Innovation;;institut_formation;Institut de formation;technique;public;;Sèmè City (statut à vérifier);;;https://guide.apresmonbac.bj/docs/guide-information-2026-2027.pdf;recoupee;Idem.
REF-OSM-node-455948398;École Primaire Tibona;;a_preciser;Établissement scolaire (type à préciser);;non_indique;parakou;;9.357165;2.581797;https://www.openstreetmap.org/node/455948398;cartographie_collaborative;Type à préciser : aucun indice fiable dans OpenStreetMap.
REF-OSM-node-456831431;EPP Albarika;;ecole_primaire;École primaire;primaire;public;parakou;;9.347228;2.595681;https://www.openstreetmap.org/node/456831431;cartographie_collaborative;Type déduit du nom de l'établissement.
REF-OSM-node-1313128071;EPP Taba;;ecole_primaire;École primaire;primaire;public;bassila;;9.276973;1.663950;https://www.openstreetmap.org/node/1313128071;cartographie_collaborative;Type déduit du nom de l'établissement.
REF-OSM-node-1313133530;EPP Melan;;ecole_primaire;École primaire;primaire;public;bassila;;9.264156;1.690801;https://www.openstreetmap.org/node/1313133530;cartographie_collaborative;Type déduit du nom de l'établissement.
REF-OSM-node-1344364696;EPP Anadana;;ecole_primaire;École primaire;primaire;public;copargo;;9.939388;1.389451;https://www.openstreetmap.org/node/1344364696;cartographie_collaborative;Type déduit du nom de l'établissement.
REF-OSM-node-1684863972;Djégan-Kpévi Ecole Secondaire;;a_preciser;Établissement scolaire (type à préciser);;non_indique;porto-novo;;6.507585;2.621968;https://www.openstreetmap.org/node/1684863972;cartographie_collaborative;Type à préciser : aucun indice fiable dans OpenStreetMap.
REF-OSM-node-1684863976;Ouando Ecole Secondaire;;a_preciser;Établissement scolaire (type à préciser);;non_indique;porto-novo;;6.507091;2.595635;https://www.openstreetmap.org/node/1684863976;cartographie_collaborative;Type à préciser : aucun indice fiable dans OpenStreetMap.
REF-OSM-node-1684863977;Akpassa Ecole Secondaire;;a_preciser;Établissement scolaire (type à préciser);;non_indique;porto-novo;;6.472279;2.629272;https://www.openstreetmap.org/node/1684863977;cartographie_collaborative;Type à préciser : aucun indice fiable dans OpenStreetMap.
REF-OSM-node-1684863978;Anavie Ecole Secondaire;;a_preciser;Établissement scolaire (type à préciser);;non_indique;porto-novo;;6.508950;2.632499;https://www.openstreetmap.org/node/1684863978;cartographie_collaborative;Type à préciser : aucun indice fiable dans OpenStreetMap.
REF-OSM-node-1684863980;Ecole Secondaire;;a_preciser;Établissement scolaire (type à préciser);;non_indique;adjarra;;6.503488;2.642142;https://www.openstreetmap.org/node/1684863980;cartographie_collaborative;Type à préciser : aucun indice fiable dans OpenStreetMap.
REF-OSM-node-1684863981;Djassín Ecole Secondaire;;a_preciser;Établissement scolaire (type à préciser);;non_indique;porto-novo;;6.477741;2.604487;https://www.openstreetmap.org/node/1684863981;cartographie_collaborative;Type à préciser : aucun indice fiable dans OpenStreetMap.
REF-OSM-node-1684863984;Applicatíon Ecole Secondaire;;a_preciser;Établissement scolaire (type à préciser);;non_indique;porto-novo;;6.490009;2.616918;https://www.openstreetmap.org/node/1684863984;cartographie_collaborative;Type à préciser : aucun indice fiable dans OpenStreetMap.
REF-OSM-node-1684863985;Centre de formation;;centre_formation_professionnelle;Centre de formation professionnelle;technique;non_indique;porto-novo;;6.489066;2.632801;https://www.openstreetmap.org/node/1684863985;cartographie_collaborative;Type déduit du nom de l'établissement.
REF-OSM-node-1684863986;Lycée Behanzín Ecole Secondaire;;lycee_general;Lycée;secondaire;non_indique;porto-novo;;6.487033;2.618019;https://www.openstreetmap.org/node/1684863986;cartographie_collaborative;Type déduit du nom de l'établissement.
REF-OSM-node-1684863987;Unité Ecole Secondaire;;a_preciser;Établissement scolaire (type à préciser);;non_indique;porto-novo;;6.514407;2.599480;https://www.openstreetmap.org/node/1684863987;cartographie_collaborative;Type à préciser : aucun indice fiable dans OpenStreetMap.
REF-OSM-node-1684863989;Davié Ecole Secondaire;;a_preciser;Établissement scolaire (type à préciser);;non_indique;porto-novo;;6.496196;2.638754;https://www.openstreetmap.org/node/1684863989;cartographie_collaborative;Type à préciser : aucun indice fiable dans OpenStreetMap.
REF-OSM-node-1684863991;Bio-Guéra Ecole Secondaire;;a_preciser;Établissement scolaire (type à préciser);;non_indique;porto-novo;;6.488324;2.621968;https://www.openstreetmap.org/node/1684863991;cartographie_collaborative;Type à préciser : aucun indice fiable dans OpenStreetMap.
REF-OSM-node-1684863992;Les Cocobers Ecole Secondaire;;a_preciser;Établissement scolaire (type à préciser);;non_indique;porto-novo;;6.496499;2.601025;https://www.openstreetmap.org/node/1684863992;cartographie_collaborative;Type à préciser : aucun indice fiable dans OpenStreetMap.
REF-OSM-node-1750984771;Centre de Formation Liweitari CFL;;centre_formation_professionnelle;Centre de formation professionnelle;technique;non_indique;natitingou;;10.274724;1.368528;https://www.openstreetmap.org/node/1750984771;cartographie_collaborative;Type déduit du nom de l'établissement.
REF-OSM-node-1811005979;Collège d'Enseignement Général 1 de COME;;college;Collège d'enseignement général (CEG);secondaire;non_indique;come;;6.412950;1.870322;https://www.openstreetmap.org/node/1811005979;cartographie_collaborative;Type déduit du nom de l'établissement.
REF-OSM-node-2176153562;Ecole Charminade;;a_preciser;Établissement scolaire (type à préciser);;prive;natitingou;;10.364719;1.353433;https://www.openstreetmap.org/node/2176153562;cartographie_collaborative;Type à préciser : aucun indice fiable dans OpenStreetMap.
REF-OSM-node-2177643063;S.O.S. Village des enfants;;a_preciser;Établissement scolaire (type à préciser);;prive;natitingou;;10.259236;1.379649;https://www.openstreetmap.org/node/2177643063;cartographie_collaborative;Type à préciser : aucun indice fiable dans OpenStreetMap.
REF-OSM-node-2179660216;Ecole Saint Augustin;;a_preciser;Établissement scolaire (type à préciser);;prive;natitingou;;10.272373;1.379771;https://www.openstreetmap.org/node/2179660216;cartographie_collaborative;Type à préciser : aucun indice fiable dans OpenStreetMap.
REF-OSM-node-2197660795;École St. Augustin;;a_preciser;Établissement scolaire (type à préciser);;prive;boukoumbe;;10.182417;1.101559;https://www.openstreetmap.org/node/2197660795;cartographie_collaborative;Type à préciser : aucun indice fiable dans OpenStreetMap.
REF-OSM-node-2199691021;CEG Manta;;college;Collège d'enseignement général (CEG);secondaire;public;boukoumbe;;10.358315;1.105009;https://www.openstreetmap.org/node/2199691021;cartographie_collaborative;Type déduit du nom de l'établissement.
REF-OSM-node-2203982213;Orphélinat des Soeurs;;ecole_maternelle;École maternelle;maternelle;non_indique;boukoumbe;;10.182332;1.102093;https://www.openstreetmap.org/node/2203982213;cartographie_collaborative;Type déduit des attributs OpenStreetMap.
REF-OSM-node-2261221264;EPP Centre;;ecole_primaire;École primaire;primaire;public;tanguieta;;10.625107;1.274497;https://www.openstreetmap.org/node/2261221264;cartographie_collaborative;Type déduit du nom de l'établissement.
REF-OSM-node-2272916964;EPP Tchoutchoubou;;ecole_primaire;École primaire;primaire;public;tanguieta;;10.616131;1.263115;https://www.openstreetmap.org/node/2272916964;cartographie_collaborative;Type déduit du nom de l'établissement.
REF-OSM-node-2272925393;EPP Manta A et B;;ecole_primaire;École primaire;primaire;public;boukoumbe;;10.349453;1.109607;https://www.openstreetmap.org/node/2272925393;cartographie_collaborative;Type déduit du nom de l'établissement.
REF-OSM-node-2279757614;Collège d'Enseignement Général de Cobli;;college;Collège d'enseignement général (CEG);secondaire;non_indique;kobli;;10.487814;1.005374;https://www.openstreetmap.org/node/2279757614;cartographie_collaborative;Type déduit du nom de l'établissement.
REF-OSM-node-2425316451;EPP Saint Jean I;;ecole_primaire;École primaire;primaire;public;cotonou;;6.360875;2.413670;https://www.openstreetmap.org/node/2425316451;cartographie_collaborative;Type déduit du nom de l'établissement.
REF-OSM-node-2426811734;École Primaire Publique Bio Guera B & C;;a_preciser;Établissement scolaire (type à préciser);;public;parakou;;9.341802;2.614580;https://www.openstreetmap.org/node/2426811734;cartographie_collaborative;Type à préciser : aucun indice fiable dans OpenStreetMap.
REF-OSM-node-2429045480;École primaire Malanville;;a_preciser;Établissement scolaire (type à préciser);;non_indique;malanville;;11.862327;3.382318;https://www.openstreetmap.org/node/2429045480;cartographie_collaborative;Type à préciser : aucun indice fiable dans OpenStreetMap.
REF-OSM-node-2460938522;École Maternelle Boukombé Centre;;ecole_maternelle;École maternelle;maternelle;non_indique;boukoumbe;;10.179771;1.103301;https://www.openstreetmap.org/node/2460938522;cartographie_collaborative;Type déduit du nom de l'établissement.
REF-OSM-node-2472335963;CEG Malanville;;college;Collège d'enseignement général (CEG);secondaire;public;malanville;;11.853781;3.390489;https://www.openstreetmap.org/node/2472335963;cartographie_collaborative;Type déduit du nom de l'établissement.
REF-OSM-node-2472357327;CEG Kérou;;college;Collège d'enseignement général (CEG);secondaire;public;kerou;;10.815121;2.106614;https://www.openstreetmap.org/node/2472357327;cartographie_collaborative;Type déduit du nom de l'établissement.
REF-OSM-node-2472888087;CEG Aklampa;;college;Collège d'enseignement général (CEG);secondaire;public;glazoue;;8.214506;2.181501;https://www.openstreetmap.org/node/2472888087;cartographie_collaborative;Type déduit du nom de l'établissement.
REF-OSM-node-2472888088;CEG Bembéréké;;college;Collège d'enseignement général (CEG);secondaire;public;bembereke;;10.221682;2.670003;https://www.openstreetmap.org/node/2472888088;cartographie_collaborative;Type déduit du nom de l'établissement.
REF-OSM-node-2472888089;CEG Gogounou;;college;Collège d'enseignement général (CEG);secondaire;public;gogounou;;10.835342;2.839519;https://www.openstreetmap.org/node/2472888089;cartographie_collaborative;Type déduit du nom de l'établissement.
REF-OSM-node-2472888090;CEG N'Dali;;college;Collège d'enseignement général (CEG);secondaire;public;n-dali;;9.859324;2.713379;https://www.openstreetmap.org/node/2472888090;cartographie_collaborative;Type déduit du nom de l'établissement.
REF-OSM-node-2472888091;CEG Péhonko;;college;Collège d'enseignement général (CEG);secondaire;public;pehunco;;10.227862;1.999111;https://www.openstreetmap.org/node/2472888091;cartographie_collaborative;Type déduit du nom de l'établissement.
REF-OSM-node-2472888092;CEG Sinendé;;college;Collège d'enseignement général (CEG);secondaire;public;sinende;;10.351541;2.386478;https://www.openstreetmap.org/node/2472888092;cartographie_collaborative;Type déduit du nom de l'établissement.
REF-OSM-node-2472888093;CEG Tchatchou;;college;Collège d'enseignement général (CEG);secondaire;public;tchaourou;;9.127843;2.557450;https://www.openstreetmap.org/node/2472888093;cartographie_collaborative;Type déduit du nom de l'établissement.
REF-OSM-node-2499580588;Complexe scolaire Jean Piagiet II;;complexe_scolaire;Complexe scolaire;maternelle|primaire;non_indique;abomey-calavi;;6.454900;2.331160;https://www.openstreetmap.org/node/2499580588;cartographie_collaborative;Type déduit du nom de l'établissement.
REF-OSM-node-2502559924;EPP Dikon hein;;ecole_primaire;École primaire;primaire;public;boukoumbe;;10.322728;1.055858;https://www.openstreetmap.org/node/2502559924;cartographie_collaborative;Type déduit du nom de l'établissement.
REF-OSM-node-2502559940;EPP Koutangou;;ecole_primaire;École primaire;primaire;public;boukoumbe;;10.362407;1.077131;https://www.openstreetmap.org/node/2502559940;cartographie_collaborative;Type déduit du nom de l'établissement.
REF-OSM-node-2502559953;EPP Oroukouaré;;ecole_primaire;École primaire;primaire;public;boukoumbe;;10.379982;0.993551;https://www.openstreetmap.org/node/2502559953;cartographie_collaborative;Type déduit du nom de l'établissement.
REF-OSM-node-2502577035;EPP Koukoua;;ecole_primaire;École primaire;primaire;public;boukoumbe;;10.236000;1.110156;https://www.openstreetmap.org/node/2502577035;cartographie_collaborative;Type déduit du nom de l'établissement.
REF-OSM-node-2529951883;École Maternelle Bio Guera B;;ecole_maternelle;École maternelle;maternelle;non_indique;parakou;;9.341920;2.614147;https://www.openstreetmap.org/node/2529951883;cartographie_collaborative;Type déduit du nom de l'établissement.
REF-OSM-node-2590040139;CEG de Perma;;college;Collège d'enseignement général (CEG);secondaire;public;natitingou;;10.114276;1.440464;https://www.openstreetmap.org/node/2590040139;cartographie_collaborative;Type déduit du nom de l'établissement.
REF-OSM-node-2590093226;CEG Kotopounga;;college;Collège d'enseignement général (CEG);secondaire;public;natitingou;;10.308759;1.526827;https://www.openstreetmap.org/node/2590093226;cartographie_collaborative;Type déduit du nom de l'établissement.
REF-OSM-node-2590093228;EPP Kotopounga A + B;;ecole_primaire;École primaire;primaire;public;natitingou;;10.307844;1.531043;https://www.openstreetmap.org/node/2590093228;cartographie_collaborative;Type déduit du nom de l'établissement.
REF-OSM-node-2590099234;EPP Namoutiaga;;ecole_primaire;École primaire;primaire;public;kobli;;10.456622;0.958837;https://www.openstreetmap.org/node/2590099234;cartographie_collaborative;Type déduit du nom de l'établissement.
REF-OSM-node-2590107042;EPP Brignamarou A;;ecole_primaire;École primaire;primaire;public;kerou;;10.744474;2.071562;https://www.openstreetmap.org/node/2590107042;cartographie_collaborative;Type déduit du nom de l'établissement.
REF-OSM-node-2590107043;EPP Brignamarou B;;ecole_primaire;École primaire;primaire;public;kerou;;10.743229;2.071906;https://www.openstreetmap.org/node/2590107043;cartographie_collaborative;Type déduit du nom de l'établissement.
REF-OSM-node-2605942916;Ecolle maternelle les bourgillons;;ecole_maternelle;École maternelle;maternelle;prive;cotonou;;6.386919;2.385456;https://www.openstreetmap.org/node/2605942916;cartographie_collaborative;Type déduit du nom de l'établissement.
REF-OSM-node-2605982164;Ecole maternelle privée Vignito;;ecole_maternelle;École maternelle;maternelle;prive;cotonou;Vignito;6.383191;2.382583;https://www.openstreetmap.org/node/2605982164;cartographie_collaborative;Type déduit du nom de l'établissement.
REF-OSM-node-2605982172;Ecole primaire privée la Fraternité;;ecole_primaire;École primaire;primaire;prive;cotonou;;6.384745;2.383046;https://www.openstreetmap.org/node/2605982172;cartographie_collaborative;Type déduit du nom de l'établissement.
REF-OSM-node-2605982178;École primaire privée;;a_preciser;Établissement scolaire (type à préciser);;prive;cotonou;;6.385104;2.386945;https://www.openstreetmap.org/node/2605982178;cartographie_collaborative;Type à préciser : aucun indice fiable dans OpenStreetMap.
REF-OSM-node-2605982180;Crèche garderie-école-maternelle;;ecole_maternelle;École maternelle;maternelle;prive;cotonou;;6.383510;2.385027;https://www.openstreetmap.org/node/2605982180;cartographie_collaborative;Type déduit du nom de l'établissement.
REF-OSM-node-2606027235;CEG 2 Bantè;;college;Collège d'enseignement général (CEG);secondaire;public;bante;;8.443685;1.876172;https://www.openstreetmap.org/node/2606027235;cartographie_collaborative;Type déduit du nom de l'établissement.
REF-OSM-node-2606027236;CEG Bantè;;college;Collège d'enseignement général (CEG);secondaire;public;bante;;8.422697;1.886175;https://www.openstreetmap.org/node/2606027236;cartographie_collaborative;Type déduit du nom de l'établissement.
REF-OSM-node-2606422106;Ecole primaire Père Jean CLOUET;;ecole_primaire;École primaire;primaire;non_indique;boukoumbe;;10.352210;1.109160;https://www.openstreetmap.org/node/2606422106;cartographie_collaborative;Type déduit du nom de l'établissement.
REF-OSM-node-2606559948;EPP Koussoucoingou A/B;;ecole_primaire;École primaire;primaire;public;boukoumbe;;10.185127;1.204274;https://www.openstreetmap.org/node/2606559948;cartographie_collaborative;Type déduit du nom de l'établissement.
REF-OSM-node-2606618242;CEG Kouarfa;;college;Collège d'enseignement général (CEG);secondaire;public;toucountouna;;10.484371;1.518561;https://www.openstreetmap.org/node/2606618242;cartographie_collaborative;Type déduit du nom de l'établissement.
REF-OSM-node-2606618278;EPP Péperkou;;ecole_primaire;École primaire;primaire;public;toucountouna;;10.423383;1.453824;https://www.openstreetmap.org/node/2606618278;cartographie_collaborative;Type déduit du nom de l'établissement.
REF-OSM-node-2608184378;EPP Ganikpérou;;ecole_primaire;École primaire;primaire;public;kouande;;10.315904;1.633002;https://www.openstreetmap.org/node/2608184378;cartographie_collaborative;Type déduit du nom de l'établissement.
REF-OSM-node-2608186592;CEG Oroukayo;;college;Collège d'enseignement général (CEG);secondaire;public;kouande;;10.292312;1.663777;https://www.openstreetmap.org/node/2608186592;cartographie_collaborative;Type déduit du nom de l'établissement.
REF-OSM-node-2608211273;CEG Kouande;;college;Collège d'enseignement général (CEG);secondaire;public;kouande;;10.322105;1.692227;https://www.openstreetmap.org/node/2608211273;cartographie_collaborative;Type déduit du nom de l'établissement.
REF-OSM-node-2619415692;"Groupe Scolaire ""Echos du Reveil""";;complexe_scolaire;Complexe scolaire;maternelle|primaire;non_indique;avrankou;E.A.R.;6.518386;2.637996;https://www.openstreetmap.org/node/2619415692;cartographie_collaborative;Type déduit du nom de l'établissement.
REF-OSM-node-2796224249;Centre d'Etude et de Documentation;;a_preciser;Établissement scolaire (type à préciser);;non_indique;cotonou;;6.373377;2.447229;https://www.openstreetmap.org/node/2796224249;cartographie_collaborative;Type à préciser : aucun indice fiable dans OpenStreetMap.
REF-OSM-node-3018437517;CSP de Godomey;;a_preciser;Établissement scolaire (type à préciser);;non_indique;abomey-calavi;;6.395434;2.345033;https://www.openstreetmap.org/node/3018437517;cartographie_collaborative;Type à préciser : aucun indice fiable dans OpenStreetMap.
REF-OSM-node-3027555985;Notre Dame de Lourdes d'Albarika;;a_preciser;Établissement scolaire (type à préciser);;non_indique;parakou;;9.348652;2.591177;https://www.openstreetmap.org/node/3027555985;cartographie_collaborative;Type à préciser : aucun indice fiable dans OpenStreetMap.
REF-OSM-node-3027664571;Collège d'Enseignement Général d'Albarika;;college;Collège d'enseignement général (CEG);secondaire;non_indique;parakou;;9.346687;2.593668;https://www.openstreetmap.org/node/3027664571;cartographie_collaborative;Type déduit du nom de l'établissement.
REF-OSM-node-3027697186;EPP Bio Guera 3;;ecole_primaire;École primaire;primaire;public;parakou;;9.344379;2.626048;https://www.openstreetmap.org/node/3027697186;cartographie_collaborative;Type déduit du nom de l'établissement.
REF-OSM-node-3032556724;Complexe Scolaire Godomey Houalakomey A-B-C;;complexe_scolaire;Complexe scolaire;maternelle|primaire;non_indique;abomey-calavi;;6.395974;2.349389;https://www.openstreetmap.org/node/3032556724;cartographie_collaborative;Type déduit du nom de l'établissement.
REF-OSM-node-3032636615;Complexe Scolaire Publique Houalakomey;;complexe_scolaire;Complexe scolaire;maternelle|primaire;public;abomey-calavi;;6.395766;2.349414;https://www.openstreetmap.org/node/3032636615;cartographie_collaborative;Type déduit du nom de l'établissement.
REF-OSM-node-3032659106;Complexe Scolaire Privé Toberger;;complexe_scolaire;Complexe scolaire;maternelle|primaire;prive;abomey-calavi;;6.395429;2.346527;https://www.openstreetmap.org/node/3032659106;cartographie_collaborative;Type déduit du nom de l'établissement.
REF-OSM-node-3032669167;CS Dieu le Père;;a_preciser;Établissement scolaire (type à préciser);;non_indique;abomey-calavi;;6.392884;2.351697;https://www.openstreetmap.org/node/3032669167;cartographie_collaborative;Type à préciser : aucun indice fiable dans OpenStreetMap.
REF-OSM-node-3037453791;"Complèxe scolaire ""Le Ferger""";;a_preciser;Établissement scolaire (type à préciser);;non_indique;abomey-calavi;;6.401859;2.336161;https://www.openstreetmap.org/node/3037453791;cartographie_collaborative;Type à préciser : aucun indice fiable dans OpenStreetMap.
REF-OSM-node-3091038115;École Nationale d’Administartion et de Magistrature;;universite;Université;superieur;public;abomey-calavi;;6.418572;2.340408;https://www.openstreetmap.org/node/3091038115;cartographie_collaborative;Type déduit des attributs OpenStreetMap.
REF-OSM-node-3091038116;Faculté de Droit et Sciences Politiques;;ecole_superieure;Établissement d'enseignement supérieur;superieur;non_indique;abomey-calavi;;6.416003;2.342200;https://www.openstreetmap.org/node/3091038116;cartographie_collaborative;Type déduit du nom de l'établissement.
REF-OSM-node-3091038117;Faculté de Lettres, Arts et Sciences Humaines;;ecole_superieure;Établissement d'enseignement supérieur;superieur;non_indique;abomey-calavi;;6.415400;2.343294;https://www.openstreetmap.org/node/3091038117;cartographie_collaborative;Type déduit du nom de l'établissement.
REF-OSM-node-3261626163;Complexe scolaire de Gadomé A & B;;complexe_scolaire;Complexe scolaire;maternelle|primaire;non_indique;come;;6.400420;1.914228;https://www.openstreetmap.org/node/3261626163;cartographie_collaborative;Type déduit du nom de l'établissement.
REF-OSM-node-3261626164;COMPLEXE SCOLAIRE de GADOME I;;complexe_scolaire;Complexe scolaire;maternelle|primaire;non_indique;come;;6.401639;1.907269;https://www.openstreetmap.org/node/3261626164;cartographie_collaborative;Type déduit du nom de l'établissement.
REF-OSM-node-3261626166;Collège KIng Leton Annexe III;;college;Collège;secondaire;non_indique;ouidah;;6.360246;2.103506;https://www.openstreetmap.org/node/3261626166;cartographie_collaborative;Type déduit du nom de l'établissement.
REF-OSM-node-3261626167;Collège d'Enseignement Général Bertrand d'Agnon;;college;Collège d'enseignement général (CEG);secondaire;non_indique;ouidah;;6.358816;2.064150;https://www.openstreetmap.org/node/3261626167;cartographie_collaborative;Type déduit du nom de l'établissement.
REF-OSM-node-3261626168;Ecole primaire publique de AGBATO B;;ecole_primaire;École primaire;primaire;public;come;;6.399083;1.922038;https://www.openstreetmap.org/node/3261626168;cartographie_collaborative;Type déduit du nom de l'établissement.
REF-OSM-node-3261626169;ECOLE PRIMAIRE PUBLIQUE de KPOTA;;ecole_primaire;École primaire;primaire;public;kpomasse;;6.370551;2.037060;https://www.openstreetmap.org/node/3261626169;cartographie_collaborative;Type déduit du nom de l'établissement.
REF-OSM-node-3269566900;Ecole Primaire Publiaque Zongo 2;;ecole_primaire;École primaire;primaire;non_indique;parakou;;9.362968;2.631575;https://www.openstreetmap.org/node/3269566900;cartographie_collaborative;Type déduit du nom de l'établissement.
REF-OSM-node-3278602737;Collège Catholique les Hibiscus;;college;Collège;secondaire;confessionnel;parakou;;9.343700;2.618904;https://www.openstreetmap.org/node/3278602737;cartographie_collaborative;Type déduit du nom de l'établissement.
REF-OSM-node-3310611996;EPP Bétoumey;;ecole_primaire;École primaire;primaire;public;aplahoue;;6.939335;1.716099;https://www.openstreetmap.org/node/3310611996;cartographie_collaborative;Type déduit du nom de l'établissement.
REF-OSM-node-3311876969;EPP Vèdji;;ecole_primaire;École primaire;primaire;public;ketou;;7.348460;2.568876;https://www.openstreetmap.org/node/3311876969;cartographie_collaborative;Type déduit du nom de l'établissement.
REF-OSM-node-3315152321;Ecole primaire publique de Djakotomey / Groupe B et C;;ecole_primaire;École primaire;primaire;public;djakotomey;;6.903288;1.714501;https://www.openstreetmap.org/node/3315152321;cartographie_collaborative;Type déduit du nom de l'établissement.
REF-OSM-node-3315270817;CEG I Djakotomey;;college;Collège d'enseignement général (CEG);secondaire;public;djakotomey;;6.897451;1.715852;https://www.openstreetmap.org/node/3315270817;cartographie_collaborative;Type déduit du nom de l'établissement.
REF-OSM-node-3328883394;Ecole primaire publique;;ecole_primaire;École primaire;primaire;public;kobli;;10.500275;1.008913;https://www.openstreetmap.org/node/3328883394;cartographie_collaborative;Type déduit du nom de l'établissement.
REF-OSM-node-3539471178;Institut Confucius;;ecole_superieure;Établissement d'enseignement supérieur;superieur;non_indique;abomey-calavi;;6.411834;2.339838;https://www.openstreetmap.org/node/3539471178;cartographie_collaborative;Type déduit du nom de l'établissement.
REF-OSM-node-3592579094;Complexe scolaire Ilot du savoir;;complexe_scolaire;Complexe scolaire;maternelle|primaire;non_indique;abomey-calavi;;6.395220;2.291295;https://www.openstreetmap.org/node/3592579094;cartographie_collaborative;Type déduit du nom de l'établissement.
REF-OSM-node-3592579294;EPP St Francois d'Assise de Cocotomey;;ecole_primaire;École primaire;primaire;public;abomey-calavi;;6.393447;2.300992;https://www.openstreetmap.org/node/3592579294;cartographie_collaborative;Type déduit du nom de l'établissement.
REF-OSM-node-3592579693;Complexe Scolaire Hoceriz 1er;;complexe_scolaire;Complexe scolaire;maternelle|primaire;non_indique;abomey-calavi;;6.395963;2.291043;https://www.openstreetmap.org/node/3592579693;cartographie_collaborative;Type déduit du nom de l'établissement.
REF-OSM-node-3592579694;Complexe Scolaire La Misericorde;;complexe_scolaire;Complexe scolaire;maternelle|primaire;non_indique;abomey-calavi;;6.395097;2.302200;https://www.openstreetmap.org/node/3592579694;cartographie_collaborative;Type déduit du nom de l'établissement.
REF-OSM-node-3592579893;Complexe Scolaire Ste Victorine;;complexe_scolaire;Complexe scolaire;maternelle|primaire;non_indique;abomey-calavi;;6.396777;2.301607;https://www.openstreetmap.org/node/3592579893;cartographie_collaborative;Type déduit du nom de l'établissement.
REF-OSM-node-3592579894;Ecole primaire privée Dantonus;;ecole_primaire;École primaire;primaire;prive;abomey-calavi;;6.392587;2.292403;https://www.openstreetmap.org/node/3592579894;cartographie_collaborative;Type déduit du nom de l'établissement.
REF-OSM-node-3592580293;Groupe Scolaire la Surete;;complexe_scolaire;Complexe scolaire;maternelle|primaire;non_indique;abomey-calavi;;6.392520;2.293461;https://www.openstreetmap.org/node/3592580293;cartographie_collaborative;Type déduit du nom de l'établissement.
REF-OSM-node-3611732875;Compexe Scolaire Bénédicte;;a_preciser;Établissement scolaire (type à préciser);;prive;abomey-calavi;;6.374847;2.328864;https://www.openstreetmap.org/node/3611732875;cartographie_collaborative;Type à préciser : aucun indice fiable dans OpenStreetMap.
REF-OSM-node-3726500351;Collège d'Enseignement Général l'Océan;;college;Collège d'enseignement général (CEG);secondaire;non_indique;cotonou;;6.355169;2.393925;https://www.openstreetmap.org/node/3726500351;cartographie_collaborative;Type déduit du nom de l'établissement.
REF-OSM-node-3726500354;Ecole Les cocotiers;;a_preciser;Établissement scolaire (type à préciser);;non_indique;cotonou;;6.355807;2.392853;https://www.openstreetmap.org/node/3726500354;cartographie_collaborative;Type à préciser : aucun indice fiable dans OpenStreetMap.
REF-OSM-node-3775162278;CEG Agatogbo;;college;Collège d'enseignement général (CEG);secondaire;public;come;;6.404938;1.919793;https://www.openstreetmap.org/node/3775162278;cartographie_collaborative;Type déduit du nom de l'établissement.
REF-OSM-node-3778428810;CEG Sainte Rita;;college;Collège d'enseignement général (CEG);secondaire;public;cotonou;;6.377210;2.414898;https://www.openstreetmap.org/node/3778428810;cartographie_collaborative;Type déduit du nom de l'établissement.
REF-OSM-node-3803459181;Ecole Primaire Privée SEHOU;;ecole_primaire;École primaire;primaire;prive;seme-podji;;6.388358;2.537602;https://www.openstreetmap.org/node/3803459181;cartographie_collaborative;Type déduit du nom de l'établissement.
REF-OSM-node-3878035825;Collège d’Enseignement Général Godomey;;college;Collège;secondaire;non_indique;abomey-calavi;;6.381840;2.340709;https://www.openstreetmap.org/node/3878035825;cartographie_collaborative;Type déduit du nom de l'établissement.
REF-OSM-node-3878035826;Collège La Plénitude;;college;Collège;secondaire;non_indique;abomey-calavi;;6.388144;2.318936;https://www.openstreetmap.org/node/3878035826;cartographie_collaborative;Type déduit du nom de l'établissement.
REF-OSM-node-3879100321;Complexe Scolaire Fils Le Père;;complexe_scolaire;Complexe scolaire;maternelle|primaire;non_indique;abomey-calavi;;6.393122;2.343325;https://www.openstreetmap.org/node/3879100321;cartographie_collaborative;Type déduit du nom de l'établissement.
REF-OSM-node-3879100782;Complexe Scolaire La Refondation II;;complexe_scolaire;Complexe scolaire;maternelle|primaire;non_indique;abomey-calavi;;6.381360;2.340664;https://www.openstreetmap.org/node/3879100782;cartographie_collaborative;Type déduit du nom de l'établissement.
REF-OSM-node-3879101286;Complexe Scolaire Mine d'Or;;complexe_scolaire;Complexe scolaire;maternelle|primaire;non_indique;abomey-calavi;;6.384546;2.342234;https://www.openstreetmap.org/node/3879101286;cartographie_collaborative;Type déduit du nom de l'établissement.
REF-OSM-node-3896288629;La miséricorde;;a_preciser;Établissement scolaire (type à préciser);;non_indique;abomey-calavi;;6.387706;2.294825;https://www.openstreetmap.org/node/3896288629;cartographie_collaborative;Type à préciser : aucun indice fiable dans OpenStreetMap.
REF-OSM-node-3896288638;Collège Catholique Père Aupiere;;college;Collège;secondaire;confessionnel;abomey-calavi;;6.388919;2.347521;https://www.openstreetmap.org/node/3896288638;cartographie_collaborative;Type déduit du nom de l'établissement.
REF-OSM-node-3896288639;ISM Anonaï;;ecole_superieure;Établissement d'enseignement supérieur;superieur;non_indique;abomey-calavi;;6.443903;2.354158;https://www.openstreetmap.org/node/3896288639;cartographie_collaborative;Type déduit du nom de l'établissement.
REF-OSM-node-3896289015;Collège Jean Michel le Faucon;;college;Collège;secondaire;non_indique;abomey-calavi;;6.455344;2.355436;https://www.openstreetmap.org/node/3896289015;cartographie_collaborative;Type déduit du nom de l'établissement.
REF-OSM-node-3899799469;École Primaire Publique de Cocotomey;;a_preciser;Établissement scolaire (type à préciser);;public;abomey-calavi;;6.388923;2.301493;https://www.openstreetmap.org/node/3899799469;cartographie_collaborative;Type à préciser : aucun indice fiable dans OpenStreetMap.
REF-OSM-node-3900760596;Compexe Scolaire Le Spiritor d'Atrokpocodji;;a_preciser;Établissement scolaire (type à préciser);;non_indique;abomey-calavi;Privée;6.392918;2.320883;https://www.openstreetmap.org/node/3900760596;cartographie_collaborative;Type à préciser : aucun indice fiable dans OpenStreetMap.
REF-OSM-node-3900763997;Compexe Scolaire Ste Lucie-Elisé;;a_preciser;Établissement scolaire (type à préciser);;non_indique;abomey-calavi;Privée;6.396508;2.320216;https://www.openstreetmap.org/node/3900763997;cartographie_collaborative;Type à préciser : aucun indice fiable dans OpenStreetMap.
REF-OSM-node-3906168764;Complexe scolaire la Paloma;;complexe_scolaire;Complexe scolaire;maternelle|primaire;non_indique;abomey-calavi;;6.391329;2.359158;https://www.openstreetmap.org/node/3906168764;cartographie_collaborative;Type déduit du nom de l'établissement.
REF-OSM-node-3906228448;CS la patience;;a_preciser;Établissement scolaire (type à préciser);;non_indique;abomey-calavi;;6.513444;2.365618;https://www.openstreetmap.org/node/3906228448;cartographie_collaborative;Type à préciser : aucun indice fiable dans OpenStreetMap.
REF-OSM-node-3907699947;ECOLE SUPÉRIEURE DES TECHNOLOGIES AVACEES ET DE MANAGEMENT;;ecole_superieure;Établissement d'enseignement supérieur;superieur;non_indique;cotonou;;6.363984;2.399959;https://www.openstreetmap.org/node/3907699947;cartographie_collaborative;Type déduit du nom de l'établissement.
REF-OSM-node-3920702830;Complexe scolaire bilingue « Les papillons de Sainte Aloïse »;;complexe_scolaire;Complexe scolaire;maternelle|primaire;confessionnel;abomey-calavi;;6.387249;2.326628;https://www.openstreetmap.org/node/3920702830;cartographie_collaborative;Type déduit du nom de l'établissement.
REF-OSM-node-3920702832;Complexe scolaire « Maria Gracia »;;complexe_scolaire;Complexe scolaire;maternelle|primaire;non_indique;abomey-calavi;;6.389211;2.318060;https://www.openstreetmap.org/node/3920702832;cartographie_collaborative;Type déduit du nom de l'établissement.
REF-OSM-node-3925041423;Ecole Primaire Publique Agbede;;ecole_primaire;École primaire;primaire;public;ouidah;;6.358655;2.080867;https://www.openstreetmap.org/node/3925041423;cartographie_collaborative;Type déduit du nom de l'établissement.
REF-OSM-node-3925041424;École Primaire Publique de Ganve;;a_preciser;Établissement scolaire (type à préciser);;public;ouidah;;6.358974;2.080795;https://www.openstreetmap.org/node/3925041424;cartographie_collaborative;Type à préciser : aucun indice fiable dans OpenStreetMap.
REF-OSM-node-3926195580;Collège de Grece;;college;Collège;secondaire;non_indique;ouidah;;6.363487;2.097067;https://www.openstreetmap.org/node/3926195580;cartographie_collaborative;Type déduit du nom de l'établissement.
REF-OSM-node-3926202477;Le cercle des génies;;a_preciser;Établissement scolaire (type à préciser);;non_indique;ouidah;;6.368578;2.077047;https://www.openstreetmap.org/node/3926202477;cartographie_collaborative;Type à préciser : aucun indice fiable dans OpenStreetMap.
REF-OSM-node-3926202770;Ecole Bilingue Santa Clara;;a_preciser;Établissement scolaire (type à préciser);;non_indique;ouidah;;6.370647;2.077359;https://www.openstreetmap.org/node/3926202770;cartographie_collaborative;Type à préciser : aucun indice fiable dans OpenStreetMap.
REF-OSM-node-3927614971;Ecole Primaire Publique D'Adjina;;ecole_primaire;École primaire;primaire;public;porto-novo;;6.472929;2.611168;https://www.openstreetmap.org/node/3927614971;cartographie_collaborative;Type déduit du nom de l'établissement.
REF-OSM-node-3934005032;Complexe scolaire catholique Père Planque;;complexe_scolaire;Complexe scolaire;maternelle|primaire;confessionnel;cotonou;;6.356660;2.437303;https://www.openstreetmap.org/node/3934005032;cartographie_collaborative;Type déduit du nom de l'établissement.
REF-OSM-node-3934012004;Collège La Flèche;;college;Collège;secondaire;non_indique;cotonou;;6.367152;2.413518;https://www.openstreetmap.org/node/3934012004;cartographie_collaborative;Type déduit du nom de l'établissement.
REF-OSM-node-3949957941;Chèche garderie Les petits chouchous;;a_preciser;Établissement scolaire (type à préciser);;non_indique;abomey-calavi;;6.387489;2.327092;https://www.openstreetmap.org/node/3949957941;cartographie_collaborative;Type à préciser : aucun indice fiable dans OpenStreetMap.
REF-OSM-node-3955078046;ComplexeScolaire protestant;;a_preciser;Établissement scolaire (type à préciser);;confessionnel;abomey-calavi;;6.385131;2.328502;https://www.openstreetmap.org/node/3955078046;cartographie_collaborative;Type à préciser : aucun indice fiable dans OpenStreetMap.
REF-OSM-node-3955126778;Complexe scolaire octave-Denise;;complexe_scolaire;Complexe scolaire;maternelle|primaire;non_indique;abomey-calavi;;6.384745;2.326023;https://www.openstreetmap.org/node/3955126778;cartographie_collaborative;Type déduit du nom de l'établissement.
REF-OSM-node-3955148909;Complexe scolaire le sceau de l'éternel;;complexe_scolaire;Complexe scolaire;maternelle|primaire;non_indique;abomey-calavi;;6.385926;2.323427;https://www.openstreetmap.org/node/3955148909;cartographie_collaborative;Type déduit du nom de l'établissement.
REF-OSM-node-3955170263;Ecole primaire la Plénitude;;ecole_primaire;École primaire;primaire;non_indique;abomey-calavi;;6.386672;2.317884;https://www.openstreetmap.org/node/3955170263;cartographie_collaborative;Type déduit du nom de l'établissement.
REF-OSM-node-3969886227;Complexe scolaire de Tokan groupes A et B;;complexe_scolaire;Complexe scolaire;maternelle|primaire;non_indique;abomey-calavi;;6.452832;2.310306;https://www.openstreetmap.org/node/3969886227;cartographie_collaborative;Type déduit du nom de l'établissement.
REF-OSM-node-3969886228;École maternelle publique de Tokan;;ecole_maternelle;École maternelle;maternelle;public;abomey-calavi;;6.453469;2.310701;https://www.openstreetmap.org/node/3969886228;cartographie_collaborative;Type déduit du nom de l'établissement.
REF-OSM-node-3969886240;Complexe scolaire de la bergerie de Dieu (CSBD);;complexe_scolaire;Complexe scolaire;maternelle|primaire;non_indique;abomey-calavi;;6.446008;2.316051;https://www.openstreetmap.org/node/3969886240;cartographie_collaborative;Type déduit du nom de l'établissement.
REF-OSM-node-3975334638;Collège catholique Pierre Joseph de Clorivière;;college;Collège;secondaire;confessionnel;abomey-calavi;;6.442591;2.346663;https://www.openstreetmap.org/node/3975334638;cartographie_collaborative;Type déduit du nom de l'établissement.
REF-OSM-node-3992128838;Ecole primaire publique Togoudo-Allada;;ecole_primaire;École primaire;primaire;public;allada;;6.669315;2.170501;https://www.openstreetmap.org/node/3992128838;cartographie_collaborative;Type déduit du nom de l'établissement.
REF-OSM-node-3992148874;Ecole maternelle publique de Togoudo;;ecole_maternelle;École maternelle;maternelle;public;allada;;6.668477;2.169674;https://www.openstreetmap.org/node/3992148874;cartographie_collaborative;Type déduit du nom de l'établissement.
REF-OSM-node-3992150031;COMPLEXE SCOLAIRE AIME CESAIRE;;complexe_scolaire;Complexe scolaire;maternelle|primaire;non_indique;allada;;6.669407;2.138901;https://www.openstreetmap.org/node/3992150031;cartographie_collaborative;Type déduit du nom de l'établissement.
REF-OSM-node-3992156788;Ecole Maternelle Publique Allomey;;ecole_maternelle;École maternelle;maternelle;public;allada;;6.665831;2.148594;https://www.openstreetmap.org/node/3992156788;cartographie_collaborative;Type déduit du nom de l'établissement.
REF-OSM-node-4016296592;Complexe scolaire de Togba;;complexe_scolaire;Complexe scolaire;maternelle|primaire;non_indique;abomey-calavi;;6.457779;2.304024;https://www.openstreetmap.org/node/4016296592;cartographie_collaborative;Type déduit du nom de l'établissement.
REF-OSM-node-4016296593;École primaire publique de Houeto;;a_preciser;Établissement scolaire (type à préciser);;public;abomey-calavi;;6.440618;2.304832;https://www.openstreetmap.org/node/4016296593;cartographie_collaborative;Type à préciser : aucun indice fiable dans OpenStreetMap.
REF-OSM-node-4016303829;COMPLEXE SCOLAIRE OUEGA-AGUE;;complexe_scolaire;Complexe scolaire;maternelle|primaire;non_indique;abomey-calavi;;6.484886;2.308498;https://www.openstreetmap.org/node/4016303829;cartographie_collaborative;Type déduit du nom de l'établissement.
REF-OSM-node-4016303831;ECOLE PRIMAIRE PUBLIQUE DE DRABO;;ecole_primaire;École primaire;primaire;public;abomey-calavi;;6.505000;2.307341;https://www.openstreetmap.org/node/4016303831;cartographie_collaborative;Type déduit du nom de l'établissement.
REF-OSM-node-4016303979;École primaire publique Ouega-Togba;;a_preciser;Établissement scolaire (type à préciser);;public;abomey-calavi;;6.470783;2.307151;https://www.openstreetmap.org/node/4016303979;cartographie_collaborative;Type à préciser : aucun indice fiable dans OpenStreetMap.
REF-OSM-node-4016303981;Collège d’enseignement général Houeto;;college;Collège;secondaire;non_indique;abomey-calavi;;6.433278;2.303413;https://www.openstreetmap.org/node/4016303981;cartographie_collaborative;Type déduit du nom de l'établissement.
REF-OSM-node-4016303982;École Primaire Publique de Maria-Gléta;;a_preciser;Établissement scolaire (type à préciser);;public;abomey-calavi;;6.424156;2.304775;https://www.openstreetmap.org/node/4016303982;cartographie_collaborative;Type à préciser : aucun indice fiable dans OpenStreetMap.
REF-OSM-node-4016565043;École Primaire Publique d’Ahoussougbeta;;a_preciser;Établissement scolaire (type à préciser);;public;abomey-calavi;;6.468074;2.315197;https://www.openstreetmap.org/node/4016565043;cartographie_collaborative;Type à préciser : aucun indice fiable dans OpenStreetMap.
REF-OSM-node-4112965165;Collège d'Enseignement Général Zoungamè;;college;Collège d'enseignement général (CEG);secondaire;non_indique;aguegues;;6.443968;2.545288;https://www.openstreetmap.org/node/4112965165;cartographie_collaborative;Type déduit du nom de l'établissement.
REF-OSM-node-4135366561;ECOLE PRIMAIRE PUBLIQUE DE KODONOU;;ecole_primaire;École primaire;primaire;public;dangbo;;6.579648;2.525070;https://www.openstreetmap.org/node/4135366561;cartographie_collaborative;Type déduit du nom de l'établissement.
REF-OSM-node-4138780807;Ecole Primaire Publique de KINDJI;;ecole_primaire;École primaire;primaire;public;aguegues;;6.449454;2.544623;https://www.openstreetmap.org/node/4138780807;cartographie_collaborative;Type déduit du nom de l'établissement.
REF-OSM-node-4141670410;La Berceuse;;a_preciser;Établissement scolaire (type à préciser);;non_indique;abomey-calavi;;6.465038;2.347916;https://www.openstreetmap.org/node/4141670410;cartographie_collaborative;Type à préciser : aucun indice fiable dans OpenStreetMap.
REF-OSM-node-4146893295;Wonderful American International School of Benin;;a_preciser;Établissement scolaire (type à préciser);;non_indique;cotonou;;6.367642;2.487220;https://www.openstreetmap.org/node/4146893295;cartographie_collaborative;Type à préciser : aucun indice fiable dans OpenStreetMap.
REF-OSM-node-4149944324;École Maternelle Zoca;;ecole_maternelle;École maternelle;maternelle;non_indique;abomey-calavi;;6.464563;2.348238;https://www.openstreetmap.org/node/4149944324;cartographie_collaborative;Type déduit du nom de l'établissement.
REF-OSM-node-4153895311;Ecole Primaire Publique de HOULAZOUNME;;ecole_primaire;École primaire;primaire;public;aguegues;;6.452227;2.543303;https://www.openstreetmap.org/node/4153895311;cartographie_collaborative;Type déduit du nom de l'établissement.
REF-OSM-node-4153939157;EPP Gla;;ecole_primaire;École primaire;primaire;public;adjohoun;;6.681375;2.481535;https://www.openstreetmap.org/node/4153939157;cartographie_collaborative;Type déduit du nom de l'établissement.
REF-OSM-node-4153942767;Epp Akpadanou;;ecole_primaire;École primaire;primaire;public;adjohoun;;6.773629;2.479098;https://www.openstreetmap.org/node/4153942767;cartographie_collaborative;Type déduit du nom de l'établissement.
REF-OSM-node-4153942768;EPP Fonly;;ecole_primaire;École primaire;primaire;public;adjohoun;;6.791319;2.477621;https://www.openstreetmap.org/node/4153942768;cartographie_collaborative;Type déduit du nom de l'établissement.
REF-OSM-node-4153945659;Epp Bonou groupe A et B;;ecole_primaire;École primaire;primaire;public;bonou;;6.819227;2.472275;https://www.openstreetmap.org/node/4153945659;cartographie_collaborative;Type déduit du nom de l'établissement.
REF-OSM-node-4164182891;CEG INA;;college;Collège d'enseignement général (CEG);secondaire;public;bembereke;;9.975027;2.723948;https://www.openstreetmap.org/node/4164182891;cartographie_collaborative;Type déduit du nom de l'établissement.
REF-OSM-node-4165318048;École Primaire Publique;;a_preciser;Établissement scolaire (type à préciser);;public;abomey-calavi;;6.405205;2.344762;https://www.openstreetmap.org/node/4165318048;cartographie_collaborative;Type à préciser : aucun indice fiable dans OpenStreetMap.
REF-OSM-node-4165464390;Complexe Scolaire Ste Félicité;;complexe_scolaire;Complexe scolaire;maternelle|primaire;non_indique;abomey-calavi;;6.385059;2.340092;https://www.openstreetmap.org/node/4165464390;cartographie_collaborative;Type déduit du nom de l'établissement.
REF-OSM-node-4165513252;Complexe Scolaire Évangélique BERAKA;;complexe_scolaire;Complexe scolaire;maternelle|primaire;non_indique;abomey-calavi;;6.385933;2.307022;https://www.openstreetmap.org/node/4165513252;cartographie_collaborative;Type déduit du nom de l'établissement.
REF-OSM-node-4166609459;EPP TCHIKANDOU;;ecole_primaire;École primaire;primaire;public;nikki;;9.839314;3.357701;https://www.openstreetmap.org/node/4166609459;cartographie_collaborative;Type déduit du nom de l'établissement.
REF-OSM-node-4171680291;Saint Just;;a_preciser;Établissement scolaire (type à préciser);;confessionnel;abomey-calavi;;6.514876;2.326052;https://www.openstreetmap.org/node/4171680291;cartographie_collaborative;Type à préciser : aucun indice fiable dans OpenStreetMap.
REF-OSM-node-4172230518;CSP SAINT XAZIER;;a_preciser;Établissement scolaire (type à préciser);;confessionnel;abomey-calavi;;6.500634;2.353311;https://www.openstreetmap.org/node/4172230518;cartographie_collaborative;Type à préciser : aucun indice fiable dans OpenStreetMap.
REF-OSM-node-4172313361;CEG SURU LERE;;college;Collège d'enseignement général (CEG);secondaire;public;seme-podji;;6.379393;2.462635;https://www.openstreetmap.org/node/4172313361;cartographie_collaborative;Type déduit du nom de l'établissement.
REF-OSM-node-4172313362;CSU Espoir 2000;;a_preciser;Établissement scolaire (type à préciser);;prive;seme-podji;;6.379481;2.463751;https://www.openstreetmap.org/node/4172313362;cartographie_collaborative;Type à préciser : aucun indice fiable dans OpenStreetMap.
REF-OSM-node-4172313363;Ecole Primaire Publique Suru Léré;;ecole_primaire;École primaire;primaire;public;seme-podji;;6.377814;2.463225;https://www.openstreetmap.org/node/4172313363;cartographie_collaborative;Type déduit du nom de l'établissement.
REF-OSM-node-4172313364;Ecole Primaire Publique Sènadé;;ecole_primaire;École primaire;primaire;public;seme-podji;;6.377651;2.462552;https://www.openstreetmap.org/node/4172313364;cartographie_collaborative;Type déduit du nom de l'établissement.
REF-OSM-node-4172313367;St Emmanuel;;a_preciser;Établissement scolaire (type à préciser);;public;seme-podji;;6.379946;2.463715;https://www.openstreetmap.org/node/4172313367;cartographie_collaborative;Type à préciser : aucun indice fiable dans OpenStreetMap.
REF-OSM-node-4172329287;Ecole Primaire Publique kowegbo;;ecole_primaire;École primaire;primaire;public;seme-podji;;6.382724;2.462501;https://www.openstreetmap.org/node/4172329287;cartographie_collaborative;Type déduit du nom de l'établissement.
REF-OSM-node-4172395957;Ecole primaire publique;;ecole_primaire;École primaire;primaire;public;n-dali;;9.753317;2.106970;https://www.openstreetmap.org/node/4172395957;cartographie_collaborative;Type déduit du nom de l'établissement.
REF-OSM-node-4174167792;Complexe scolaire catholique de la Salle;;complexe_scolaire;Complexe scolaire;maternelle|primaire;confessionnel;abomey-calavi;;6.508438;2.351476;https://www.openstreetmap.org/node/4174167792;cartographie_collaborative;Type déduit du nom de l'établissement.
REF-OSM-node-4174167794;Lycée technique d’amitié sino-beninoise;;lycee_technique;Lycée technique;technique;non_indique;abomey-calavi;;6.508170;2.353289;https://www.openstreetmap.org/node/4174167794;cartographie_collaborative;Type déduit du nom de l'établissement.
REF-OSM-node-4175062540;Ecole Primaire Publique DONOUKPA;;ecole_primaire;École primaire;primaire;public;aguegues;;6.462896;2.545570;https://www.openstreetmap.org/node/4175062540;cartographie_collaborative;Type déduit du nom de l'établissement.
REF-OSM-node-4175066562;Ecole Primaire Publique Késsounou;;ecole_primaire;École primaire;primaire;public;dangbo;;6.577753;2.519048;https://www.openstreetmap.org/node/4175066562;cartographie_collaborative;Type déduit du nom de l'établissement.
REF-OSM-node-4175101489;Centre d'Alphabétisation;;a_preciser;Établissement scolaire (type à préciser);;non_indique;dangbo;;6.583121;2.497278;https://www.openstreetmap.org/node/4175101489;cartographie_collaborative;Type à préciser : aucun indice fiable dans OpenStreetMap.
REF-OSM-node-4175101491;Complex Scolaire Primaire Publique A/B Hetin Aglahounsa;;a_preciser;Établissement scolaire (type à préciser);;public;dangbo;;6.580523;2.498809;https://www.openstreetmap.org/node/4175101491;cartographie_collaborative;Type à préciser : aucun indice fiable dans OpenStreetMap.
REF-OSM-node-4175101492;Ecole Primaire Publique Hetin Gléhoué;;ecole_primaire;École primaire;primaire;public;dangbo;;6.578053;2.509486;https://www.openstreetmap.org/node/4175101492;cartographie_collaborative;Type déduit du nom de l'établissement.
REF-OSM-node-4181329649;CS les 3clées;;a_preciser;Établissement scolaire (type à préciser);;non_indique;abomey-calavi;;6.517383;2.363547;https://www.openstreetmap.org/node/4181329649;cartographie_collaborative;Type à préciser : aucun indice fiable dans OpenStreetMap.
REF-OSM-node-4185145004;École Notre-Dame de Lourdes;;a_preciser;Établissement scolaire (type à préciser);;confessionnel;porto-novo;;6.472922;2.618709;https://www.openstreetmap.org/node/4185145004;cartographie_collaborative;Type à préciser : aucun indice fiable dans OpenStreetMap.
REF-OSM-node-4187043425;Ecole Primaire de Midombo A et B;;ecole_primaire;École primaire;primaire;non_indique;cotonou;;6.372343;2.439731;https://www.openstreetmap.org/node/4187043425;cartographie_collaborative;Type déduit du nom de l'établissement.
REF-OSM-node-4189561135;Complexe Scolaire Gbeffa;;complexe_scolaire;Complexe scolaire;maternelle|primaire;non_indique;cotonou;;6.384200;2.422221;https://www.openstreetmap.org/node/4189561135;cartographie_collaborative;Type déduit du nom de l'établissement.
REF-OSM-node-4189562797;La Capucine;;ecole_maternelle;École maternelle;maternelle;non_indique;cotonou;;6.384001;2.423490;https://www.openstreetmap.org/node/4189562797;cartographie_collaborative;Type déduit des attributs OpenStreetMap.
REF-OSM-node-4189565248;Brain Builders International School;;a_preciser;Établissement scolaire (type à préciser);;non_indique;cotonou;;6.384261;2.425121;https://www.openstreetmap.org/node/4189565248;cartographie_collaborative;Type à préciser : aucun indice fiable dans OpenStreetMap.
REF-OSM-node-4190059089;Collège catholique Sainte Cécile;;college;Collège;secondaire;confessionnel;cotonou;;6.385995;2.424215;https://www.openstreetmap.org/node/4190059089;cartographie_collaborative;Type déduit du nom de l'établissement.
REF-OSM-node-4195971835;CS Saint Fabien;;a_preciser;Établissement scolaire (type à préciser);;confessionnel;abomey-calavi;;6.496524;2.362663;https://www.openstreetmap.org/node/4195971835;cartographie_collaborative;Type à préciser : aucun indice fiable dans OpenStreetMap.
REF-OSM-node-4203022814;CEG Davgbanna;;college;Collège d'enseignement général (CEG);secondaire;public;bohicon;;7.211148;2.072067;https://www.openstreetmap.org/node/4203022814;cartographie_collaborative;Type déduit du nom de l'établissement.
REF-OSM-node-4207422046;CEG Sekandji;;college;Collège d'enseignement général (CEG);secondaire;public;seme-podji;;6.375968;2.510195;https://www.openstreetmap.org/node/4207422046;cartographie_collaborative;Type déduit du nom de l'établissement.
REF-OSM-node-4207422047;CSP Gloria Dei;;a_preciser;Établissement scolaire (type à préciser);;non_indique;seme-podji;;6.375422;2.502235;https://www.openstreetmap.org/node/4207422047;cartographie_collaborative;Type à préciser : aucun indice fiable dans OpenStreetMap.
REF-OSM-node-4207422048;CSP Hexagone;;a_preciser;Établissement scolaire (type à préciser);;non_indique;seme-podji;;6.376123;2.509293;https://www.openstreetmap.org/node/4207422048;cartographie_collaborative;Type à préciser : aucun indice fiable dans OpenStreetMap.
REF-OSM-node-4207539024;Institut Supérieur Technique;;ecole_superieure;Établissement d'enseignement supérieur;superieur;non_indique;seme-podji;;6.378558;2.577253;https://www.openstreetmap.org/node/4207539024;cartographie_collaborative;Type déduit du nom de l'établissement.
REF-OSM-node-4207577594;CSP Methode & Succès;;a_preciser;Établissement scolaire (type à préciser);;non_indique;seme-podji;;6.385402;2.546646;https://www.openstreetmap.org/node/4207577594;cartographie_collaborative;Type à préciser : aucun indice fiable dans OpenStreetMap.
REF-OSM-node-4207577595;Cours Maternelle EKPE Centre;;ecole_maternelle;École maternelle;maternelle;non_indique;seme-podji;;6.385590;2.544924;https://www.openstreetmap.org/node/4207577595;cartographie_collaborative;Type déduit du nom de l'établissement.
REF-OSM-node-4207577597;Ecole Primaire Publique GNINVEDJI;;ecole_primaire;École primaire;primaire;public;seme-podji;;6.388083;2.538991;https://www.openstreetmap.org/node/4207577597;cartographie_collaborative;Type déduit du nom de l'établissement.
REF-OSM-node-4207638850;CSP Richesse du Savoir;;a_preciser;Établissement scolaire (type à préciser);;non_indique;seme-podji;;6.370469;2.530699;https://www.openstreetmap.org/node/4207638850;cartographie_collaborative;Type à préciser : aucun indice fiable dans OpenStreetMap.
REF-OSM-node-4207638851;CSP Tovi Nonvi;;a_preciser;Établissement scolaire (type à préciser);;non_indique;seme-podji;;6.372066;2.530694;https://www.openstreetmap.org/node/4207638851;cartographie_collaborative;Type à préciser : aucun indice fiable dans OpenStreetMap.
REF-OSM-node-4207638852;CSP l'Elite Africaine;;a_preciser;Établissement scolaire (type à préciser);;non_indique;seme-podji;;6.372175;2.530291;https://www.openstreetmap.org/node/4207638852;cartographie_collaborative;Type à préciser : aucun indice fiable dans OpenStreetMap.
REF-OSM-node-4208098198;CEG AKPAKPA CENTRE;;college;Collège d'enseignement général (CEG);secondaire;public;cotonou;;6.369121;2.447182;https://www.openstreetmap.org/node/4208098198;cartographie_collaborative;Type déduit du nom de l'établissement.
REF-OSM-node-4208911385;EPP AMAKENE ESPERANCE;;ecole_primaire;École primaire;primaire;public;cotonou;;6.374201;2.459879;https://www.openstreetmap.org/node/4208911385;cartographie_collaborative;Type déduit du nom de l'établissement.
REF-OSM-node-4210111031;Complexe scolaire la Boussole de l'avenir;;complexe_scolaire;Complexe scolaire;maternelle|primaire;non_indique;seme-podji;;6.371294;2.501889;https://www.openstreetmap.org/node/4210111031;cartographie_collaborative;Type déduit du nom de l'établissement.
REF-OSM-node-4210824197;Collège Saint-Roger;;college;Collège;secondaire;confessionnel;cotonou;;6.361691;2.407680;https://www.openstreetmap.org/node/4210824197;cartographie_collaborative;Type déduit du nom de l'établissement.
REF-OSM-node-4210828030;Cycle Préparatoire Père Aupiais;;superieur_ou_formation;Enseignement supérieur ou formation;superieur|technique;prive;cotonou;Ecole Supérieure d’Ingénieurs en Génie Electrique (ESIGELEC) de Rouen;6.359235;2.405624;https://www.openstreetmap.org/node/4210828030;cartographie_collaborative;Type déduit des attributs OpenStreetMap.
REF-OSM-node-4212421283;Csndp;;a_preciser;Établissement scolaire (type à préciser);;non_indique;seme-podji;;6.381304;2.610240;https://www.openstreetmap.org/node/4212421283;cartographie_collaborative;Type à préciser : aucun indice fiable dans OpenStreetMap.
REF-OSM-node-4215354363;CEG AGBLANGANDAN;;college;Collège d'enseignement général (CEG);secondaire;public;seme-podji;;6.382409;2.484909;https://www.openstreetmap.org/node/4215354363;cartographie_collaborative;Type déduit du nom de l'établissement.
REF-OSM-node-4215355233;EPP Davatin;;ecole_primaire;École primaire;primaire;public;seme-podji;;6.382525;2.486397;https://www.openstreetmap.org/node/4215355233;cartographie_collaborative;Type déduit du nom de l'établissement.
REF-OSM-node-4219897951;EPP Wèkègbo;;ecole_primaire;École primaire;primaire;public;abomey-calavi;;6.488686;2.359865;https://www.openstreetmap.org/node/4219897951;cartographie_collaborative;Type déduit du nom de l'établissement.
REF-OSM-node-4222613107;Complexe scolaire ABM;;complexe_scolaire;Complexe scolaire;maternelle|primaire;non_indique;porto-novo;;6.492289;2.616834;https://www.openstreetmap.org/node/4222613107;cartographie_collaborative;Type déduit du nom de l'établissement.
REF-OSM-node-4223649985;Complexe Scolaire Privé AMOUR B;;complexe_scolaire;Complexe scolaire;maternelle|primaire;prive;seme-podji;CSP AMOUR EKPE B;6.389377;2.548364;https://www.openstreetmap.org/node/4223649985;cartographie_collaborative;Type déduit du nom de l'établissement.
REF-OSM-node-4223649986;Complexe Scolaire Privé Amour;;complexe_scolaire;Complexe scolaire;maternelle|primaire;prive;seme-podji;CSP AMOUR EKPE B;6.386456;2.547458;https://www.openstreetmap.org/node/4223649986;cartographie_collaborative;Type déduit du nom de l'établissement.
REF-OSM-node-4223649988;Ecole Primaire Privée KANHONOU;;ecole_primaire;École primaire;primaire;prive;seme-podji;;6.390159;2.536589;https://www.openstreetmap.org/node/4223649988;cartographie_collaborative;Type déduit du nom de l'établissement.
REF-OSM-node-4223658189;Ecole Primaire Privé Les 3 Colombes;;ecole_primaire;École primaire;primaire;prive;seme-podji;;6.389186;2.536697;https://www.openstreetmap.org/node/4223658189;cartographie_collaborative;Type déduit du nom de l'établissement.
REF-OSM-node-4228452689;CS Notre Dame de Toutes Graces;;a_preciser;Établissement scolaire (type à préciser);;non_indique;cotonou;;6.376892;2.449453;https://www.openstreetmap.org/node/4228452689;cartographie_collaborative;Type à préciser : aucun indice fiable dans OpenStreetMap.
REF-OSM-node-4228452690;CSP Bon Berger;;a_preciser;Établissement scolaire (type à préciser);;non_indique;seme-podji;;6.378233;2.448222;https://www.openstreetmap.org/node/4228452690;cartographie_collaborative;Type à préciser : aucun indice fiable dans OpenStreetMap.
REF-OSM-node-4228452691;CSP Lucie Verone;;a_preciser;Établissement scolaire (type à préciser);;non_indique;cotonou;;6.376611;2.447989;https://www.openstreetmap.org/node/4228452691;cartographie_collaborative;Type à préciser : aucun indice fiable dans OpenStreetMap.
REF-OSM-node-4228452692;CSP St Laurent;;a_preciser;Établissement scolaire (type à préciser);;non_indique;cotonou;;6.374746;2.449783;https://www.openstreetmap.org/node/4228452692;cartographie_collaborative;Type à préciser : aucun indice fiable dans OpenStreetMap.
REF-OSM-node-4231111726;École Libanaise-Cotonou;;a_preciser;Établissement scolaire (type à préciser);;non_indique;cotonou;;6.361787;2.427228;https://www.openstreetmap.org/node/4231111726;cartographie_collaborative;Type à préciser : aucun indice fiable dans OpenStreetMap.
REF-OSM-node-4249997891;Complexe scolaire de Fongba;;complexe_scolaire;Complexe scolaire;maternelle|primaire;non_indique;lokossa;;6.678223;1.738980;https://www.openstreetmap.org/node/4249997891;cartographie_collaborative;Type déduit du nom de l'établissement.
REF-OSM-node-4249998480;CEG 3 Lokossa;;college;Collège d'enseignement général (CEG);secondaire;public;lokossa;;6.661614;1.726748;https://www.openstreetmap.org/node/4249998480;cartographie_collaborative;Type déduit du nom de l'établissement.
REF-OSM-node-4249998690;CEG6 de Lokossa;;superieur_ou_formation;Enseignement supérieur ou formation;superieur|technique;non_indique;lokossa;;6.677987;1.738816;https://www.openstreetmap.org/node/4249998690;cartographie_collaborative;Type déduit des attributs OpenStreetMap.
REF-OSM-node-4249998735;École Primaire Publique d'Avedji;;a_preciser;Établissement scolaire (type à préciser);;public;athieme;;6.595962;1.725029;https://www.openstreetmap.org/node/4249998735;cartographie_collaborative;Type à préciser : aucun indice fiable dans OpenStreetMap.
REF-OSM-node-4249998776;Complexe scolaire de Kpinnou;;complexe_scolaire;Complexe scolaire;maternelle|primaire;non_indique;athieme;;6.583778;1.767807;https://www.openstreetmap.org/node/4249998776;cartographie_collaborative;Type déduit du nom de l'établissement.
REF-OSM-node-4249999063;Complexe scolaire de condji Agname AB;;complexe_scolaire;Complexe scolaire;maternelle|primaire;non_indique;athieme;;6.585316;1.743416;https://www.openstreetmap.org/node/4249999063;cartographie_collaborative;Type déduit du nom de l'établissement.
REF-OSM-node-4250000166;Complexe scolaire trinité;;complexe_scolaire;Complexe scolaire;maternelle|primaire;non_indique;kpomasse;;6.367376;2.064281;https://www.openstreetmap.org/node/4250000166;cartographie_collaborative;Type déduit du nom de l'établissement.
REF-OSM-node-4269955352;Cours tamegnon;;a_preciser;Établissement scolaire (type à préciser);;non_indique;abomey-calavi;;6.349853;2.308405;https://www.openstreetmap.org/node/4269955352;cartographie_collaborative;Type à préciser : aucun indice fiable dans OpenStreetMap.
REF-OSM-node-4269961363;Complexe scolaire Guehounkon;;complexe_scolaire;Complexe scolaire;maternelle|primaire;non_indique;lokossa;;6.700965;1.750413;https://www.openstreetmap.org/node/4269961363;cartographie_collaborative;Type déduit du nom de l'établissement.
REF-OSM-node-4307041164;Complèxe scolaire Camara Laye;;a_preciser;Établissement scolaire (type à préciser);;non_indique;abomey-calavi;;6.414675;2.331088;https://www.openstreetmap.org/node/4307041164;cartographie_collaborative;Type à préciser : aucun indice fiable dans OpenStreetMap.
REF-OSM-node-4307041165;Collège d’enseignement général Jean Piaget 1;;college;Collège;secondaire;non_indique;abomey-calavi;;6.419203;2.325987;https://www.openstreetmap.org/node/4307041165;cartographie_collaborative;Type déduit du nom de l'établissement.
REF-OSM-node-4310949927;CEG Kpanroun;;college;Collège d'enseignement général (CEG);secondaire;public;abomey-calavi;;6.671378;2.362127;https://www.openstreetmap.org/node/4310949927;cartographie_collaborative;Type déduit du nom de l'établissement.
REF-OSM-node-4310949931;EPP Zinvié Centre A:B;;ecole_primaire;École primaire;primaire;public;abomey-calavi;;6.615995;2.356589;https://www.openstreetmap.org/node/4310949931;cartographie_collaborative;Type déduit du nom de l'établissement.
REF-OSM-node-4311966902;Complexe scolaire de Kinto-oudjra A&B;;complexe_scolaire;Complexe scolaire;maternelle|primaire;non_indique;adjohoun;;6.638227;2.422470;https://www.openstreetmap.org/node/4311966902;cartographie_collaborative;Type déduit du nom de l'établissement.
REF-OSM-node-4313087624;EPP So Ava centre C;;ecole_primaire;École primaire;primaire;public;so-ava;;6.492226;2.399891;https://www.openstreetmap.org/node/4313087624;cartographie_collaborative;Type déduit du nom de l'établissement.
REF-OSM-node-4313202180;CEG de Ganvié;;college;Collège d'enseignement général (CEG);secondaire;public;so-ava;;6.480510;2.393534;https://www.openstreetmap.org/node/4313202180;cartographie_collaborative;Type déduit du nom de l'établissement.
REF-OSM-node-4313209399;EPP Vekky - Daho;;ecole_primaire;École primaire;primaire;public;so-ava;;6.481265;2.418436;https://www.openstreetmap.org/node/4313209399;cartographie_collaborative;Type déduit du nom de l'établissement.
REF-OSM-node-4313216718;Collège Vekky;;college;Collège;secondaire;non_indique;so-ava;;6.486072;2.416138;https://www.openstreetmap.org/node/4313216718;cartographie_collaborative;Type déduit du nom de l'établissement.
REF-OSM-node-4323462793;École International de Linguistique;;a_preciser;Établissement scolaire (type à préciser);;non_indique;porto-novo;;6.473620;2.602114;https://www.openstreetmap.org/node/4323462793;cartographie_collaborative;Type à préciser : aucun indice fiable dans OpenStreetMap.
REF-OSM-node-4324532208;Ecole Primaire Publique dokomey de Dangbo;;ecole_primaire;École primaire;primaire;public;dangbo;;6.584795;2.547777;https://www.openstreetmap.org/node/4324532208;cartographie_collaborative;Type déduit du nom de l'établissement.
REF-OSM-node-4326340084;CEG Kodonou;;college;Collège d'enseignement général (CEG);secondaire;public;dangbo;;6.577413;2.529574;https://www.openstreetmap.org/node/4326340084;cartographie_collaborative;Type déduit du nom de l'établissement.
REF-OSM-node-4327005616;Complexe scolaire bègue sota;;complexe_scolaire;Complexe scolaire;maternelle|primaire;non_indique;dangbo;;6.587735;2.502391;https://www.openstreetmap.org/node/4327005616;cartographie_collaborative;Type déduit du nom de l'établissement.
REF-OSM-node-4338612831;EPP Centre;;ecole_primaire;École primaire;primaire;public;ketou;;7.363094;2.619355;https://www.openstreetmap.org/node/4338612831;cartographie_collaborative;Type déduit du nom de l'établissement.
REF-OSM-node-4351623418;Collège de la paix;;college;Collège;secondaire;non_indique;cotonou;;6.382774;2.417386;https://www.openstreetmap.org/node/4351623418;cartographie_collaborative;Type déduit du nom de l'établissement.
REF-OSM-node-4357678152;CEG1/ADJARRA;;a_preciser;Établissement scolaire (type à préciser);;non_indique;adjarra;;6.524327;2.661657;https://www.openstreetmap.org/node/4357678152;cartographie_collaborative;Type à préciser : aucun indice fiable dans OpenStreetMap.
REF-OSM-node-4360421605;EPP Worè;;ecole_primaire;École primaire;primaire;public;parakou;;9.395889;2.624140;https://www.openstreetmap.org/node/4360421605;cartographie_collaborative;Type déduit du nom de l'établissement.
REF-OSM-node-4363707791;Complexe scolaire stella Matutina;;complexe_scolaire;Complexe scolaire;maternelle|primaire;non_indique;cotonou;;6.369399;2.477955;https://www.openstreetmap.org/node/4363707791;cartographie_collaborative;Type déduit du nom de l'établissement.
REF-OSM-node-4389290238;Institut Régional du Génie Industriel, des Biotechnologies et Sciences Appliquées;;ecole_superieure;Établissement d'enseignement supérieur;superieur;prive;cotonou;;6.354218;2.396815;https://www.openstreetmap.org/node/4389290238;cartographie_collaborative;Type déduit du nom de l'établissement.
REF-OSM-node-4389290239;Université Catholique de l'Afrique de l'Ouest;;universite;Université;superieur;prive;cotonou;Conférence Episcopale Régionale de l'Afrique de l'Ouest;6.357296;2.398235;https://www.openstreetmap.org/node/4389290239;cartographie_collaborative;Type déduit du nom de l'établissement.
REF-OSM-node-4402497493;GANSOSSO;;a_preciser;Établissement scolaire (type à préciser);;non_indique;kandi;;11.132143;2.926550;https://www.openstreetmap.org/node/4402497493;cartographie_collaborative;Type à préciser : aucun indice fiable dans OpenStreetMap.
REF-OSM-node-4403052125;Collège Châteaubriand;;college;Collège;secondaire;non_indique;cotonou;;6.364008;2.409321;https://www.openstreetmap.org/node/4403052125;cartographie_collaborative;Type déduit du nom de l'établissement.
REF-OSM-node-4403223584;CEG La verdure;;college;Collège d'enseignement général (CEG);secondaire;public;abomey-calavi;;6.456950;2.283198;https://www.openstreetmap.org/node/4403223584;cartographie_collaborative;Type déduit du nom de l'établissement.
REF-OSM-node-4403228628;Université Virtuelle Africaine (UVA);;universite;Université;superieur;non_indique;abomey-calavi;;6.416288;2.340197;https://www.openstreetmap.org/node/4403228628;cartographie_collaborative;Type déduit du nom de l'établissement.
REF-OSM-node-4431339242;Complexe scolaire La perseverance;;complexe_scolaire;Complexe scolaire;maternelle|primaire;non_indique;abomey-calavi;;6.457642;2.345418;https://www.openstreetmap.org/node/4431339242;cartographie_collaborative;Type déduit du nom de l'établissement.
REF-OSM-node-4501133229;Ecole primaire La Volonté de Dieu;;ecole_primaire;École primaire;primaire;non_indique;abomey-calavi;;6.354082;2.273838;https://www.openstreetmap.org/node/4501133229;cartographie_collaborative;Type déduit du nom de l'établissement.
REF-OSM-node-4508195756;CEG Attakè;;college;Collège d'enseignement général (CEG);secondaire;public;savalou;;7.970752;1.983181;https://www.openstreetmap.org/node/4508195756;cartographie_collaborative;Type déduit du nom de l'établissement.
REF-OSM-node-4508195757;CEG Malanhoui;;college;Collège d'enseignement général (CEG);secondaire;public;adjarra;;6.490083;2.664668;https://www.openstreetmap.org/node/4508195757;cartographie_collaborative;Type déduit du nom de l'établissement.
REF-OSM-node-4508195759;Complexe scolaire Lokossa centre;;complexe_scolaire;Complexe scolaire;maternelle|primaire;non_indique;lokossa;;6.632364;1.712437;https://www.openstreetmap.org/node/4508195759;cartographie_collaborative;Type déduit du nom de l'établissement.
REF-OSM-node-4508195760;Complexe scolaire Tchikomey;;complexe_scolaire;Complexe scolaire;maternelle|primaire;non_indique;lokossa;;6.624781;1.710400;https://www.openstreetmap.org/node/4508195760;cartographie_collaborative;Type déduit du nom de l'établissement.
REF-OSM-node-4510964036;École Primaire Publique Cococodji II;;a_preciser;Établissement scolaire (type à préciser);;public;abomey-calavi;;6.383728;2.275515;https://www.openstreetmap.org/node/4510964036;cartographie_collaborative;Type à préciser : aucun indice fiable dans OpenStreetMap.
REF-OSM-node-4512360322;Complexe Scolaire prodige de l'Eternel;;complexe_scolaire;Complexe scolaire;maternelle|primaire;non_indique;abomey-calavi;;6.385092;2.258598;https://www.openstreetmap.org/node/4512360322;cartographie_collaborative;Type déduit du nom de l'établissement.
REF-OSM-node-4516597189;CS Élitaire de Womey;;a_preciser;Établissement scolaire (type à préciser);;non_indique;abomey-calavi;;6.416507;2.312262;https://www.openstreetmap.org/node/4516597189;cartographie_collaborative;Type à préciser : aucun indice fiable dans OpenStreetMap.
REF-OSM-node-4520281782;Complexe Scolaire TCHIAKPE FENONMANDEGBE;;complexe_scolaire;Complexe scolaire;maternelle|primaire;non_indique;abomey-calavi;;6.378140;2.274678;https://www.openstreetmap.org/node/4520281782;cartographie_collaborative;Type déduit du nom de l'établissement.
REF-OSM-node-4535542585;ITA OBA;;a_preciser;Établissement scolaire (type à préciser);;non_indique;ketou;;7.482636;2.717819;https://www.openstreetmap.org/node/4535542585;cartographie_collaborative;Type à préciser : aucun indice fiable dans OpenStreetMap.
REF-OSM-node-4535548018;école primaire d'Ogobaï;;a_preciser;Établissement scolaire (type à préciser);;non_indique;ketou;;7.391652;2.538358;https://www.openstreetmap.org/node/4535548018;cartographie_collaborative;Type à préciser : aucun indice fiable dans OpenStreetMap.
REF-OSM-node-4535576337;EPP Isselou;;ecole_primaire;École primaire;primaire;public;ketou;;7.478122;2.735902;https://www.openstreetmap.org/node/4535576337;cartographie_collaborative;Type déduit du nom de l'établissement.
REF-OSM-node-4535576401;CSP chez petit mémé;;a_preciser;Établissement scolaire (type à préciser);;non_indique;ketou;;7.366592;2.617205;https://www.openstreetmap.org/node/4535576401;cartographie_collaborative;Type à préciser : aucun indice fiable dans OpenStreetMap.
REF-OSM-node-4535585492;EPP Illara Béninois;;ecole_primaire;École primaire;primaire;public;ketou;;7.413974;2.738522;https://www.openstreetmap.org/node/4535585492;cartographie_collaborative;Type déduit du nom de l'établissement.
REF-OSM-node-4535590255;CEG Illikimou;;college;Collège d'enseignement général (CEG);secondaire;public;ketou;;7.453511;2.731715;https://www.openstreetmap.org/node/4535590255;cartographie_collaborative;Type déduit du nom de l'établissement.
REF-OSM-node-4535593912;EPP Oké Ola;;ecole_primaire;École primaire;primaire;public;ketou;;7.284022;2.572300;https://www.openstreetmap.org/node/4535593912;cartographie_collaborative;Type déduit du nom de l'établissement.
REF-OSM-node-4535596523;CEG Illara;;college;Collège d'enseignement général (CEG);secondaire;public;ketou;;7.406028;2.733792;https://www.openstreetmap.org/node/4535596523;cartographie_collaborative;Type déduit du nom de l'établissement.
REF-OSM-node-4535607184;EPP Igadji;;ecole_primaire;École primaire;primaire;public;ketou;;7.386171;2.648864;https://www.openstreetmap.org/node/4535607184;cartographie_collaborative;Type déduit du nom de l'établissement.
REF-OSM-node-4535607185;EPP Okpomèta;;ecole_primaire;École primaire;primaire;public;ketou;;7.396178;2.670615;https://www.openstreetmap.org/node/4535607185;cartographie_collaborative;Type déduit du nom de l'établissement.
REF-OSM-node-4535608362;EPP Gangnignon;;ecole_primaire;École primaire;primaire;public;ketou;;7.323357;2.580050;https://www.openstreetmap.org/node/4535608362;cartographie_collaborative;Type déduit du nom de l'établissement.
REF-OSM-node-4535612093;epp agounli pahou;;ecole_primaire;École primaire;primaire;public;ketou;;7.590250;2.483070;https://www.openstreetmap.org/node/4535612093;cartographie_collaborative;Type déduit du nom de l'établissement.
REF-OSM-node-4535613363;Evega;;a_preciser;Établissement scolaire (type à préciser);;non_indique;ketou;;7.294111;2.590703;https://www.openstreetmap.org/node/4535613363;cartographie_collaborative;Type à préciser : aucun indice fiable dans OpenStreetMap.
REF-OSM-node-4535626846;Ecole primaire publique Obatèdo;;ecole_primaire;École primaire;primaire;public;ketou;;7.415463;2.697297;https://www.openstreetmap.org/node/4535626846;cartographie_collaborative;Type déduit du nom de l'établissement.
REF-OSM-node-4535632138;EPP Oichada Akpo;;ecole_primaire;École primaire;primaire;public;ketou;;7.418385;2.711298;https://www.openstreetmap.org/node/4535632138;cartographie_collaborative;Type déduit du nom de l'établissement.
REF-OSM-node-4535637540;epp zoukou;;ecole_primaire;École primaire;primaire;public;ketou;;7.373898;2.502558;https://www.openstreetmap.org/node/4535637540;cartographie_collaborative;Type déduit du nom de l'établissement.
REF-OSM-node-4535643872;epp sodji;;ecole_primaire;École primaire;primaire;public;ketou;;7.408121;2.509187;https://www.openstreetmap.org/node/4535643872;cartographie_collaborative;Type déduit du nom de l'établissement.
REF-OSM-node-4535663710;EPP Kpankou;;ecole_primaire;École primaire;primaire;public;ketou;;7.330549;2.587877;https://www.openstreetmap.org/node/4535663710;cartographie_collaborative;Type déduit du nom de l'établissement.
REF-OSM-node-4535677934;CEG Illèchin;;college;Collège d'enseignement général (CEG);secondaire;public;ketou;;7.420052;2.715333;https://www.openstreetmap.org/node/4535677934;cartographie_collaborative;Type déduit du nom de l'établissement.
REF-OSM-node-4535706950;CEG Omou;;college;Collège d'enseignement général (CEG);secondaire;public;ketou;;7.458265;2.656661;https://www.openstreetmap.org/node/4535706950;cartographie_collaborative;Type déduit du nom de l'établissement.
REF-OSM-node-4535706953;Complexe Scolaire Privé l gloire divine;;complexe_scolaire;Complexe scolaire;maternelle|primaire;prive;ketou;;7.653914;2.669577;https://www.openstreetmap.org/node/4535706953;cartographie_collaborative;Type déduit du nom de l'établissement.
REF-OSM-node-4535706955;EPP Alaye;;ecole_primaire;École primaire;primaire;public;ketou;;7.436265;2.640287;https://www.openstreetmap.org/node/4535706955;cartographie_collaborative;Type déduit du nom de l'établissement.
REF-OSM-node-4535706956;EPP Awaya;;ecole_primaire;École primaire;primaire;public;ketou;;7.586036;2.657173;https://www.openstreetmap.org/node/4535706956;cartographie_collaborative;Type déduit du nom de l'établissement.
REF-OSM-node-4535706957;EPP Effèoutè;;ecole_primaire;École primaire;primaire;public;ketou;;7.647370;2.676977;https://www.openstreetmap.org/node/4535706957;cartographie_collaborative;Type déduit du nom de l'établissement.
REF-OSM-node-4535706959;EPP Ikoko;;ecole_primaire;École primaire;primaire;public;ketou;;7.453402;2.626314;https://www.openstreetmap.org/node/4535706959;cartographie_collaborative;Type déduit du nom de l'établissement.
REF-OSM-node-4535706960;EPP Iwesoun;;ecole_primaire;École primaire;primaire;public;ketou;;7.608900;2.663415;https://www.openstreetmap.org/node/4535706960;cartographie_collaborative;Type déduit du nom de l'établissement.
REF-OSM-node-4535706963;EPP Omou;;ecole_primaire;École primaire;primaire;public;ketou;;7.455856;2.652922;https://www.openstreetmap.org/node/4535706963;cartographie_collaborative;Type déduit du nom de l'établissement.
REF-OSM-node-4535706983;Site universitaire de kétou;;universite;Université;superieur;non_indique;ketou;;7.401851;2.627638;https://www.openstreetmap.org/node/4535706983;cartographie_collaborative;Type déduit du nom de l'établissement.
REF-OSM-node-4535709057;epp ôta-kota;;ecole_primaire;École primaire;primaire;public;ketou;;7.341795;2.520787;https://www.openstreetmap.org/node/4535709057;cartographie_collaborative;Type déduit du nom de l'établissement.
REF-OSM-node-4535716034;epp ichohou;;ecole_primaire;École primaire;primaire;public;ketou;;7.331113;2.523190;https://www.openstreetmap.org/node/4535716034;cartographie_collaborative;Type déduit du nom de l'établissement.
REF-OSM-node-4535719658;epp aguidi;;ecole_primaire;École primaire;primaire;public;ketou;;7.314059;2.527527;https://www.openstreetmap.org/node/4535719658;cartographie_collaborative;Type déduit du nom de l'établissement.
REF-OSM-node-4535725202;CEG 2 kpankou;;college;Collège d'enseignement général (CEG);secondaire;public;ketou;;7.308744;2.523287;https://www.openstreetmap.org/node/4535725202;cartographie_collaborative;Type déduit du nom de l'établissement.
REF-OSM-node-4535728168;epp ayekou;;ecole_primaire;École primaire;primaire;public;ketou;;7.305183;2.507923;https://www.openstreetmap.org/node/4535728168;cartographie_collaborative;Type déduit du nom de l'établissement.
REF-OSM-node-4535732987;EPP Illikimou;;ecole_primaire;École primaire;primaire;public;ketou;;7.454300;2.742212;https://www.openstreetmap.org/node/4535732987;cartographie_collaborative;Type déduit du nom de l'établissement.
REF-OSM-node-4535732988;EPP Illèchin;;ecole_primaire;École primaire;primaire;public;ketou;;7.433592;2.711163;https://www.openstreetmap.org/node/4535732988;cartographie_collaborative;Type déduit du nom de l'établissement.
REF-OSM-node-4535767094;Centre de santé Gbanago;;a_preciser;Établissement scolaire (type à préciser);;non_indique;ketou;;7.202755;2.604897;https://www.openstreetmap.org/node/4535767094;cartographie_collaborative;Type à préciser : aucun indice fiable dans OpenStreetMap.
REF-OSM-node-4535767097;Collège d'Enseignement Général Odomèta;;college;Collège d'enseignement général (CEG);secondaire;non_indique;ketou;;7.235618;2.661585;https://www.openstreetmap.org/node/4535767097;cartographie_collaborative;Type déduit du nom de l'établissement.
REF-OSM-node-4535767098;Complexe scolaire privé Baobab;;complexe_scolaire;Complexe scolaire;maternelle|primaire;prive;ketou;;7.344367;2.613753;https://www.openstreetmap.org/node/4535767098;cartographie_collaborative;Type déduit du nom de l'établissement.
REF-OSM-node-4535767099;Complexe scolaire privé Calvaire;;complexe_scolaire;Complexe scolaire;maternelle|primaire;prive;ketou;;7.339043;2.615400;https://www.openstreetmap.org/node/4535767099;cartographie_collaborative;Type déduit du nom de l'établissement.
REF-OSM-node-4535767100;Complexe scolaire privé Excellence;;complexe_scolaire;Complexe scolaire;maternelle|primaire;prive;ketou;;7.343952;2.611612;https://www.openstreetmap.org/node/4535767100;cartographie_collaborative;Type déduit du nom de l'établissement.
REF-OSM-node-4535767101;Complexe scolaire privé La maman;;complexe_scolaire;Complexe scolaire;maternelle|primaire;prive;ketou;;7.353628;2.609912;https://www.openstreetmap.org/node/4535767101;cartographie_collaborative;Type déduit du nom de l'établissement.
REF-OSM-node-4535767102;Complexe scolaire privé Le mérite;;complexe_scolaire;Complexe scolaire;maternelle|primaire;prive;ketou;;7.350500;2.612947;https://www.openstreetmap.org/node/4535767102;cartographie_collaborative;Type déduit du nom de l'établissement.
REF-OSM-node-4535767103;Complexe scolaire privé Les lucioles;;complexe_scolaire;Complexe scolaire;maternelle|primaire;prive;ketou;;7.339130;2.618765;https://www.openstreetmap.org/node/4535767103;cartographie_collaborative;Type déduit du nom de l'établissement.
REF-OSM-node-4535767106;EPP Atchoubi;;ecole_primaire;École primaire;primaire;public;ketou;;7.349738;2.609068;https://www.openstreetmap.org/node/4535767106;cartographie_collaborative;Type déduit du nom de l'établissement.
REF-OSM-node-4535767107;Ecole primaire publique Bolorunfè;;ecole_primaire;École primaire;primaire;public;ketou;;7.240133;2.638142;https://www.openstreetmap.org/node/4535767107;cartographie_collaborative;Type déduit du nom de l'établissement.
REF-OSM-node-4535767108;Ecole primaire publique Gbanago;;ecole_primaire;École primaire;primaire;public;ketou;;7.200333;2.599985;https://www.openstreetmap.org/node/4535767108;cartographie_collaborative;Type déduit du nom de l'établissement.
REF-OSM-node-4535767109;Ecole primaire publique Igboewe;;ecole_primaire;École primaire;primaire;public;ketou;;7.208758;2.634958;https://www.openstreetmap.org/node/4535767109;cartographie_collaborative;Type déduit du nom de l'établissement.
REF-OSM-node-4535767110;Ecole primaire publique Odométa;;ecole_primaire;École primaire;primaire;public;ketou;;7.208570;2.644913;https://www.openstreetmap.org/node/4535767110;cartographie_collaborative;Type déduit du nom de l'établissement.
REF-OSM-node-4535767111;EPP Oke-odo;;ecole_primaire;École primaire;primaire;public;ketou;;7.231573;2.646442;https://www.openstreetmap.org/node/4535767111;cartographie_collaborative;Type déduit du nom de l'établissement.
REF-OSM-node-4540063994;Ecole Primaire Publique de Kpankou;;ecole_primaire;École primaire;primaire;public;ketou;;7.329817;2.586804;https://www.openstreetmap.org/node/4540063994;cartographie_collaborative;Type déduit du nom de l'établissement.
REF-OSM-node-4541302395;CS Élitaire do Womey;;a_preciser;Établissement scolaire (type à préciser);;non_indique;abomey-calavi;;6.412603;2.314043;https://www.openstreetmap.org/node/4541302395;cartographie_collaborative;Type à préciser : aucun indice fiable dans OpenStreetMap.
REF-OSM-node-4555392672;CS Davi-Mathieu;;a_preciser;Établissement scolaire (type à préciser);;non_indique;abomey-calavi;;6.518139;2.358851;https://www.openstreetmap.org/node/4555392672;cartographie_collaborative;Type à préciser : aucun indice fiable dans OpenStreetMap.
REF-OSM-node-4555392673;CS de Calavi1;;a_preciser;Établissement scolaire (type à préciser);;non_indique;abomey-calavi;;6.486099;2.343422;https://www.openstreetmap.org/node/4555392673;cartographie_collaborative;Type à préciser : aucun indice fiable dans OpenStreetMap.
REF-OSM-node-4555392674;CS le Propulseur;;a_preciser;Établissement scolaire (type à préciser);;non_indique;abomey-calavi;;6.506034;2.367341;https://www.openstreetmap.org/node/4555392674;cartographie_collaborative;Type à préciser : aucun indice fiable dans OpenStreetMap.
REF-OSM-node-4555392675;CS les merveilles (annexe de Missésinto;;a_preciser;Établissement scolaire (type à préciser);;non_indique;abomey-calavi;;6.520672;2.358548;https://www.openstreetmap.org/node/4555392675;cartographie_collaborative;Type à préciser : aucun indice fiable dans OpenStreetMap.
REF-OSM-node-4555392676;CS ton avenir;;a_preciser;Établissement scolaire (type à préciser);;non_indique;abomey-calavi;;6.518583;2.361389;https://www.openstreetmap.org/node/4555392676;cartographie_collaborative;Type à préciser : aucun indice fiable dans OpenStreetMap.
REF-OSM-node-4555392685;EPP Missésinto;;ecole_primaire;École primaire;primaire;public;abomey-calavi;;6.514775;2.364757;https://www.openstreetmap.org/node/4555392685;cartographie_collaborative;Type déduit du nom de l'établissement.
REF-OSM-node-4555392686;EPP Zoundja;;ecole_primaire;École primaire;primaire;public;abomey-calavi;;6.486220;2.342266;https://www.openstreetmap.org/node/4555392686;cartographie_collaborative;Type déduit du nom de l'établissement.
REF-OSM-node-4555393196;CS Meilleure Semence;;a_preciser;Établissement scolaire (type à préciser);;non_indique;abomey-calavi;;6.479693;2.342466;https://www.openstreetmap.org/node/4555393196;cartographie_collaborative;Type à préciser : aucun indice fiable dans OpenStreetMap.
REF-OSM-node-4555393197;CS Saint Mauriack;;a_preciser;Établissement scolaire (type à préciser);;confessionnel;abomey-calavi;;6.513064;2.325119;https://www.openstreetmap.org/node/4555393197;cartographie_collaborative;Type à préciser : aucun indice fiable dans OpenStreetMap.
REF-OSM-node-4555393198;CS Sainte Elisabeth de Lima;;a_preciser;Établissement scolaire (type à préciser);;confessionnel;abomey-calavi;;6.479175;2.336861;https://www.openstreetmap.org/node/4555393198;cartographie_collaborative;Type à préciser : aucun indice fiable dans OpenStreetMap.
REF-OSM-node-4555393201;Complexe Divine Fraternité;;a_preciser;Établissement scolaire (type à préciser);;non_indique;abomey-calavi;;6.477864;2.332239;https://www.openstreetmap.org/node/4555393201;cartographie_collaborative;Type à préciser : aucun indice fiable dans OpenStreetMap.
REF-OSM-node-4555393202;Complexe Fraternité Excelence;;a_preciser;Établissement scolaire (type à préciser);;non_indique;abomey-calavi;;6.476684;2.334144;https://www.openstreetmap.org/node/4555393202;cartographie_collaborative;Type à préciser : aucun indice fiable dans OpenStreetMap.
REF-OSM-node-4555393203;Cours Maternel la meilleure semence;;a_preciser;Établissement scolaire (type à préciser);;non_indique;abomey-calavi;;6.480492;2.342827;https://www.openstreetmap.org/node/4555393203;cartographie_collaborative;Type à préciser : aucun indice fiable dans OpenStreetMap.
REF-OSM-node-4555393204;Crèche Fènou;;ecole_maternelle;École maternelle;maternelle;non_indique;abomey-calavi;;6.483201;2.340360;https://www.openstreetmap.org/node/4555393204;cartographie_collaborative;Type déduit des attributs OpenStreetMap.
REF-OSM-node-4555393205;Crèche Garderie jadin des Anges;;ecole_maternelle;École maternelle;maternelle;non_indique;abomey-calavi;;6.503093;2.350489;https://www.openstreetmap.org/node/4555393205;cartographie_collaborative;Type déduit des attributs OpenStreetMap.
REF-OSM-node-4555393207;Garderie et Maternelle le Savoir;;ecole_maternelle;École maternelle;maternelle;non_indique;abomey-calavi;;6.478461;2.343439;https://www.openstreetmap.org/node/4555393207;cartographie_collaborative;Type déduit du nom de l'établissement.
REF-OSM-node-4555393209;Les écoles Monseigneur Melchior de Marion Bresillac;;a_preciser;Établissement scolaire (type à préciser);;non_indique;abomey-calavi;;6.499505;2.350997;https://www.openstreetmap.org/node/4555393209;cartographie_collaborative;Type à préciser : aucun indice fiable dans OpenStreetMap.
REF-OSM-node-4555398379;EPP Houeke Honou;;ecole_primaire;École primaire;primaire;public;abomey-calavi;;6.497327;2.365231;https://www.openstreetmap.org/node/4555398379;cartographie_collaborative;Type déduit du nom de l'établissement.
REF-OSM-node-4555398380;Garderie Baby care Bidossessi;;ecole_maternelle;École maternelle;maternelle;non_indique;abomey-calavi;;6.502353;2.361056;https://www.openstreetmap.org/node/4555398380;cartographie_collaborative;Type déduit des attributs OpenStreetMap.
REF-OSM-node-4555410867;Green leaf international school;;a_preciser;Établissement scolaire (type à préciser);;non_indique;abomey-calavi;;6.485484;2.360082;https://www.openstreetmap.org/node/4555410867;cartographie_collaborative;Type à préciser : aucun indice fiable dans OpenStreetMap.
REF-OSM-node-4555414279;CEG Adjagbo;;college;Collège d'enseignement général (CEG);secondaire;public;abomey-calavi;;6.530032;2.330237;https://www.openstreetmap.org/node/4555414279;cartographie_collaborative;Type déduit du nom de l'établissement.
REF-OSM-node-4555414280;CS Exellentia Lux Bernadette;;a_preciser;Établissement scolaire (type à préciser);;non_indique;abomey-calavi;;6.527685;2.333636;https://www.openstreetmap.org/node/4555414280;cartographie_collaborative;Type à préciser : aucun indice fiable dans OpenStreetMap.
REF-OSM-node-4555414281;CS Marielle;;a_preciser;Établissement scolaire (type à préciser);;non_indique;abomey-calavi;;6.532096;2.340346;https://www.openstreetmap.org/node/4555414281;cartographie_collaborative;Type à préciser : aucun indice fiable dans OpenStreetMap.
REF-OSM-node-4555414282;CS ST Tranquilin Marcel;;a_preciser;Établissement scolaire (type à préciser);;non_indique;abomey-calavi;;6.532472;2.339624;https://www.openstreetmap.org/node/4555414282;cartographie_collaborative;Type à préciser : aucun indice fiable dans OpenStreetMap.
REF-OSM-node-4555414283;CS la virgilance;;a_preciser;Établissement scolaire (type à préciser);;non_indique;abomey-calavi;;6.522246;2.345357;https://www.openstreetmap.org/node/4555414283;cartographie_collaborative;Type à préciser : aucun indice fiable dans OpenStreetMap.
REF-OSM-node-4555414284;CS sainte Yvonne;;a_preciser;Établissement scolaire (type à préciser);;confessionnel;abomey-calavi;;6.492817;2.338879;https://www.openstreetmap.org/node/4555414284;cartographie_collaborative;Type à préciser : aucun indice fiable dans OpenStreetMap.
REF-OSM-node-4555419891;École Polytechnique des génies;;a_preciser;Établissement scolaire (type à préciser);;non_indique;abomey-calavi;;6.492355;2.351137;https://www.openstreetmap.org/node/4555419891;cartographie_collaborative;Type à préciser : aucun indice fiable dans OpenStreetMap.
REF-OSM-node-4555434546;CS Ethito;;a_preciser;Établissement scolaire (type à préciser);;non_indique;abomey-calavi;;6.508047;2.315452;https://www.openstreetmap.org/node/4555434546;cartographie_collaborative;Type à préciser : aucun indice fiable dans OpenStreetMap.
REF-OSM-node-4555434547;CS Etoile Polaire;;a_preciser;Établissement scolaire (type à préciser);;non_indique;abomey-calavi;;6.504920;2.314621;https://www.openstreetmap.org/node/4555434547;cartographie_collaborative;Type à préciser : aucun indice fiable dans OpenStreetMap.
REF-OSM-node-4555434548;CS la percée divine;;a_preciser;Établissement scolaire (type à préciser);;non_indique;abomey-calavi;;6.522082;2.325292;https://www.openstreetmap.org/node/4555434548;cartographie_collaborative;Type à préciser : aucun indice fiable dans OpenStreetMap.
REF-OSM-node-4555434549;CS le Fléon;;a_preciser;Établissement scolaire (type à préciser);;non_indique;abomey-calavi;;6.517813;2.317468;https://www.openstreetmap.org/node/4555434549;cartographie_collaborative;Type à préciser : aucun indice fiable dans OpenStreetMap.
REF-OSM-node-4555434550;CS les Zénith;;a_preciser;Établissement scolaire (type à préciser);;non_indique;abomey-calavi;;6.525870;2.326126;https://www.openstreetmap.org/node/4555434550;cartographie_collaborative;Type à préciser : aucun indice fiable dans OpenStreetMap.
REF-OSM-node-4555434553;EPP Dome-Atadjè;;ecole_primaire;École primaire;primaire;public;abomey-calavi;;6.522903;2.324251;https://www.openstreetmap.org/node/4555434553;cartographie_collaborative;Type déduit du nom de l'établissement.
REF-OSM-node-4555434554;EPP Kansoukpa;;ecole_primaire;École primaire;primaire;public;abomey-calavi;;6.505015;2.317708;https://www.openstreetmap.org/node/4555434554;cartographie_collaborative;Type déduit du nom de l'établissement.
REF-OSM-node-4555440745;CS Ethique Morale;;a_preciser;Établissement scolaire (type à préciser);;non_indique;abomey-calavi;;6.495511;2.352694;https://www.openstreetmap.org/node/4555440745;cartographie_collaborative;Type à préciser : aucun indice fiable dans OpenStreetMap.
REF-OSM-node-4586778592;École Maternelle Publique Gbéto Cotonou Lagune;;ecole_maternelle;École maternelle;maternelle;public;cotonou;;6.358998;2.427608;https://www.openstreetmap.org/node/4586778592;cartographie_collaborative;Type déduit du nom de l'établissement.
REF-OSM-node-4621051386;Ecole Primaire Djèminkotomin;;ecole_primaire;École primaire;primaire;non_indique;allada;;6.678472;2.165343;https://www.openstreetmap.org/node/4621051386;cartographie_collaborative;Type déduit du nom de l'établissement.
REF-OSM-node-4639709628;Complexe scolaire privé Ayé Fèlè;;complexe_scolaire;Complexe scolaire;maternelle|primaire;prive;ketou;;7.353788;2.598795;https://www.openstreetmap.org/node/4639709628;cartographie_collaborative;Type déduit du nom de l'établissement.
REF-OSM-node-4639748967;Ecole primaire publique Idenan;;ecole_primaire;École primaire;primaire;public;ketou;;7.370900;2.602585;https://www.openstreetmap.org/node/4639748967;cartographie_collaborative;Type déduit du nom de l'établissement.
REF-OSM-node-4639865897;EPP Kpèkpè;;ecole_primaire;École primaire;primaire;public;ketou;;7.445175;2.646328;https://www.openstreetmap.org/node/4639865897;cartographie_collaborative;Type déduit du nom de l'établissement.
REF-OSM-node-4643948411;EPP Ayetèdjou;;ecole_primaire;École primaire;primaire;public;ketou;;7.246533;2.555732;https://www.openstreetmap.org/node/4643948411;cartographie_collaborative;Type déduit du nom de l'établissement.
REF-OSM-node-4643948412;EPP Igbo-olojoumaré;;ecole_primaire;École primaire;primaire;public;ketou;;7.243417;2.591038;https://www.openstreetmap.org/node/4643948412;cartographie_collaborative;Type déduit du nom de l'établissement.
REF-OSM-node-4643948413;EPP Owode;;ecole_primaire;École primaire;primaire;public;ketou;;7.284934;2.554154;https://www.openstreetmap.org/node/4643948413;cartographie_collaborative;Type déduit du nom de l'établissement.
REF-OSM-node-4643948414;Epp Mowodani;;ecole_primaire;École primaire;primaire;public;ketou;;7.263184;2.541480;https://www.openstreetmap.org/node/4643948414;cartographie_collaborative;Type déduit du nom de l'établissement.
REF-OSM-node-4644002952;CEG Odomèta;;college;Collège d'enseignement général (CEG);secondaire;public;ketou;;7.235812;2.661470;https://www.openstreetmap.org/node/4644002952;cartographie_collaborative;Type déduit du nom de l'établissement.
REF-OSM-node-4644002953;EPP Atan-ochoukpa;;ecole_primaire;École primaire;primaire;public;ketou;;7.241128;2.665743;https://www.openstreetmap.org/node/4644002953;cartographie_collaborative;Type déduit du nom de l'établissement.
REF-OSM-node-4644002954;EPP Igbo-èlèwoun;;ecole_primaire;École primaire;primaire;public;ketou;;7.281028;2.680673;https://www.openstreetmap.org/node/4644002954;cartographie_collaborative;Type déduit du nom de l'établissement.
REF-OSM-node-4644177097;CEG Ewe;;college;Collège d'enseignement général (CEG);secondaire;public;ketou;;7.441374;2.585663;https://www.openstreetmap.org/node/4644177097;cartographie_collaborative;Type déduit du nom de l'établissement.
REF-OSM-node-4644177098;CSP le répère;;a_preciser;Établissement scolaire (type à préciser);;non_indique;ketou;;7.451858;2.566752;https://www.openstreetmap.org/node/4644177098;cartographie_collaborative;Type à préciser : aucun indice fiable dans OpenStreetMap.
REF-OSM-node-4644177099;CSP les éco du savoir de Ewe;;a_preciser;Établissement scolaire (type à préciser);;non_indique;ketou;;7.444494;2.587111;https://www.openstreetmap.org/node/4644177099;cartographie_collaborative;Type à préciser : aucun indice fiable dans OpenStreetMap.
REF-OSM-node-4644177103;EPP Ewe;;ecole_primaire;École primaire;primaire;public;ketou;;7.452452;2.586096;https://www.openstreetmap.org/node/4644177103;cartographie_collaborative;Type déduit du nom de l'établissement.
REF-OSM-node-4644177104;EPP Ohizihan;;ecole_primaire;École primaire;primaire;public;ketou;;7.497208;2.607965;https://www.openstreetmap.org/node/4644177104;cartographie_collaborative;Type déduit du nom de l'établissement.
REF-OSM-node-4644177105;EPP d'Adaplamè;;ecole_primaire;École primaire;primaire;public;ketou;;7.453109;2.564871;https://www.openstreetmap.org/node/4644177105;cartographie_collaborative;Type déduit du nom de l'établissement.
REF-OSM-node-4644177106;Ecole maternelle d'Adaplamè;;ecole_maternelle;École maternelle;maternelle;non_indique;ketou;;7.452312;2.565250;https://www.openstreetmap.org/node/4644177106;cartographie_collaborative;Type déduit du nom de l'établissement.
REF-OSM-node-4644177107;Ecole maternelle d'Ewe;;ecole_maternelle;École maternelle;maternelle;non_indique;ketou;;7.451887;2.585992;https://www.openstreetmap.org/node/4644177107;cartographie_collaborative;Type déduit du nom de l'établissement.
REF-OSM-node-4644192324;EPP Dogo;;ecole_primaire;École primaire;primaire;public;ketou;;7.542428;2.616654;https://www.openstreetmap.org/node/4644192324;cartographie_collaborative;Type déduit du nom de l'établissement.
REF-OSM-node-4649685744;CEG Adigoun;;college;Collège d'enseignement général (CEG);secondaire;public;ketou;;7.534142;2.645959;https://www.openstreetmap.org/node/4649685744;cartographie_collaborative;Type déduit du nom de l'établissement.
REF-OSM-node-4649685745;CEG Effèoutè;;college;Collège d'enseignement général (CEG);secondaire;public;ketou;;7.642625;2.682347;https://www.openstreetmap.org/node/4649685745;cartographie_collaborative;Type déduit du nom de l'établissement.
REF-OSM-node-4649685748;EPP Adigoun;;ecole_primaire;École primaire;primaire;public;ketou;;7.545011;2.651400;https://www.openstreetmap.org/node/4649685748;cartographie_collaborative;Type déduit du nom de l'établissement.
REF-OSM-node-4649685749;EPP Mosounkagbé;;ecole_primaire;École primaire;primaire;public;ketou;;7.568718;2.663080;https://www.openstreetmap.org/node/4649685749;cartographie_collaborative;Type déduit du nom de l'établissement.
REF-OSM-node-4649687098;EPP Igbo-iloukan;;ecole_primaire;École primaire;primaire;public;ketou;;7.484918;2.682943;https://www.openstreetmap.org/node/4649687098;cartographie_collaborative;Type déduit du nom de l'établissement.
REF-OSM-node-4649687111;EPP Imolè-ayo;;ecole_primaire;École primaire;primaire;public;ketou;;7.465719;2.667412;https://www.openstreetmap.org/node/4649687111;cartographie_collaborative;Type déduit du nom de l'établissement.
REF-OSM-node-4666300214;CSP la mémoire de Kétou;;a_preciser;Établissement scolaire (type à préciser);;non_indique;ketou;;7.366048;2.624856;https://www.openstreetmap.org/node/4666300214;cartographie_collaborative;Type à préciser : aucun indice fiable dans OpenStreetMap.
REF-OSM-node-4677351631;Ecole primaire publique nouveau pont;;ecole_primaire;École primaire;primaire;public;cotonou;;6.367043;2.435998;https://www.openstreetmap.org/node/4677351631;cartographie_collaborative;Type déduit du nom de l'établissement.
REF-OSM-node-4684366049;Collège d’Enseignement Général Kansounkpa;;college;Collège;secondaire;public;abomey-calavi;;6.493600;2.321261;https://www.openstreetmap.org/node/4684366049;cartographie_collaborative;Type déduit du nom de l'établissement.
REF-OSM-node-4684366050;Complexe Scolaire Calavi Centre;;complexe_scolaire;Complexe scolaire;maternelle|primaire;public;abomey-calavi;;6.455014;2.357440;https://www.openstreetmap.org/node/4684366050;cartographie_collaborative;Type déduit du nom de l'établissement.
REF-OSM-node-4684366051;Complexe Scolaire Calavi Quartier;;complexe_scolaire;Complexe scolaire;maternelle|primaire;public;abomey-calavi;;6.446976;2.352838;https://www.openstreetmap.org/node/4684366051;cartographie_collaborative;Type déduit du nom de l'établissement.
REF-OSM-node-4684366052;Complexe scolaire Gbodjo;;complexe_scolaire;Complexe scolaire;maternelle|primaire;public;abomey-calavi;;6.470953;2.358270;https://www.openstreetmap.org/node/4684366052;cartographie_collaborative;Type déduit du nom de l'établissement.
REF-OSM-node-4684366053;École Primaire Publique Agori Forêt;;a_preciser;Établissement scolaire (type à préciser);;public;abomey-calavi;;6.438557;2.327077;https://www.openstreetmap.org/node/4684366053;cartographie_collaborative;Type à préciser : aucun indice fiable dans OpenStreetMap.
REF-OSM-node-4684366054;École Primaire Publique Sedonou Zogbadje;;a_preciser;Établissement scolaire (type à préciser);;public;abomey-calavi;;6.425498;2.335332;https://www.openstreetmap.org/node/4684366054;cartographie_collaborative;Type à préciser : aucun indice fiable dans OpenStreetMap.
REF-OSM-node-4684366055;École Primaire Publique Tankpè;;a_preciser;Établissement scolaire (type à préciser);;public;abomey-calavi;;6.423275;2.323960;https://www.openstreetmap.org/node/4684366055;cartographie_collaborative;Type à préciser : aucun indice fiable dans OpenStreetMap.
REF-OSM-node-4684366056;École Primaire Publique Zogbadje;;a_preciser;Établissement scolaire (type à préciser);;public;abomey-calavi;;6.434837;2.339281;https://www.openstreetmap.org/node/4684366056;cartographie_collaborative;Type à préciser : aucun indice fiable dans OpenStreetMap.
REF-OSM-node-4684366057;École primaire publique Agamadin;;a_preciser;Établissement scolaire (type à préciser);;public;abomey-calavi;;6.460727;2.360407;https://www.openstreetmap.org/node/4684366057;cartographie_collaborative;Type à préciser : aucun indice fiable dans OpenStreetMap.
REF-OSM-node-4684366058;École primaire publique Aitchedji Makinsa;;a_preciser;Établissement scolaire (type à préciser);;public;abomey-calavi;;6.456742;2.335789;https://www.openstreetmap.org/node/4684366058;cartographie_collaborative;Type à préciser : aucun indice fiable dans OpenStreetMap.
REF-OSM-node-4684366059;École primaire publique Yelognissè;;a_preciser;Établissement scolaire (type à préciser);;public;abomey-calavi;;6.461296;2.326306;https://www.openstreetmap.org/node/4684366059;cartographie_collaborative;Type à préciser : aucun indice fiable dans OpenStreetMap.
REF-OSM-node-4684366060;École primaire publique Zoundja 2;;a_preciser;Établissement scolaire (type à préciser);;public;abomey-calavi;;6.487166;2.326289;https://www.openstreetmap.org/node/4684366060;cartographie_collaborative;Type à préciser : aucun indice fiable dans OpenStreetMap.
REF-OSM-node-4713191668;Ecole primaire privée COGITO;;ecole_primaire;École primaire;primaire;prive;abomey-calavi;;6.384631;2.275648;https://www.openstreetmap.org/node/4713191668;cartographie_collaborative;Type déduit du nom de l'établissement.
REF-OSM-node-4719287271;La cité;;ecole_maternelle;École maternelle;maternelle;non_indique;abomey-calavi;;6.478157;2.355903;https://www.openstreetmap.org/node/4719287271;cartographie_collaborative;Type déduit des attributs OpenStreetMap.
REF-OSM-node-4729910696;Ecole Primaire Publique Volly;;ecole_primaire;École primaire;primaire;public;bohicon;;7.144770;2.065002;https://www.openstreetmap.org/node/4729910696;cartographie_collaborative;Type déduit du nom de l'établissement.
REF-OSM-node-4788042425;École Primaire Privée Les Lapereaux;;a_preciser;Établissement scolaire (type à préciser);;prive;natitingou;;10.290522;1.384602;https://www.openstreetmap.org/node/4788042425;cartographie_collaborative;Type à préciser : aucun indice fiable dans OpenStreetMap.
REF-OSM-node-4788058322;Collège Privé Les Élites;;college;Collège;secondaire;prive;natitingou;;10.290588;1.384372;https://www.openstreetmap.org/node/4788058322;cartographie_collaborative;Type déduit du nom de l'établissement.
REF-OSM-node-4823885921;Centre de formation professionnelle des enseignants de la maternelle et du primaire;;centre_formation_professionnelle;Centre de formation professionnelle;technique;non_indique;cotonou;;6.363661;2.411899;https://www.openstreetmap.org/node/4823885921;cartographie_collaborative;Type déduit du nom de l'établissement.
REF-OSM-node-4845691622;EPP Setcheniga;;ecole_primaire;École primaire;primaire;public;materi;;10.929123;1.025400;https://www.openstreetmap.org/node/4845691622;cartographie_collaborative;Type déduit du nom de l'établissement.
REF-OSM-node-4845699523;EPP Nouari;;ecole_primaire;École primaire;primaire;public;materi;;10.914460;1.071169;https://www.openstreetmap.org/node/4845699523;cartographie_collaborative;Type déduit du nom de l'établissement.
REF-OSM-node-4849539460;Tetes Bien Faites;;a_preciser;Établissement scolaire (type à préciser);;non_indique;bohicon;;7.186030;2.063888;https://www.openstreetmap.org/node/4849539460;cartographie_collaborative;Type à préciser : aucun indice fiable dans OpenStreetMap.
REF-OSM-node-4849541583;La Trinité;;a_preciser;Établissement scolaire (type à préciser);;non_indique;bohicon;;7.186173;2.064161;https://www.openstreetmap.org/node/4849541583;cartographie_collaborative;Type à préciser : aucun indice fiable dans OpenStreetMap.
REF-OSM-node-4849541967;Hélios;;a_preciser;Établissement scolaire (type à préciser);;non_indique;bohicon;;7.181456;2.062597;https://www.openstreetmap.org/node/4849541967;cartographie_collaborative;Type à préciser : aucun indice fiable dans OpenStreetMap.
REF-OSM-node-4849542653;La matinière;;a_preciser;Établissement scolaire (type à préciser);;non_indique;bohicon;;7.182452;2.061970;https://www.openstreetmap.org/node/4849542653;cartographie_collaborative;Type à préciser : aucun indice fiable dans OpenStreetMap.
REF-OSM-node-4849549201;CEG 2 Bohicon;;college;Collège d'enseignement général (CEG);secondaire;public;bohicon;;7.198391;2.054707;https://www.openstreetmap.org/node/4849549201;cartographie_collaborative;Type déduit du nom de l'établissement.
REF-OSM-node-4849586568;Ecole Primaire Publique de Volly-Ahoualy;;ecole_primaire;École primaire;primaire;public;bohicon;;7.149937;2.063247;https://www.openstreetmap.org/node/4849586568;cartographie_collaborative;Type déduit du nom de l'établissement.
REF-OSM-node-4856347168;CSP La fontaine;;a_preciser;Établissement scolaire (type à préciser);;non_indique;ketou;;7.364167;2.594272;https://www.openstreetmap.org/node/4856347168;cartographie_collaborative;Type à préciser : aucun indice fiable dans OpenStreetMap.
REF-OSM-node-4856347169;CSP Mon beau village;;a_preciser;Établissement scolaire (type à préciser);;non_indique;ketou;Privé;7.357010;2.593993;https://www.openstreetmap.org/node/4856347169;cartographie_collaborative;Type à préciser : aucun indice fiable dans OpenStreetMap.
REF-OSM-node-4856347170;CSP Owolobi;;a_preciser;Établissement scolaire (type à préciser);;non_indique;ketou;;7.371467;2.595343;https://www.openstreetmap.org/node/4856347170;cartographie_collaborative;Type à préciser : aucun indice fiable dans OpenStreetMap.
REF-OSM-node-4856347171;EPP Illèba;;ecole_primaire;École primaire;primaire;public;ketou;;7.361516;2.593215;https://www.openstreetmap.org/node/4856347171;cartographie_collaborative;Type déduit du nom de l'établissement.
REF-OSM-node-4856523509;CSP Afrique Elite;;a_preciser;Établissement scolaire (type à préciser);;non_indique;ketou;;7.374707;2.604185;https://www.openstreetmap.org/node/4856523509;cartographie_collaborative;Type à préciser : aucun indice fiable dans OpenStreetMap.
REF-OSM-node-4856523510;CSP Ogo-Olouwa;;a_preciser;Établissement scolaire (type à préciser);;non_indique;ketou;;7.366738;2.599238;https://www.openstreetmap.org/node/4856523510;cartographie_collaborative;Type à préciser : aucun indice fiable dans OpenStreetMap.
REF-OSM-node-4856523511;CSP Wole Soyinka;;a_preciser;Établissement scolaire (type à préciser);;non_indique;ketou;;7.364879;2.597038;https://www.openstreetmap.org/node/4856523511;cartographie_collaborative;Type à préciser : aucun indice fiable dans OpenStreetMap.
REF-OSM-node-4856523513;EPP Oke-Bodé;;ecole_primaire;École primaire;primaire;public;ketou;;7.372516;2.612338;https://www.openstreetmap.org/node/4856523513;cartographie_collaborative;Type déduit du nom de l'établissement.
REF-OSM-node-4856523514;EPP Oloroun-Chogo;;ecole_primaire;École primaire;primaire;public;ketou;;7.373443;2.597546;https://www.openstreetmap.org/node/4856523514;cartographie_collaborative;Type déduit du nom de l'établissement.
REF-OSM-node-4856552999;Ecole Maternelle d'Adigou;;ecole_maternelle;École maternelle;maternelle;non_indique;ketou;;7.543471;2.651430;https://www.openstreetmap.org/node/4856552999;cartographie_collaborative;Type déduit du nom de l'établissement.
REF-OSM-node-4857427068;EPP Akpotokou;;ecole_primaire;École primaire;primaire;public;ketou;;7.520865;2.707282;https://www.openstreetmap.org/node/4857427068;cartographie_collaborative;Type déduit du nom de l'établissement.
REF-OSM-node-4857427069;Site universitaire Agricole d'Idigny;;universite;Université;superieur;non_indique;ketou;;7.530204;2.703944;https://www.openstreetmap.org/node/4857427069;cartographie_collaborative;Type déduit du nom de l'établissement.
REF-OSM-node-4857476678;CEG Idigny;;college;Collège d'enseignement général (CEG);secondaire;public;ketou;;7.459492;2.708086;https://www.openstreetmap.org/node/4857476678;cartographie_collaborative;Type déduit du nom de l'établissement.
REF-OSM-node-4857476679;EPP Idigny Centre;;ecole_primaire;École primaire;primaire;public;ketou;;7.473299;2.713826;https://www.openstreetmap.org/node/4857476679;cartographie_collaborative;Type déduit du nom de l'établissement.
REF-OSM-node-4857476680;EPPIdigny quartier;;ecole_primaire;École primaire;primaire;non_indique;ketou;;7.484713;2.708543;https://www.openstreetmap.org/node/4857476680;cartographie_collaborative;Type déduit du nom de l'établissement.
REF-OSM-node-4857605410;CEG 1 de Kétou;;college;Collège d'enseignement général (CEG);secondaire;public;ketou;;7.360199;2.612872;https://www.openstreetmap.org/node/4857605410;cartographie_collaborative;Type déduit du nom de l'établissement.
REF-OSM-node-4857605413;Ecole Maternelle de Ketou Centre;;ecole_maternelle;École maternelle;maternelle;non_indique;ketou;;7.358044;2.609083;https://www.openstreetmap.org/node/4857605413;cartographie_collaborative;Type déduit du nom de l'établissement.
REF-OSM-node-4859372148;CEG 3 Kétou;;college;Collège d'enseignement général (CEG);secondaire;public;ketou;;7.387497;2.602487;https://www.openstreetmap.org/node/4859372148;cartographie_collaborative;Type déduit du nom de l'établissement.
REF-OSM-node-4859375020;CEG 2 Kétou;;college;Collège d'enseignement général (CEG);secondaire;public;ketou;;7.370762;2.578765;https://www.openstreetmap.org/node/4859375020;cartographie_collaborative;Type déduit du nom de l'établissement.
REF-OSM-node-4860787850;CSP Oyingin;;a_preciser;Établissement scolaire (type à préciser);;non_indique;ketou;;7.357083;2.606038;https://www.openstreetmap.org/node/4860787850;cartographie_collaborative;Type à préciser : aucun indice fiable dans OpenStreetMap.
REF-OSM-node-4860817599;CEG 1 de Kpankou;;college;Collège d'enseignement général (CEG);secondaire;public;ketou;;7.324277;2.589427;https://www.openstreetmap.org/node/4860817599;cartographie_collaborative;Type déduit du nom de l'établissement.
REF-OSM-node-4869558693;EPP Idjou;;ecole_primaire;École primaire;primaire;public;ketou;;7.369668;2.683009;https://www.openstreetmap.org/node/4869558693;cartographie_collaborative;Type déduit du nom de l'établissement.
REF-OSM-node-4869558694;EPP Kossikou;;ecole_primaire;École primaire;primaire;public;ketou;;7.422662;2.671287;https://www.openstreetmap.org/node/4869558694;cartographie_collaborative;Type déduit du nom de l'établissement.
REF-OSM-node-4869558695;EPP Ofia;;ecole_primaire;École primaire;primaire;public;ketou;;7.358790;2.652741;https://www.openstreetmap.org/node/4869558695;cartographie_collaborative;Type déduit du nom de l'établissement.
REF-OSM-node-4869558696;EPP Ogounou;;ecole_primaire;École primaire;primaire;public;ketou;;7.313803;2.715243;https://www.openstreetmap.org/node/4869558696;cartographie_collaborative;Type déduit du nom de l'établissement.
REF-OSM-node-4869558697;EPP Ossokodjo;;ecole_primaire;École primaire;primaire;public;ketou;;7.318488;2.662834;https://www.openstreetmap.org/node/4869558697;cartographie_collaborative;Type déduit du nom de l'établissement.
REF-OSM-node-4869558702;Maternelle de Kossikou;;ecole_maternelle;École maternelle;maternelle;non_indique;ketou;;7.422142;2.671487;https://www.openstreetmap.org/node/4869558702;cartographie_collaborative;Type déduit du nom de l'établissement.
REF-OSM-node-4869582139;CSP Alafia;;a_preciser;Établissement scolaire (type à préciser);;non_indique;ketou;;7.369451;2.615533;https://www.openstreetmap.org/node/4869582139;cartographie_collaborative;Type à préciser : aucun indice fiable dans OpenStreetMap.
REF-OSM-node-4869582140;CSP Droit du savoir;;a_preciser;Établissement scolaire (type à préciser);;non_indique;ketou;;7.372927;2.624186;https://www.openstreetmap.org/node/4869582140;cartographie_collaborative;Type à préciser : aucun indice fiable dans OpenStreetMap.
REF-OSM-node-4869612335;EPP Akpanbaou;;ecole_primaire;École primaire;primaire;public;ketou;;7.310585;2.618728;https://www.openstreetmap.org/node/4869612335;cartographie_collaborative;Type déduit du nom de l'établissement.
REF-OSM-node-4869665794;EPP Agbossassa;;ecole_primaire;École primaire;primaire;public;ketou;;7.588311;2.530502;https://www.openstreetmap.org/node/4869665794;cartographie_collaborative;Type déduit du nom de l'établissement.
REF-OSM-node-4869665795;EPP Sabo;;ecole_primaire;École primaire;primaire;public;ketou;;7.546375;2.596725;https://www.openstreetmap.org/node/4869665795;cartographie_collaborative;Type déduit du nom de l'établissement.
REF-OSM-node-4869687602;Ecole Pilote de Gnankpede;;a_preciser;Établissement scolaire (type à préciser);;non_indique;ketou;;7.452316;2.558890;https://www.openstreetmap.org/node/4869687602;cartographie_collaborative;Type à préciser : aucun indice fiable dans OpenStreetMap.
REF-OSM-node-4869707154;EPP Ogélété;;ecole_primaire;École primaire;primaire;public;ketou;;7.331850;2.739487;https://www.openstreetmap.org/node/4869707154;cartographie_collaborative;Type déduit du nom de l'établissement.
REF-OSM-node-4869715866;EPP Chaboto;;ecole_primaire;École primaire;primaire;public;ketou;;7.395097;2.714706;https://www.openstreetmap.org/node/4869715866;cartographie_collaborative;Type déduit du nom de l'établissement.
REF-OSM-node-4869725647;EPP Tankou;;ecole_primaire;École primaire;primaire;public;ketou;;7.342530;2.650682;https://www.openstreetmap.org/node/4869725647;cartographie_collaborative;Type déduit du nom de l'établissement.
REF-OSM-node-4869729600;CSP Espoir du Plateau;;a_preciser;Établissement scolaire (type à préciser);;non_indique;ketou;;7.346151;2.613116;https://www.openstreetmap.org/node/4869729600;cartographie_collaborative;Type à préciser : aucun indice fiable dans OpenStreetMap.
REF-OSM-node-4873083134;"Institut Polytechnique ""Le Citoyen"" (IPC)";;ecole_superieure;Établissement d'enseignement supérieur;superieur;non_indique;cotonou;@nohevog1;6.360471;2.404852;https://www.openstreetmap.org/node/4873083134;cartographie_collaborative;Type déduit du nom de l'établissement.
REF-OSM-node-4883176662;École maternelle Fontaine d'Eveil;;ecole_maternelle;École maternelle;maternelle;non_indique;abomey-calavi;;6.439133;2.343681;https://www.openstreetmap.org/node/4883176662;cartographie_collaborative;Type déduit du nom de l'établissement.
REF-OSM-node-4885883332;CEG de Dasso;;college;Collège d'enseignement général (CEG);secondaire;public;ouinhi;;7.030000;2.475833;https://www.openstreetmap.org/node/4885883332;cartographie_collaborative;Type déduit du nom de l'établissement.
REF-OSM-node-4885883333;CEG de Ouinhi;;college;Collège d'enseignement général (CEG);secondaire;public;ouinhi;;7.104167;2.515278;https://www.openstreetmap.org/node/4885883333;cartographie_collaborative;Type déduit du nom de l'établissement.
REF-OSM-node-4885883334;CEG de Tohoues;;college;Collège d'enseignement général (CEG);secondaire;public;ouinhi;;7.018333;2.422778;https://www.openstreetmap.org/node/4885883334;cartographie_collaborative;Type déduit du nom de l'établissement.
REF-OSM-node-4885883336;CSP Bossa;;a_preciser;Établissement scolaire (type à préciser);;non_indique;ouinhi;;7.000000;2.470000;https://www.openstreetmap.org/node/4885883336;cartographie_collaborative;Type à préciser : aucun indice fiable dans OpenStreetMap.
REF-OSM-node-4885883341;EPP Ahicon;;ecole_primaire;École primaire;primaire;public;ouinhi;;7.084167;2.509444;https://www.openstreetmap.org/node/4885883341;cartographie_collaborative;Type déduit du nom de l'établissement.
REF-OSM-node-4885883343;EPP Ganhoumey;;ecole_primaire;École primaire;primaire;public;ouinhi;;7.150000;2.517778;https://www.openstreetmap.org/node/4885883343;cartographie_collaborative;Type déduit du nom de l'établissement.
REF-OSM-node-4885883344;EPP Gnanli/Zounguè A;;ecole_primaire;École primaire;primaire;public;ouinhi;;7.040833;2.503056;https://www.openstreetmap.org/node/4885883344;cartographie_collaborative;Type déduit du nom de l'établissement.
REF-OSM-node-4885883345;EPP Gnanli/Zounguè B;;ecole_primaire;École primaire;primaire;public;ouinhi;;7.040833;2.486389;https://www.openstreetmap.org/node/4885883345;cartographie_collaborative;Type déduit du nom de l'établissement.
REF-OSM-node-4885883346;EPP Holli A;;ecole_primaire;École primaire;primaire;public;ouinhi;;7.097778;2.519167;https://www.openstreetmap.org/node/4885883346;cartographie_collaborative;Type déduit du nom de l'établissement.
REF-OSM-node-4885883347;EPP Holli B;;ecole_primaire;École primaire;primaire;public;ouinhi;;7.103889;2.517222;https://www.openstreetmap.org/node/4885883347;cartographie_collaborative;Type déduit du nom de l'établissement.
REF-OSM-node-4885883348;EPP Houanvè;;ecole_primaire;École primaire;primaire;public;ouinhi;;7.023333;2.492778;https://www.openstreetmap.org/node/4885883348;cartographie_collaborative;Type déduit du nom de l'établissement.
REF-OSM-node-4885883349;EPP Quartier Hiolli;;ecole_primaire;École primaire;primaire;public;ouinhi;;7.104167;2.518333;https://www.openstreetmap.org/node/4885883349;cartographie_collaborative;Type déduit du nom de l'établissement.
REF-OSM-node-4885883350;EPP Yago;;ecole_primaire;École primaire;primaire;public;ouinhi;;6.994167;2.464444;https://www.openstreetmap.org/node/4885883350;cartographie_collaborative;Type déduit du nom de l'établissement.
REF-OSM-node-4885883351;EPP Zoloko;;ecole_primaire;École primaire;primaire;public;ouinhi;;7.110556;2.526667;https://www.openstreetmap.org/node/4885883351;cartographie_collaborative;Type déduit du nom de l'établissement.
REF-OSM-node-4885883352;EPP Zoungo;;ecole_primaire;École primaire;primaire;public;ouinhi;;7.118611;2.525556;https://www.openstreetmap.org/node/4885883352;cartographie_collaborative;Type déduit du nom de l'établissement.
REF-OSM-node-4885883353;EPP de Bossa/A;;ecole_primaire;École primaire;primaire;public;ouinhi;;7.010000;2.476667;https://www.openstreetmap.org/node/4885883353;cartographie_collaborative;Type déduit du nom de l'établissement.
REF-OSM-node-4885883354;EPP de Bossa/B;;ecole_primaire;École primaire;primaire;public;ouinhi;;7.010556;2.468056;https://www.openstreetmap.org/node/4885883354;cartographie_collaborative;Type déduit du nom de l'établissement.
REF-OSM-node-4885883355;EPP de Dasso;;ecole_primaire;École primaire;primaire;public;ouinhi;;7.022222;2.473333;https://www.openstreetmap.org/node/4885883355;cartographie_collaborative;Type déduit du nom de l'établissement.
REF-OSM-node-4885883356;EPP de Gangban;;ecole_primaire;École primaire;primaire;public;ouinhi;;7.025833;2.423611;https://www.openstreetmap.org/node/4885883356;cartographie_collaborative;Type déduit du nom de l'établissement.
REF-OSM-node-4885883357;EPP de Mafoungbon;;ecole_primaire;École primaire;primaire;public;adja-ouere;;7.088333;2.542222;https://www.openstreetmap.org/node/4885883357;cartographie_collaborative;Type déduit du nom de l'établissement.
REF-OSM-node-4885883358;EPP de Monzoungoudo;;ecole_primaire;École primaire;primaire;public;ouinhi;;7.086944;2.526111;https://www.openstreetmap.org/node/4885883358;cartographie_collaborative;Type déduit du nom de l'établissement.
REF-OSM-node-4885883359;Ecole Catholique;;a_preciser;Établissement scolaire (type à préciser);;confessionnel;ouinhi;;7.101944;2.520000;https://www.openstreetmap.org/node/4885883359;cartographie_collaborative;Type à préciser : aucun indice fiable dans OpenStreetMap.
REF-OSM-node-4885883360;Ecole maternelle Bossa;;ecole_maternelle;École maternelle;maternelle;non_indique;ouinhi;;6.999444;2.469444;https://www.openstreetmap.org/node/4885883360;cartographie_collaborative;Type déduit du nom de l'établissement.
REF-OSM-node-4894938423;École Primaire Publique Atrokpocodji;;a_preciser;Établissement scolaire (type à préciser);;public;abomey-calavi;publique;6.392865;2.325389;https://www.openstreetmap.org/node/4894938423;cartographie_collaborative;Type à préciser : aucun indice fiable dans OpenStreetMap.
REF-OSM-node-4902272589;Complexe Scolaire Privée BEL AVENIR;;complexe_scolaire;Complexe scolaire;maternelle|primaire;prive;cotonou;;6.365894;2.483065;https://www.openstreetmap.org/node/4902272589;cartographie_collaborative;Type déduit du nom de l'établissement.
REF-OSM-node-4924943397;Complexe Scolaire d'Agbandonou;;complexe_scolaire;Complexe scolaire;maternelle|primaire;non_indique;ze;;6.662630;2.285107;https://www.openstreetmap.org/node/4924943397;cartographie_collaborative;Type déduit du nom de l'établissement.
REF-OSM-node-4924945421;Ecole Primaire Adjrako;;ecole_primaire;École primaire;primaire;non_indique;ze;;6.615132;2.281248;https://www.openstreetmap.org/node/4924945421;cartographie_collaborative;Type déduit du nom de l'établissement.
REF-OSM-node-4940250358;Complexe scolaire Toviklin centre;;complexe_scolaire;Complexe scolaire;maternelle|primaire;non_indique;toviklin;;6.893790;1.833380;https://www.openstreetmap.org/node/4940250358;cartographie_collaborative;Type déduit du nom de l'établissement.
REF-OSM-node-4943831272;CEG II Djakotomey;;college;Collège d'enseignement général (CEG);secondaire;public;djakotomey;;6.907062;1.731242;https://www.openstreetmap.org/node/4943831272;cartographie_collaborative;Type déduit du nom de l'établissement.
REF-OSM-node-4943831278;Complexe scolaire Agbédranfo / Groupe A et B;;complexe_scolaire;Complexe scolaire;maternelle|primaire;non_indique;djakotomey;;6.875693;1.727424;https://www.openstreetmap.org/node/4943831278;cartographie_collaborative;Type déduit du nom de l'établissement.
REF-OSM-node-4943831279;Complexe scolaire privé Mawuna;;complexe_scolaire;Complexe scolaire;maternelle|primaire;prive;djakotomey;;6.908298;1.722651;https://www.openstreetmap.org/node/4943831279;cartographie_collaborative;Type déduit du nom de l'établissement.
REF-OSM-node-4943831281;Ecole primaire privée La Promesse;;ecole_primaire;École primaire;primaire;prive;djakotomey;privé;6.904077;1.714360;https://www.openstreetmap.org/node/4943831281;cartographie_collaborative;Type déduit du nom de l'établissement.
REF-OSM-node-4943831282;Ecole primaire publique de Beotchi;;ecole_primaire;École primaire;primaire;public;djakotomey;;6.906182;1.708458;https://www.openstreetmap.org/node/4943831282;cartographie_collaborative;Type déduit du nom de l'établissement.
REF-OSM-node-4943831283;Ecole primaire publique de Djakotomey / Groupe A;;ecole_primaire;École primaire;primaire;public;djakotomey;;6.904264;1.715404;https://www.openstreetmap.org/node/4943831283;cartographie_collaborative;Type déduit du nom de l'établissement.
REF-OSM-node-4946554798;École Primaire Publique Tokpa-Zongo;;a_preciser;Établissement scolaire (type à préciser);;public;abomey-calavi;;6.449774;2.359809;https://www.openstreetmap.org/node/4946554798;cartographie_collaborative;Type à préciser : aucun indice fiable dans OpenStreetMap.
REF-OSM-node-4946556110;École Primaire Publique d' Agamandin;;a_preciser;Établissement scolaire (type à préciser);;public;abomey-calavi;;6.453480;2.360717;https://www.openstreetmap.org/node/4946556110;cartographie_collaborative;Type à préciser : aucun indice fiable dans OpenStreetMap.
REF-OSM-node-4961258132;Complexe Scolaire Wend Panga;;complexe_scolaire;Complexe scolaire;maternelle|primaire;non_indique;abomey-calavi;;6.389970;2.289677;https://www.openstreetmap.org/node/4961258132;cartographie_collaborative;Type déduit du nom de l'établissement.
REF-OSM-node-4961258133;College Privé Sainte Gisele Affoue;;college;Collège;secondaire;prive;abomey-calavi;;6.389579;2.284378;https://www.openstreetmap.org/node/4961258133;cartographie_collaborative;Type déduit du nom de l'établissement.
REF-OSM-node-4987847379;CSP Vigninou;;a_preciser;Établissement scolaire (type à préciser);;non_indique;abomey-calavi;;6.436075;2.341714;https://www.openstreetmap.org/node/4987847379;cartographie_collaborative;Type à préciser : aucun indice fiable dans OpenStreetMap.
REF-OSM-node-4990737405;SOS Abomey-calavi;;ecole_maternelle;École maternelle;maternelle;non_indique;abomey-calavi;;6.439976;2.351400;https://www.openstreetmap.org/node/4990737405;cartographie_collaborative;Type déduit des attributs OpenStreetMap.
REF-OSM-node-4998310740;Complexe scolaire la voix des anges;;complexe_scolaire;Complexe scolaire;maternelle|primaire;non_indique;abomey-calavi;;6.389033;2.305816;https://www.openstreetmap.org/node/4998310740;cartographie_collaborative;Type déduit du nom de l'établissement.
REF-OSM-node-5001268874;CSP Finesse;;a_preciser;Établissement scolaire (type à préciser);;non_indique;abomey-calavi;;6.487096;2.355679;https://www.openstreetmap.org/node/5001268874;cartographie_collaborative;Type à préciser : aucun indice fiable dans OpenStreetMap.
REF-OSM-node-5001293168;EPP GNININ;;ecole_primaire;École primaire;primaire;public;abomey-calavi;ECOLE;6.497575;2.350592;https://www.openstreetmap.org/node/5001293168;cartographie_collaborative;Type déduit du nom de l'établissement.
REF-OSM-node-5001303853;Lyteb;;a_preciser;Établissement scolaire (type à préciser);;non_indique;bohicon;;7.178973;2.041930;https://www.openstreetmap.org/node/5001303853;cartographie_collaborative;Type à préciser : aucun indice fiable dans OpenStreetMap.
REF-OSM-node-5001319858;Complexe scolaire Prive Seko;;complexe_scolaire;Complexe scolaire;maternelle|primaire;prive;abomey-calavi;;6.436702;2.335757;https://www.openstreetmap.org/node/5001319858;cartographie_collaborative;Type déduit du nom de l'établissement.
REF-OSM-node-5001324478;Complexe scolaire La mire;;complexe_scolaire;Complexe scolaire;maternelle|primaire;non_indique;abomey-calavi;;6.431098;2.338127;https://www.openstreetmap.org/node/5001324478;cartographie_collaborative;Type déduit du nom de l'établissement.
REF-OSM-node-5001337721;Garderie Mère Therese;;a_preciser;Établissement scolaire (type à préciser);;non_indique;abomey-calavi;Société privée;6.434175;2.345188;https://www.openstreetmap.org/node/5001337721;cartographie_collaborative;Type à préciser : aucun indice fiable dans OpenStreetMap.
REF-OSM-node-5001501327;Complexe scolaire st Mathieu1;;complexe_scolaire;Complexe scolaire;maternelle|primaire;non_indique;abomey-calavi;;6.421523;2.321535;https://www.openstreetmap.org/node/5001501327;cartographie_collaborative;Type déduit du nom de l'établissement.
REF-OSM-node-5015070846;CS Danale les prince (cours secondaire);;complexe_scolaire;Complexe scolaire;maternelle|primaire;non_indique;abomey-calavi;;6.422082;2.330732;https://www.openstreetmap.org/node/5015070846;cartographie_collaborative;Type déduit du nom de l'établissement.
REF-OSM-node-5015070847;CS Danale les prince (cours primaire);;complexe_scolaire;Complexe scolaire;maternelle|primaire;non_indique;abomey-calavi;;6.422219;2.331065;https://www.openstreetmap.org/node/5015070847;cartographie_collaborative;Type déduit du nom de l'établissement.
REF-OSM-node-5015070849;CS Quartier Latin;;a_preciser;Établissement scolaire (type à préciser);;non_indique;abomey-calavi;;6.424190;2.333888;https://www.openstreetmap.org/node/5015070849;cartographie_collaborative;Type à préciser : aucun indice fiable dans OpenStreetMap.
REF-OSM-node-5015070850;CS Miracles de Dieu;;a_preciser;Établissement scolaire (type à préciser);;non_indique;abomey-calavi;;6.422102;2.334005;https://www.openstreetmap.org/node/5015070850;cartographie_collaborative;Type à préciser : aucun indice fiable dans OpenStreetMap.
REF-OSM-node-5016175922;Complexe scolaire maternelle '' les Génies'' de Tankpè;;ecole_maternelle;École maternelle;maternelle;non_indique;abomey-calavi;;6.432784;2.330256;https://www.openstreetmap.org/node/5016175922;cartographie_collaborative;Type déduit du nom de l'établissement.
REF-OSM-node-5016176322;Complexe scolaire les Génies de Tankpe;;complexe_scolaire;Complexe scolaire;maternelle|primaire;non_indique;abomey-calavi;;6.433007;2.330060;https://www.openstreetmap.org/node/5016176322;cartographie_collaborative;Type déduit du nom de l'établissement.
REF-OSM-node-5016176324;École primaire ''les Génies'';;a_preciser;Établissement scolaire (type à préciser);;non_indique;abomey-calavi;;6.432045;2.330800;https://www.openstreetmap.org/node/5016176324;cartographie_collaborative;Type à préciser : aucun indice fiable dans OpenStreetMap.
REF-OSM-node-5020753623;École Supérieure d'Administration et d'Économie, de Journalisme et des Métiers de l'audiovisuel - Site principal de Cotonou;;superieur_ou_formation;Enseignement supérieur ou formation;superieur|technique;prive;cotonou;;6.377227;2.419689;https://www.openstreetmap.org/node/5020753623;cartographie_collaborative;Type déduit des attributs OpenStreetMap.
REF-OSM-node-5027194330;Complexe scolaire privé la Fontaine  Parakou Banikani;;complexe_scolaire;Complexe scolaire;maternelle|primaire;prive;parakou;;9.321808;2.651353;https://www.openstreetmap.org/node/5027194330;cartographie_collaborative;Type déduit du nom de l'établissement.
REF-OSM-node-5031894748;École Primaire Publique Agongbomey;;a_preciser;Établissement scolaire (type à préciser);;public;abomey-calavi;;6.375985;2.361173;https://www.openstreetmap.org/node/5031894748;cartographie_collaborative;Type à préciser : aucun indice fiable dans OpenStreetMap.
REF-OSM-node-5055713721;Collège Saint Antoine ex Complexe Commercial de l'Atacora(CCA);;college;Collège;secondaire;confessionnel;natitingou;;10.295561;1.384994;https://www.openstreetmap.org/node/5055713721;cartographie_collaborative;Type déduit du nom de l'établissement.
REF-OSM-node-5071751022;EPP Assanlin;;ecole_primaire;École primaire;primaire;public;za-kpota;;7.238910;2.110598;https://www.openstreetmap.org/node/5071751022;cartographie_collaborative;Type déduit du nom de l'établissement.
REF-OSM-node-5110316174;Centre islamique de la jeunesse;;a_preciser;Établissement scolaire (type à préciser);;confessionnel;porto-novo;;6.472123;2.643650;https://www.openstreetmap.org/node/5110316174;cartographie_collaborative;Type à préciser : aucun indice fiable dans OpenStreetMap.
REF-OSM-node-5110317027;Complexe scolaire Félicien Bada Le destin;;complexe_scolaire;Complexe scolaire;maternelle|primaire;non_indique;abomey-calavi;;6.457705;2.325376;https://www.openstreetmap.org/node/5110317027;cartographie_collaborative;Type déduit du nom de l'établissement.
REF-OSM-node-5110317466;Complexe Scolaire de joues Adjagbo A & B;;complexe_scolaire;Complexe scolaire;maternelle|primaire;non_indique;abomey-calavi;;6.475142;2.277744;https://www.openstreetmap.org/node/5110317466;cartographie_collaborative;Type déduit du nom de l'établissement.
REF-OSM-node-5110318100;Complexe scolaire les Talentueux;;complexe_scolaire;Complexe scolaire;maternelle|primaire;non_indique;abomey-calavi;;6.461767;2.297327;https://www.openstreetmap.org/node/5110318100;cartographie_collaborative;Type déduit du nom de l'établissement.
REF-OSM-node-5110318489;École hôtellerie et de tourisme de Calavi;;a_preciser;Établissement scolaire (type à préciser);;non_indique;abomey-calavi;;6.447207;2.353288;https://www.openstreetmap.org/node/5110318489;cartographie_collaborative;Type à préciser : aucun indice fiable dans OpenStreetMap.
REF-OSM-node-5171572722;Complexe Scolaire Adjarra Centre;;complexe_scolaire;Complexe scolaire;maternelle|primaire;non_indique;adjarra;;6.523303;2.667047;https://www.openstreetmap.org/node/5171572722;cartographie_collaborative;Type déduit du nom de l'établissement.
REF-OSM-node-5173139922;Complexe Scolaire la Décision;;complexe_scolaire;Complexe scolaire;maternelle|primaire;non_indique;adjarra;;6.521417;2.666771;https://www.openstreetmap.org/node/5173139922;cartographie_collaborative;Type déduit du nom de l'établissement.
REF-OSM-node-5174325888;complexe scolaire d'Adjina;;complexe_scolaire;Complexe scolaire;maternelle|primaire;non_indique;adjarra;;6.522735;2.672612;https://www.openstreetmap.org/node/5174325888;cartographie_collaborative;Type déduit du nom de l'établissement.
REF-OSM-node-5174637516;CSP LA Décision;;a_preciser;Établissement scolaire (type à préciser);;non_indique;adjarra;Privée;6.522783;2.666912;https://www.openstreetmap.org/node/5174637516;cartographie_collaborative;Type à préciser : aucun indice fiable dans OpenStreetMap.
REF-OSM-node-5176281828;Ecole coranique ANIWANOU-DINE;;a_preciser;Établissement scolaire (type à préciser);;non_indique;adjarra;;6.523661;2.667888;https://www.openstreetmap.org/node/5176281828;cartographie_collaborative;Type à préciser : aucun indice fiable dans OpenStreetMap.
REF-OSM-node-5177160826;Ècole Primaire Publique de Todjonoukouin;;a_preciser;Établissement scolaire (type à préciser);;public;grand-popo;;6.358365;1.840534;https://www.openstreetmap.org/node/5177160826;cartographie_collaborative;Type à préciser : aucun indice fiable dans OpenStreetMap.
REF-OSM-node-5183445225;Complexe scolaire Bright stars;;complexe_scolaire;Complexe scolaire;maternelle|primaire;non_indique;abomey-calavi;;6.460607;2.349128;https://www.openstreetmap.org/node/5183445225;cartographie_collaborative;Type déduit du nom de l'établissement.
REF-OSM-node-5187212222;EPP Tanmè;;ecole_primaire;École primaire;primaire;public;adjarra;;6.498770;2.658262;https://www.openstreetmap.org/node/5187212222;cartographie_collaborative;Type déduit du nom de l'établissement.
REF-OSM-node-5187212223;EPP AMOUSSA KANDÉVIÉ;;ecole_primaire;École primaire;primaire;public;porto-novo;;6.494708;2.627093;https://www.openstreetmap.org/node/5187212223;cartographie_collaborative;Type déduit du nom de l'établissement.
REF-OSM-node-5188035021;École maternelle de HONVIE;;ecole_maternelle;École maternelle;maternelle;non_indique;adjarra;;6.518179;2.652773;https://www.openstreetmap.org/node/5188035021;cartographie_collaborative;Type déduit du nom de l'établissement.
REF-OSM-node-5190427433;École primaire publique de Zoca;;a_preciser;Établissement scolaire (type à préciser);;public;abomey-calavi;;6.464455;2.347614;https://www.openstreetmap.org/node/5190427433;cartographie_collaborative;Type à préciser : aucun indice fiable dans OpenStreetMap.
REF-OSM-node-5196223722;École Primaire Publique Centre de Togoudou;;a_preciser;Établissement scolaire (type à préciser);;public;abomey-calavi;;6.407124;2.331836;https://www.openstreetmap.org/node/5196223722;cartographie_collaborative;Type à préciser : aucun indice fiable dans OpenStreetMap.
REF-OSM-node-5200625924;Complexe scolaire Saint Augustin;;complexe_scolaire;Complexe scolaire;maternelle|primaire;confessionnel;abomey-calavi;Privée;6.439740;2.321088;https://www.openstreetmap.org/node/5200625924;cartographie_collaborative;Type déduit du nom de l'établissement.
REF-OSM-node-5209032431;École Primaire Privee Mixte Vizalode;;a_preciser;Établissement scolaire (type à préciser);;prive;abomey-calavi;;6.393124;2.363538;https://www.openstreetmap.org/node/5209032431;cartographie_collaborative;Type à préciser : aucun indice fiable dans OpenStreetMap.
REF-OSM-node-5215240878;Complexe Scolaires Saint Augustin;;complexe_scolaire;Complexe scolaire;maternelle|primaire;confessionnel;cotonou;;6.365686;2.426932;https://www.openstreetmap.org/node/5215240878;cartographie_collaborative;Type déduit du nom de l'établissement.
REF-OSM-node-5219682955;Complexe scolaire ABOUBAKAR;;complexe_scolaire;Complexe scolaire;maternelle|primaire;non_indique;cotonou;;6.366555;2.400643;https://www.openstreetmap.org/node/5219682955;cartographie_collaborative;Type déduit du nom de l'établissement.
REF-OSM-node-5241819179;College d'Enseignement General l de Lokossa;;college;Collège d'enseignement général (CEG);secondaire;non_indique;lokossa;;6.639775;1.713567;https://www.openstreetmap.org/node/5241819179;cartographie_collaborative;Type déduit du nom de l'établissement.
REF-OSM-node-5256181190;Complexe Scolaire Precas;;complexe_scolaire;Complexe scolaire;maternelle|primaire;non_indique;abomey-calavi;;6.378467;2.253409;https://www.openstreetmap.org/node/5256181190;cartographie_collaborative;Type déduit du nom de l'établissement.
REF-OSM-node-5273288522;Complexe scolaire « Les savants »;;complexe_scolaire;Complexe scolaire;maternelle|primaire;non_indique;abomey-calavi;;6.434752;2.313519;https://www.openstreetmap.org/node/5273288522;cartographie_collaborative;Type déduit du nom de l'établissement.
REF-OSM-node-5284231856;École primaire Toko Toko;;a_preciser;Établissement scolaire (type à préciser);;non_indique;djougou;Circonscription scolaire de Djougou 1;9.742099;2.018128;https://www.openstreetmap.org/node/5284231856;cartographie_collaborative;Type à préciser : aucun indice fiable dans OpenStreetMap.
REF-OSM-node-5319926822;collège Tanwé-Hessou;;college;Collège;secondaire;non_indique;zogbodomey;;7.031599;2.104601;https://www.openstreetmap.org/node/5319926822;cartographie_collaborative;Type déduit du nom de l'établissement.
REF-OSM-node-5321950323;École primaire publique;;a_preciser;Établissement scolaire (type à préciser);;public;houeyogbe;;6.561782;1.817978;https://www.openstreetmap.org/node/5321950323;cartographie_collaborative;Type à préciser : aucun indice fiable dans OpenStreetMap.
REF-OSM-node-5326982385;Ecole Primaire Publique;;ecole_primaire;École primaire;primaire;public;malanville;;11.849323;3.384942;https://www.openstreetmap.org/node/5326982385;cartographie_collaborative;Type déduit du nom de l'établissement.
REF-OSM-node-5346619683;École Primaire Communautaire Espoir pour un Enfant;;a_preciser;Établissement scolaire (type à préciser);;non_indique;cotonou;;6.390683;2.432224;https://www.openstreetmap.org/node/5346619683;cartographie_collaborative;Type à préciser : aucun indice fiable dans OpenStreetMap.
REF-OSM-node-5346669102;Complexe Scolaire Archange d'Eternel;;complexe_scolaire;Complexe scolaire;maternelle|primaire;non_indique;abomey-calavi;;6.374818;2.241824;https://www.openstreetmap.org/node/5346669102;cartographie_collaborative;Type déduit du nom de l'établissement.
REF-OSM-node-5358677928;CEG Mindédjonou;;college;Collège d'enseignement général (CEG);secondaire;public;adjarra;;6.505577;2.692025;https://www.openstreetmap.org/node/5358677928;cartographie_collaborative;Type déduit du nom de l'établissement.
REF-OSM-node-5380944140;Ecole Primaire Plublique Agla Sud;;ecole_primaire;École primaire;primaire;non_indique;cotonou;;6.375121;2.366884;https://www.openstreetmap.org/node/5380944140;cartographie_collaborative;Type déduit du nom de l'établissement.
REF-OSM-node-5398081526;Collège d'enseignement Général 1 de Djidja;;college;Collège d'enseignement général (CEG);secondaire;non_indique;djidja;;7.340484;1.935608;https://www.openstreetmap.org/node/5398081526;cartographie_collaborative;Type déduit du nom de l'établissement.
REF-OSM-node-5398085424;Notre dame de l'Immaculée conception;;a_preciser;Établissement scolaire (type à préciser);;non_indique;djidja;;7.339995;1.936051;https://www.openstreetmap.org/node/5398085424;cartographie_collaborative;Type à préciser : aucun indice fiable dans OpenStreetMap.
REF-OSM-node-5401550627;CEG Agboka;;college;Collège d'enseignement général (CEG);secondaire;public;abomey;;7.220251;2.005293;https://www.openstreetmap.org/node/5401550627;cartographie_collaborative;Type déduit du nom de l'établissement.
REF-OSM-node-5415009722;Lycée Militaire de Natitingou;;lycee_general;Lycée;secondaire;non_indique;natitingou;;10.273890;1.362690;https://www.openstreetmap.org/node/5415009722;cartographie_collaborative;Type déduit du nom de l'établissement.
REF-OSM-node-5439961051;Lycée Technique Agricole d'Akodeha (LTA);;lycee_technique;Lycée technique;technique;non_indique;houeyogbe;;6.478843;1.887012;https://www.openstreetmap.org/node/5439961051;cartographie_collaborative;Type déduit du nom de l'établissement.
REF-OSM-node-5464608955;Complexe Scolaire Privé Ribeleck le Générique;;complexe_scolaire;Complexe scolaire;maternelle|primaire;prive;seme-podji;;6.364259;2.523562;https://www.openstreetmap.org/node/5464608955;cartographie_collaborative;Type déduit du nom de l'établissement.
REF-OSM-node-5464734779;Complexe Scolaire Privé Nissan;;complexe_scolaire;Complexe scolaire;maternelle|primaire;prive;seme-podji;;6.363001;2.519168;https://www.openstreetmap.org/node/5464734779;cartographie_collaborative;Type déduit du nom de l'établissement.
REF-OSM-node-5464734804;Cotonou Internationnal School;;a_preciser;Établissement scolaire (type à préciser);;non_indique;seme-podji;;6.367311;2.516027;https://www.openstreetmap.org/node/5464734804;cartographie_collaborative;Type à préciser : aucun indice fiable dans OpenStreetMap.
REF-OSM-node-5464759777;Complexe Scolaire Communautaire Marina Pk10;;complexe_scolaire;Complexe scolaire;maternelle|primaire;non_indique;seme-podji;;6.364768;2.524109;https://www.openstreetmap.org/node/5464759777;cartographie_collaborative;Type déduit du nom de l'établissement.
REF-OSM-node-5482586214;École Maternelle Privée Espace Éveil;;ecole_maternelle;École maternelle;maternelle;prive;cotonou;;6.390595;2.429162;https://www.openstreetmap.org/node/5482586214;cartographie_collaborative;Type déduit du nom de l'établissement.
REF-OSM-node-5489009401;École Primaire Publique de Toyoyome;;a_preciser;Établissement scolaire (type à préciser);;public;cotonou;;6.392305;2.426317;https://www.openstreetmap.org/node/5489009401;cartographie_collaborative;Type à préciser : aucun indice fiable dans OpenStreetMap.
REF-OSM-node-5491845559;Centre de Langue;;a_preciser;Établissement scolaire (type à préciser);;non_indique;seme-podji;;6.364553;2.523910;https://www.openstreetmap.org/node/5491845559;cartographie_collaborative;Type à préciser : aucun indice fiable dans OpenStreetMap.
REF-OSM-node-5491971622;Complexe Scolaire Lica;;complexe_scolaire;Complexe scolaire;maternelle|primaire;non_indique;abomey-calavi;;6.457694;2.358282;https://www.openstreetmap.org/node/5491971622;cartographie_collaborative;Type déduit du nom de l'établissement.
REF-OSM-node-5493162069;Centre Prescolaire des Soeurs Salesiennes de don Bosco;;a_preciser;Établissement scolaire (type à préciser);;non_indique;cotonou;;6.392471;2.428279;https://www.openstreetmap.org/node/5493162069;cartographie_collaborative;Type à préciser : aucun indice fiable dans OpenStreetMap.
REF-OSM-node-5494768109;Collège d'Enseignement Générale de Za-Kpota;;college;Collège d'enseignement général (CEG);secondaire;non_indique;za-kpota;;7.224048;2.207398;https://www.openstreetmap.org/node/5494768109;cartographie_collaborative;Type déduit du nom de l'établissement.
REF-OSM-node-5521302721;CS le Chandelier du Jardin Emergent;;a_preciser;Établissement scolaire (type à préciser);;non_indique;cotonou;;6.389249;2.430631;https://www.openstreetmap.org/node/5521302721;cartographie_collaborative;Type à préciser : aucun indice fiable dans OpenStreetMap.
REF-OSM-node-5537892524;Université d'agriculture de Sakété;;universite;Université;superieur;non_indique;sakete;;6.692493;2.642433;https://www.openstreetmap.org/node/5537892524;cartographie_collaborative;Type déduit du nom de l'établissement.
REF-OSM-node-5538676888;EPP Gbedougo;;ecole_primaire;École primaire;primaire;public;tori-bossito;;6.507623;2.207407;https://www.openstreetmap.org/node/5538676888;cartographie_collaborative;Type déduit du nom de l'établissement.
REF-OSM-node-5538676993;EPP Minantinkpon;;ecole_primaire;École primaire;primaire;public;ouidah;;6.395689;2.093694;https://www.openstreetmap.org/node/5538676993;cartographie_collaborative;Type déduit du nom de l'établissement.
REF-OSM-node-5538676995;EPP Datinonko;;ecole_primaire;École primaire;primaire;public;tori-bossito;;6.584843;2.201787;https://www.openstreetmap.org/node/5538676995;cartographie_collaborative;Type déduit du nom de l'établissement.
REF-OSM-node-5538678310;CEG tori cada;;college;Collège d'enseignement général (CEG);secondaire;public;tori-bossito;;6.558631;2.190068;https://www.openstreetmap.org/node/5538678310;cartographie_collaborative;Type déduit du nom de l'établissement.
REF-OSM-node-5543273625;La Liaison;;a_preciser;Établissement scolaire (type à préciser);;non_indique;abomey-calavi;;6.444659;2.344018;https://www.openstreetmap.org/node/5543273625;cartographie_collaborative;Type à préciser : aucun indice fiable dans OpenStreetMap.
REF-OSM-node-5545199991;CS le Bénin;;a_preciser;Établissement scolaire (type à préciser);;non_indique;abomey-calavi;;6.437944;2.311344;https://www.openstreetmap.org/node/5545199991;cartographie_collaborative;Type à préciser : aucun indice fiable dans OpenStreetMap.
REF-OSM-node-5546147354;English International School;;a_preciser;Établissement scolaire (type à préciser);;non_indique;cotonou;;6.357331;2.390269;https://www.openstreetmap.org/node/5546147354;cartographie_collaborative;Type à préciser : aucun indice fiable dans OpenStreetMap.
REF-OSM-node-5559032763;Le Pharaon;;a_preciser;Établissement scolaire (type à préciser);;non_indique;abomey-calavi;;6.434814;2.326882;https://www.openstreetmap.org/node/5559032763;cartographie_collaborative;Type à préciser : aucun indice fiable dans OpenStreetMap.
REF-OSM-node-5559032842;Complexe Scolaire Le Rempart;;complexe_scolaire;Complexe scolaire;maternelle|primaire;non_indique;abomey-calavi;;6.446435;2.326743;https://www.openstreetmap.org/node/5559032842;cartographie_collaborative;Type déduit du nom de l'établissement.
REF-OSM-node-5559916472;Complexe scolaire et universtaire Clé de la Réuissite;;complexe_scolaire;Complexe scolaire;maternelle|primaire;non_indique;abomey-calavi;;6.438308;2.341468;https://www.openstreetmap.org/node/5559916472;cartographie_collaborative;Type déduit du nom de l'établissement.
REF-OSM-node-5559918379;Cours Secondaire Sainte Bakhita;;complexe_scolaire;Complexe scolaire;maternelle|primaire;confessionnel;abomey-calavi;;6.436408;2.339522;https://www.openstreetmap.org/node/5559918379;cartographie_collaborative;Type déduit du nom de l'établissement.
REF-OSM-node-5559918438;Ecole secondaire et ENI Bakhita;;a_preciser;Établissement scolaire (type à préciser);;non_indique;abomey-calavi;;6.436497;2.339661;https://www.openstreetmap.org/node/5559918438;cartographie_collaborative;Type à préciser : aucun indice fiable dans OpenStreetMap.
REF-OSM-node-5559930519;La Rosière;;a_preciser;Établissement scolaire (type à préciser);;non_indique;abomey-calavi;;6.434362;2.336352;https://www.openstreetmap.org/node/5559930519;cartographie_collaborative;Type à préciser : aucun indice fiable dans OpenStreetMap.
REF-OSM-node-5560037879;Complexe Scolaire Les Petits Princes;;complexe_scolaire;Complexe scolaire;maternelle|primaire;non_indique;abomey-calavi;;6.454422;2.344044;https://www.openstreetmap.org/node/5560037879;cartographie_collaborative;Type déduit du nom de l'établissement.
REF-OSM-node-5575774142;Complexe Scolaire Bergerie de Dieu;;complexe_scolaire;Complexe scolaire;maternelle|primaire;non_indique;abomey-calavi;;6.446238;2.315453;https://www.openstreetmap.org/node/5575774142;cartographie_collaborative;Type déduit du nom de l'établissement.
REF-OSM-node-5584103035;Rectotat UNA;;universite;Université;superieur;non_indique;porto-novo;;6.471299;2.636419;https://www.openstreetmap.org/node/5584103035;cartographie_collaborative;Type déduit des attributs OpenStreetMap.
REF-OSM-node-5584103507;Complexe scolaire Honklohon;;complexe_scolaire;Complexe scolaire;maternelle|primaire;non_indique;abomey-calavi;;6.426009;2.339296;https://www.openstreetmap.org/node/5584103507;cartographie_collaborative;Type déduit du nom de l'établissement.
REF-OSM-node-5584104674;CEG kpomasse;;college;Collège d'enseignement général (CEG);secondaire;public;kpomasse;;6.443396;2.011628;https://www.openstreetmap.org/node/5584104674;cartographie_collaborative;Type déduit du nom de l'établissement.
REF-OSM-node-5584105932;NOE Winner;;a_preciser;Établissement scolaire (type à préciser);;non_indique;abomey-calavi;;6.424109;2.326617;https://www.openstreetmap.org/node/5584105932;cartographie_collaborative;Type à préciser : aucun indice fiable dans OpenStreetMap.
REF-OSM-node-5584106056;Complexe scolaire DON DE DIEU;;complexe_scolaire;Complexe scolaire;maternelle|primaire;non_indique;abomey-calavi;;6.424637;2.325840;https://www.openstreetmap.org/node/5584106056;cartographie_collaborative;Type déduit du nom de l'établissement.
REF-OSM-node-5586554221;Les Échos du Réveil;;a_preciser;Établissement scolaire (type à préciser);;non_indique;avrankou;;6.517058;2.636207;https://www.openstreetmap.org/node/5586554221;cartographie_collaborative;Type à préciser : aucun indice fiable dans OpenStreetMap.
REF-OSM-node-5592355394;Garderie la merveille;;a_preciser;Établissement scolaire (type à préciser);;non_indique;abomey-calavi;;6.426302;2.331097;https://www.openstreetmap.org/node/5592355394;cartographie_collaborative;Type à préciser : aucun indice fiable dans OpenStreetMap.
REF-OSM-node-5592358212;Gbehamey;;ecole_maternelle;École maternelle;maternelle;non_indique;adjarra;;6.510464;2.672411;https://www.openstreetmap.org/node/5592358212;cartographie_collaborative;Type déduit des attributs OpenStreetMap.
REF-OSM-node-5592358375;Complexe scolaire adjina;;complexe_scolaire;Complexe scolaire;maternelle|primaire;non_indique;adjarra;;6.520697;2.673685;https://www.openstreetmap.org/node/5592358375;cartographie_collaborative;Type déduit du nom de l'établissement.
REF-OSM-node-5592359312;La providence;;a_preciser;Établissement scolaire (type à préciser);;non_indique;adjarra;;6.512014;2.673846;https://www.openstreetmap.org/node/5592359312;cartographie_collaborative;Type à préciser : aucun indice fiable dans OpenStreetMap.
REF-OSM-node-5592359330;Grand Pari de Sota;;a_preciser;Établissement scolaire (type à préciser);;non_indique;adjarra;;6.518283;2.670137;https://www.openstreetmap.org/node/5592359330;cartographie_collaborative;Type à préciser : aucun indice fiable dans OpenStreetMap.
REF-OSM-node-5592364150;Étoile d'orient;;a_preciser;Établissement scolaire (type à préciser);;non_indique;adjarra;;6.515156;2.669644;https://www.openstreetmap.org/node/5592364150;cartographie_collaborative;Type à préciser : aucun indice fiable dans OpenStreetMap.
REF-OSM-node-5592648517;"Complexe scolaire privée ""MON AVENIR""";;complexe_scolaire;Complexe scolaire;maternelle|primaire;prive;adjarra;;6.525499;2.673562;https://www.openstreetmap.org/node/5592648517;cartographie_collaborative;Type déduit du nom de l'établissement.
REF-OSM-node-5592661132;"Complexe scolaire privée""MON AVENIR""";;complexe_scolaire;Complexe scolaire;maternelle|primaire;prive;avrankou;;6.537510;2.652689;https://www.openstreetmap.org/node/5592661132;cartographie_collaborative;Type déduit du nom de l'établissement.
REF-OSM-node-5592664615;"Complexe scolaire privée""MON AVENIR""HOUEGBO";;complexe_scolaire;Complexe scolaire;maternelle|primaire;prive;adjarra;;6.525794;2.673012;https://www.openstreetmap.org/node/5592664615;cartographie_collaborative;Type déduit du nom de l'établissement.
REF-OSM-node-5631095194;Complexe scolaire privé Science et Conscience;;complexe_scolaire;Complexe scolaire;maternelle|primaire;prive;abomey-calavi;;6.428902;2.340210;https://www.openstreetmap.org/node/5631095194;cartographie_collaborative;Type déduit du nom de l'établissement.
REF-OSM-node-5631095197;Complexe scolaire privé La Lumière divine;;complexe_scolaire;Complexe scolaire;maternelle|primaire;prive;abomey-calavi;;6.431675;2.334227;https://www.openstreetmap.org/node/5631095197;cartographie_collaborative;Type déduit du nom de l'établissement.
REF-OSM-node-5631095513;Complexe scolaire le Regard;;complexe_scolaire;Complexe scolaire;maternelle|primaire;non_indique;abomey-calavi;;6.434128;2.337388;https://www.openstreetmap.org/node/5631095513;cartographie_collaborative;Type déduit du nom de l'établissement.
REF-OSM-node-5631095960;Complexe scolaire les champions de demain;;complexe_scolaire;Complexe scolaire;maternelle|primaire;non_indique;abomey-calavi;;6.429452;2.330368;https://www.openstreetmap.org/node/5631095960;cartographie_collaborative;Type déduit du nom de l'établissement.
REF-OSM-node-5631096121;Ecole maternelle les champions de demain;;ecole_maternelle;École maternelle;maternelle;non_indique;abomey-calavi;;6.429754;2.330542;https://www.openstreetmap.org/node/5631096121;cartographie_collaborative;Type déduit du nom de l'établissement.
REF-OSM-node-5631096969;Instituit Paul de Tasse;;universite;Université;superieur;non_indique;abomey-calavi;;6.426479;2.340204;https://www.openstreetmap.org/node/5631096969;cartographie_collaborative;Type déduit des attributs OpenStreetMap.
REF-OSM-node-5688352232;Csp Félix Houphouët-Boigny;;a_preciser;Établissement scolaire (type à préciser);;non_indique;cotonou;;6.389488;2.381179;https://www.openstreetmap.org/node/5688352232;cartographie_collaborative;Type à préciser : aucun indice fiable dans OpenStreetMap.
REF-OSM-node-5702790738;Complexe Scolaire le Wagon;;complexe_scolaire;Complexe scolaire;maternelle|primaire;non_indique;adjarra;;6.512546;2.648261;https://www.openstreetmap.org/node/5702790738;cartographie_collaborative;Type déduit du nom de l'établissement.
REF-OSM-node-5702845128;"Complexe Scolaire Privé ""Savoir en eau Vive""";;complexe_scolaire;Complexe scolaire;maternelle|primaire;prive;abomey-calavi;;6.472897;2.335969;https://www.openstreetmap.org/node/5702845128;cartographie_collaborative;Type déduit du nom de l'établissement.
REF-OSM-node-5747965807;"Complexe scolaire ""Le Flambeau""";;complexe_scolaire;Complexe scolaire;maternelle|primaire;non_indique;seme-podji;;6.395300;2.589866;https://www.openstreetmap.org/node/5747965807;cartographie_collaborative;Type déduit du nom de l'établissement.
REF-OSM-node-5749223097;École primaire publique de posé groupe D &E;;a_preciser;Établissement scolaire (type à préciser);;public;pobe;;6.986201;2.666455;https://www.openstreetmap.org/node/5749223097;cartographie_collaborative;Type à préciser : aucun indice fiable dans OpenStreetMap.
REF-OSM-node-5749223098;Lycée technique de pobè;;lycee_technique;Lycée technique;technique;non_indique;pobe;;6.998689;2.671332;https://www.openstreetmap.org/node/5749223098;cartographie_collaborative;Type déduit du nom de l'établissement.
REF-OSM-node-5749223099;École primaire publique d'illèkpa;;a_preciser;Établissement scolaire (type à préciser);;public;pobe;;7.067069;2.646285;https://www.openstreetmap.org/node/5749223099;cartographie_collaborative;Type à préciser : aucun indice fiable dans OpenStreetMap.
REF-OSM-node-5749224542;Complexe scolaire publique pour nord, groupe A;;complexe_scolaire;Complexe scolaire;maternelle|primaire;public;pobe;;6.986150;2.670271;https://www.openstreetmap.org/node/5749224542;cartographie_collaborative;Type déduit du nom de l'établissement.
REF-OSM-node-5749225191;École primaire publique d'ita-bolarinwa;;a_preciser;Établissement scolaire (type à préciser);;public;adja-ouere;;6.904601;2.619696;https://www.openstreetmap.org/node/5749225191;cartographie_collaborative;Type à préciser : aucun indice fiable dans OpenStreetMap.
REF-OSM-node-5749225681;Complexe scolaire publique pobè nord groupe C;;complexe_scolaire;Complexe scolaire;maternelle|primaire;public;pobe;;6.986160;2.671290;https://www.openstreetmap.org/node/5749225681;cartographie_collaborative;Type déduit du nom de l'établissement.
REF-OSM-node-5749225682;École primaire publique pobè nord groupe B;;a_preciser;Établissement scolaire (type à préciser);;public;pobe;;6.985922;2.671025;https://www.openstreetmap.org/node/5749225682;cartographie_collaborative;Type à préciser : aucun indice fiable dans OpenStreetMap.
REF-OSM-node-5749226091;Circonscription scolaire de Pobè;;a_preciser;Établissement scolaire (type à préciser);;non_indique;pobe;;6.979226;2.657021;https://www.openstreetmap.org/node/5749226091;cartographie_collaborative;Type à préciser : aucun indice fiable dans OpenStreetMap.
REF-OSM-node-5749226092;CEG 3 POBE AKOUHO;;college;Collège d'enseignement général (CEG);secondaire;public;pobe;;6.990752;2.643130;https://www.openstreetmap.org/node/5749226092;cartographie_collaborative;Type déduit du nom de l'établissement.
REF-OSM-node-5749226407;CEG POBÈ;;college;Collège d'enseignement général (CEG);secondaire;public;pobe;;6.984012;2.663701;https://www.openstreetmap.org/node/5749226407;cartographie_collaborative;Type déduit du nom de l'établissement.
REF-OSM-node-5749227549;Complexe scolaire privé espoir de pobè;;complexe_scolaire;Complexe scolaire;maternelle|primaire;prive;pobe;;6.977313;2.653469;https://www.openstreetmap.org/node/5749227549;cartographie_collaborative;Type déduit du nom de l'établissement.
REF-OSM-node-5749227635;Collège catholique sainte claire de pobè;;college;Collège;secondaire;confessionnel;pobe;;6.983748;2.664125;https://www.openstreetmap.org/node/5749227635;cartographie_collaborative;Type déduit du nom de l'établissement.
REF-OSM-node-5749227642;CEG ISSABA;;college;Collège d'enseignement général (CEG);secondaire;public;pobe;;7.086533;2.636590;https://www.openstreetmap.org/node/5749227642;cartographie_collaborative;Type déduit du nom de l'établissement.
REF-OSM-node-5749227900;EPP D'ISSABA;;ecole_primaire;École primaire;primaire;public;pobe;;7.089923;2.635110;https://www.openstreetmap.org/node/5749227900;cartographie_collaborative;Type déduit du nom de l'établissement.
REF-OSM-node-5749227902;EPP ONIGBOLO-USINE A/B;;ecole_primaire;École primaire;primaire;public;pobe;;7.162670;2.653075;https://www.openstreetmap.org/node/5749227902;cartographie_collaborative;Type déduit du nom de l'établissement.
REF-OSM-node-5749228213;CEG ONIGBOLO;;college;Collège d'enseignement général (CEG);secondaire;public;pobe;;7.175156;2.651079;https://www.openstreetmap.org/node/5749228213;cartographie_collaborative;Type déduit du nom de l'établissement.
REF-OSM-node-5749228214;EPP ONIGBOLO VILLAGE;;ecole_primaire;École primaire;primaire;public;pobe;;7.190534;2.648198;https://www.openstreetmap.org/node/5749228214;cartographie_collaborative;Type déduit du nom de l'établissement.
REF-OSM-node-5749228353;EPP ODO-META;;ecole_primaire;École primaire;primaire;public;ketou;;7.208783;2.644797;https://www.openstreetmap.org/node/5749228353;cartographie_collaborative;Type déduit du nom de l'établissement.
REF-OSM-node-5749228360;Complexe scolaire privé nonvidé;;complexe_scolaire;Complexe scolaire;maternelle|primaire;prive;adja-ouere;;6.966570;2.649314;https://www.openstreetmap.org/node/5749228360;cartographie_collaborative;Type déduit du nom de l'établissement.
REF-OSM-node-5749228411;EPP OGOUKPATE;;ecole_primaire;École primaire;primaire;public;adja-ouere;;6.913195;2.626082;https://www.openstreetmap.org/node/5749228411;cartographie_collaborative;Type déduit du nom de l'établissement.
REF-OSM-node-5749228743;EPP KOKOROKEHOUN;;ecole_primaire;École primaire;primaire;public;adja-ouere;;6.950109;2.640526;https://www.openstreetmap.org/node/5749228743;cartographie_collaborative;Type déduit du nom de l'établissement.
REF-OSM-node-5749795307;Les Lauriers;;a_preciser;Établissement scolaire (type à préciser);;non_indique;cotonou;;6.353723;2.375201;https://www.openstreetmap.org/node/5749795307;cartographie_collaborative;Type à préciser : aucun indice fiable dans OpenStreetMap.
REF-OSM-node-5764235847;Collège Robert Djidonou;;college;Collège;secondaire;non_indique;porto-novo;;6.491734;2.623550;https://www.openstreetmap.org/node/5764235847;cartographie_collaborative;Type déduit du nom de l'établissement.
REF-OSM-node-5764262964;Complexe Scolaire Les Anges;;complexe_scolaire;Complexe scolaire;maternelle|primaire;non_indique;porto-novo;;6.479538;2.607627;https://www.openstreetmap.org/node/5764262964;cartographie_collaborative;Type déduit du nom de l'établissement.
REF-OSM-node-5766196446;Complexe scolaire les Jambettes;;complexe_scolaire;Complexe scolaire;maternelle|primaire;non_indique;porto-novo;;6.501028;2.606570;https://www.openstreetmap.org/node/5766196446;cartographie_collaborative;Type déduit du nom de l'établissement.
REF-OSM-node-5775502656;Collège d'enseignement général Serou;;college;Collège d'enseignement général (CEG);secondaire;non_indique;djougou;;9.660851;1.704604;https://www.openstreetmap.org/node/5775502656;cartographie_collaborative;Type déduit du nom de l'établissement.
REF-OSM-node-5775510953;École primaire publique Yebessi;;a_preciser;Établissement scolaire (type à préciser);;public;tchaourou;;9.353137;2.127001;https://www.openstreetmap.org/node/5775510953;cartographie_collaborative;Type à préciser : aucun indice fiable dans OpenStreetMap.
REF-OSM-node-5775510954;Wewe1;;a_preciser;Établissement scolaire (type à préciser);;non_indique;tchaourou;;9.381819;2.117344;https://www.openstreetmap.org/node/5775510954;cartographie_collaborative;Type à préciser : aucun indice fiable dans OpenStreetMap.
REF-OSM-node-5781638505;Complexe Scolaire de Passagnon;;complexe_scolaire;Complexe scolaire;maternelle|primaire;non_indique;bohicon;;7.247312;2.074662;https://www.openstreetmap.org/node/5781638505;cartographie_collaborative;Type déduit du nom de l'établissement.
REF-OSM-node-5781853910;Epp Nassara;;ecole_primaire;École primaire;primaire;public;tchaourou;;8.930247;2.588453;https://www.openstreetmap.org/node/5781853910;cartographie_collaborative;Type déduit du nom de l'établissement.
REF-OSM-node-5782465638;Collège d'Enseignement Général 1 de Tanguièta;;college;Collège d'enseignement général (CEG);secondaire;public;tanguieta;;10.627069;1.270302;https://www.openstreetmap.org/node/5782465638;cartographie_collaborative;Type déduit du nom de l'établissement.
REF-OSM-node-5786704774;Complexe Scolaire Privée le PROGRES;;complexe_scolaire;Complexe scolaire;maternelle|primaire;prive;tanguieta;;10.614621;1.263176;https://www.openstreetmap.org/node/5786704774;cartographie_collaborative;Type déduit du nom de l'établissement.
REF-OSM-node-5786704775;Complexe Scolaire Catholique Père CHAZAL;;complexe_scolaire;Complexe scolaire;maternelle|primaire;confessionnel;tanguieta;;10.612735;1.258814;https://www.openstreetmap.org/node/5786704775;cartographie_collaborative;Type déduit du nom de l'établissement.
REF-OSM-node-5786704776;Collège Père CHAZAL;;college;Collège;secondaire;non_indique;tanguieta;;10.611807;1.257791;https://www.openstreetmap.org/node/5786704776;cartographie_collaborative;Type déduit du nom de l'établissement.
REF-OSM-node-5786882623;Le Progrès;;a_preciser;Établissement scolaire (type à préciser);;non_indique;tanguieta;;10.614670;1.263197;https://www.openstreetmap.org/node/5786882623;cartographie_collaborative;Type à préciser : aucun indice fiable dans OpenStreetMap.
REF-OSM-node-5787700621;CEG 2 de Tanguieta;;college;Collège d'enseignement général (CEG);secondaire;public;tanguieta;;10.631705;1.255285;https://www.openstreetmap.org/node/5787700621;cartographie_collaborative;Type déduit du nom de l'établissement.
REF-OSM-node-5787702794;Epp tchoutchoubou Quartier;;ecole_primaire;École primaire;primaire;public;tanguieta;;10.627960;1.262777;https://www.openstreetmap.org/node/5787702794;cartographie_collaborative;Type déduit du nom de l'établissement.
REF-OSM-node-5794026204;Ecole primaire privee des Assemblée de Dieu;;ecole_primaire;École primaire;primaire;prive;tanguieta;;10.621110;1.266108;https://www.openstreetmap.org/node/5794026204;cartographie_collaborative;Type déduit du nom de l'établissement.
REF-OSM-node-5794060848;EPP Cocota;;ecole_primaire;École primaire;primaire;public;toucountouna;;10.436208;1.364591;https://www.openstreetmap.org/node/5794060848;cartographie_collaborative;Type déduit du nom de l'établissement.
REF-OSM-node-5794075307;Complexe Scolaire Dieu de Victoire;;complexe_scolaire;Complexe scolaire;maternelle|primaire;non_indique;abomey-calavi;;6.451813;2.342973;https://www.openstreetmap.org/node/5794075307;cartographie_collaborative;Type déduit du nom de l'établissement.
REF-OSM-node-5795857657;Centre d'alphabétisation de Ouaké;;a_preciser;Établissement scolaire (type à préciser);;non_indique;ouake;;9.674746;1.389912;https://www.openstreetmap.org/node/5795857657;cartographie_collaborative;Type à préciser : aucun indice fiable dans OpenStreetMap.
REF-OSM-node-5795857660;EPP Sonaholou;;ecole_primaire;École primaire;primaire;public;ouake;;9.684349;1.394101;https://www.openstreetmap.org/node/5795857660;cartographie_collaborative;Type déduit du nom de l'établissement.
REF-OSM-node-5796076905;Epp Binazon;;ecole_primaire;École primaire;primaire;public;cotonou;;6.372145;2.416103;https://www.openstreetmap.org/node/5796076905;cartographie_collaborative;Type déduit du nom de l'établissement.
REF-OSM-node-5796076907;Complexe scolaire Nord-Sud;;complexe_scolaire;Complexe scolaire;maternelle|primaire;non_indique;cotonou;;6.371886;2.415594;https://www.openstreetmap.org/node/5796076907;cartographie_collaborative;Type déduit du nom de l'établissement.
REF-OSM-node-5799355053;Collège Pacôme YAMADJAKO;;college;Collège;secondaire;non_indique;cotonou;;6.371512;2.408558;https://www.openstreetmap.org/node/5799355053;cartographie_collaborative;Type déduit du nom de l'établissement.
REF-OSM-node-5799359300;Complexe scolaire sikè-nord;;complexe_scolaire;Complexe scolaire;maternelle|primaire;non_indique;cotonou;;6.378132;2.414115;https://www.openstreetmap.org/node/5799359300;cartographie_collaborative;Type déduit du nom de l'établissement.
REF-OSM-node-5811711455;CS bilingue Jules William;;a_preciser;Établissement scolaire (type à préciser);;non_indique;cotonou;;6.357684;2.369360;https://www.openstreetmap.org/node/5811711455;cartographie_collaborative;Type à préciser : aucun indice fiable dans OpenStreetMap.
REF-OSM-node-5881693186;École primaire publique Foly;;a_preciser;Établissement scolaire (type à préciser);;public;za-kpota;;7.203393;2.144651;https://www.openstreetmap.org/node/5881693186;cartographie_collaborative;Type à préciser : aucun indice fiable dans OpenStreetMap.
REF-OSM-node-5881693685;École primaire Adawémè;;a_preciser;Établissement scolaire (type à préciser);;non_indique;za-kpota;;7.234510;2.106347;https://www.openstreetmap.org/node/5881693685;cartographie_collaborative;Type à préciser : aucun indice fiable dans OpenStreetMap.
REF-OSM-node-5892776956;CS le retout de l'espoir;;a_preciser;Établissement scolaire (type à préciser);;non_indique;abomey-calavi;;6.518080;2.363276;https://www.openstreetmap.org/node/5892776956;cartographie_collaborative;Type à préciser : aucun indice fiable dans OpenStreetMap.
REF-OSM-node-5908482391;Collège d'enseignement général de Houngome;;college;Collège d'enseignement général (CEG);secondaire;non_indique;za-kpota;;7.194751;2.133518;https://www.openstreetmap.org/node/5908482391;cartographie_collaborative;Type déduit du nom de l'établissement.
REF-OSM-node-5933601185;Complexe Scolaire Peniel;;complexe_scolaire;Complexe scolaire;maternelle|primaire;non_indique;abomey-calavi;;6.462322;2.341545;https://www.openstreetmap.org/node/5933601185;cartographie_collaborative;Type déduit du nom de l'établissement.
REF-OSM-node-5962984391;Université Sunu;;universite;Université;superieur;non_indique;cotonou;;6.356483;2.427594;https://www.openstreetmap.org/node/5962984391;cartographie_collaborative;Type déduit du nom de l'établissement.
REF-OSM-node-5981084914;Complexe Scolaire Franco-Arabe de Ouidah;;complexe_scolaire;Complexe scolaire;maternelle|primaire;non_indique;ouidah;;6.356655;2.081602;https://www.openstreetmap.org/node/5981084914;cartographie_collaborative;Type déduit du nom de l'établissement.
REF-OSM-node-5981084922;Complexe Scolaire la Source du Succès;;complexe_scolaire;Complexe scolaire;maternelle|primaire;non_indique;ouidah;;6.356235;2.076557;https://www.openstreetmap.org/node/5981084922;cartographie_collaborative;Type déduit du nom de l'établissement.
REF-OSM-node-6020481101;Complexe scolaire Les Oliviers Verdoyants;;complexe_scolaire;Complexe scolaire;maternelle|primaire;non_indique;kpomasse;;6.361868;2.054044;https://www.openstreetmap.org/node/6020481101;cartographie_collaborative;Type déduit du nom de l'établissement.
REF-OSM-node-6020489927;Lycee Technique Ouidah;;lycee_technique;Lycée technique;technique;non_indique;ouidah;;6.359035;2.072314;https://www.openstreetmap.org/node/6020489927;cartographie_collaborative;Type déduit du nom de l'établissement.
REF-OSM-node-6020492881;Lycee des jeunes filles de Ouidah;;lycee_general;Lycée;secondaire;non_indique;ouidah;;6.357445;2.063396;https://www.openstreetmap.org/node/6020492881;cartographie_collaborative;Type déduit du nom de l'établissement.
REF-OSM-node-6020495288;CEG1 Ouidah;;a_preciser;Établissement scolaire (type à préciser);;non_indique;ouidah;;6.359003;2.063587;https://www.openstreetmap.org/node/6020495288;cartographie_collaborative;Type à préciser : aucun indice fiable dans OpenStreetMap.
REF-OSM-node-6042600892;Cs de GRECE;;a_preciser;Établissement scolaire (type à préciser);;non_indique;ouidah;;6.366201;2.086148;https://www.openstreetmap.org/node/6042600892;cartographie_collaborative;Type à préciser : aucun indice fiable dans OpenStreetMap.
REF-OSM-node-6042617320;Lycée Epam;;lycee_general;Lycée;secondaire;non_indique;ouidah;;6.359232;2.086450;https://www.openstreetmap.org/node/6042617320;cartographie_collaborative;Type déduit du nom de l'établissement.
REF-OSM-node-6042617892;Cs Bilingue Jean Christine Guy-Urbain;;a_preciser;Établissement scolaire (type à préciser);;non_indique;seme-podji;;6.371610;2.508775;https://www.openstreetmap.org/node/6042617892;cartographie_collaborative;Type à préciser : aucun indice fiable dans OpenStreetMap.
REF-OSM-node-6042617898;Cs Fonsaramè Groupe A/B;;a_preciser;Établissement scolaire (type à préciser);;non_indique;ouidah;;6.369103;2.087405;https://www.openstreetmap.org/node/6042617898;cartographie_collaborative;Type à préciser : aucun indice fiable dans OpenStreetMap.
REF-OSM-node-6042617906;Cs de Brésil;;a_preciser;Établissement scolaire (type à préciser);;non_indique;ouidah;;6.352714;2.086319;https://www.openstreetmap.org/node/6042617906;cartographie_collaborative;Type à préciser : aucun indice fiable dans OpenStreetMap.
REF-OSM-node-6042617907;École catholique notre Dame;;a_preciser;Établissement scolaire (type à préciser);;confessionnel;ouidah;;6.358893;2.085028;https://www.openstreetmap.org/node/6042617907;cartographie_collaborative;Type à préciser : aucun indice fiable dans OpenStreetMap.
REF-OSM-node-6042618054;Le Saint esprit Educateur;;a_preciser;Établissement scolaire (type à préciser);;confessionnel;ouidah;;6.359068;2.086901;https://www.openstreetmap.org/node/6042618054;cartographie_collaborative;Type à préciser : aucun indice fiable dans OpenStreetMap.
REF-OSM-node-6042618141;École maternelle publique Kindji;;ecole_maternelle;École maternelle;maternelle;public;ouidah;;6.359079;2.084265;https://www.openstreetmap.org/node/6042618141;cartographie_collaborative;Type déduit du nom de l'établissement.
REF-OSM-node-6060566985;École Montaigne;;a_preciser;Établissement scolaire (type à préciser);;non_indique;cotonou;;6.351891;2.394665;https://www.openstreetmap.org/node/6060566985;cartographie_collaborative;Type à préciser : aucun indice fiable dans OpenStreetMap.
REF-OSM-node-6073225882;CEG SAKETE;;college;Collège d'enseignement général (CEG);secondaire;public;sakete;;6.730809;2.651991;https://www.openstreetmap.org/node/6073225882;cartographie_collaborative;Type déduit du nom de l'établissement.
REF-OSM-node-6079853888;IMSP (Ancien bâtiment);;superieur_ou_formation;Enseignement supérieur ou formation;superieur|technique;non_indique;porto-novo;;6.481388;2.612686;https://www.openstreetmap.org/node/6079853888;cartographie_collaborative;Type déduit des attributs OpenStreetMap.
REF-OSM-node-6090816602;CEG1 IKPINLE;;a_preciser;Établissement scolaire (type à préciser);;non_indique;adja-ouere;;6.887238;2.618183;https://www.openstreetmap.org/node/6090816602;cartographie_collaborative;Type à préciser : aucun indice fiable dans OpenStreetMap.
REF-OSM-node-6090823680;Dipolme de Formation des enseignants et de perfectionnement des capacités d'adja-ouère;;a_preciser;Établissement scolaire (type à préciser);;non_indique;adja-ouere;;6.962816;2.607435;https://www.openstreetmap.org/node/6090823680;cartographie_collaborative;Type à préciser : aucun indice fiable dans OpenStreetMap.
REF-OSM-node-6090825000;Ecole primaire publique d'Igoissi;;ecole_primaire;École primaire;primaire;public;adja-ouere;;6.964660;2.607232;https://www.openstreetmap.org/node/6090825000;cartographie_collaborative;Type déduit du nom de l'établissement.
REF-OSM-node-6095443986;Circonscription scolaire;;a_preciser;Établissement scolaire (type à préciser);;non_indique;djakotomey;;6.909368;1.711160;https://www.openstreetmap.org/node/6095443986;cartographie_collaborative;Type à préciser : aucun indice fiable dans OpenStreetMap.
REF-OSM-node-6137358170;CS Les Madarins;;a_preciser;Établissement scolaire (type à préciser);;non_indique;abomey-calavi;;6.440366;2.309014;https://www.openstreetmap.org/node/6137358170;cartographie_collaborative;Type à préciser : aucun indice fiable dans OpenStreetMap.
REF-OSM-node-6137423061;Groupe Scolaire La Farandole;;complexe_scolaire;Complexe scolaire;maternelle|primaire;non_indique;abomey-calavi;;6.438221;2.308990;https://www.openstreetmap.org/node/6137423061;cartographie_collaborative;Type déduit du nom de l'établissement.
REF-OSM-node-6139424683;École Primaire Publique de Sozoun;;a_preciser;Établissement scolaire (type à préciser);;public;djidja;;7.267429;2.028116;https://www.openstreetmap.org/node/6139424683;cartographie_collaborative;Type à préciser : aucun indice fiable dans OpenStreetMap.
REF-OSM-node-6139435066;Collège d'enseignement général de Passagon;;college;Collège d'enseignement général (CEG);secondaire;non_indique;bohicon;;7.249539;2.072288;https://www.openstreetmap.org/node/6139435066;cartographie_collaborative;Type déduit du nom de l'établissement.
REF-OSM-node-6139435785;Complexe scolaire Adjoko groupe A;;complexe_scolaire;Complexe scolaire;maternelle|primaire;non_indique;za-kpota;;7.251625;2.095965;https://www.openstreetmap.org/node/6139435785;cartographie_collaborative;Type déduit du nom de l'établissement.
REF-OSM-node-6140879189;École primaire publique Hezonho;;a_preciser;Établissement scolaire (type à préciser);;public;bohicon;;7.168839;2.075616;https://www.openstreetmap.org/node/6140879189;cartographie_collaborative;Type à préciser : aucun indice fiable dans OpenStreetMap.
REF-OSM-node-6152908589;CEG Ouidah;;college;Collège d'enseignement général (CEG);secondaire;public;ouidah;;6.378530;2.071509;https://www.openstreetmap.org/node/6152908589;cartographie_collaborative;Type déduit du nom de l'établissement.
REF-OSM-node-6164343259;Epp sowe;;ecole_primaire;École primaire;primaire;public;zagnanado;;7.439739;2.309970;https://www.openstreetmap.org/node/6164343259;cartographie_collaborative;Type déduit du nom de l'établissement.
REF-OSM-node-6164343262;Epp Igbogougou;;ecole_primaire;École primaire;primaire;public;ketou;;7.542761;2.542232;https://www.openstreetmap.org/node/6164343262;cartographie_collaborative;Type déduit du nom de l'établissement.
REF-OSM-node-6164348077;Epp Gossoe;;ecole_primaire;École primaire;primaire;public;dassa-zoume;;7.517741;2.303644;https://www.openstreetmap.org/node/6164348077;cartographie_collaborative;Type déduit du nom de l'établissement.
REF-OSM-node-6164348078;Epp agbodohoun;;ecole_primaire;École primaire;primaire;public;cove;;7.412321;2.306693;https://www.openstreetmap.org/node/6164348078;cartographie_collaborative;Type déduit du nom de l'établissement.
REF-OSM-node-6164348079;Epp sohoue n'dokpo;;ecole_primaire;École primaire;primaire;public;zagnanado;;7.315524;2.341924;https://www.openstreetmap.org/node/6164348079;cartographie_collaborative;Type déduit du nom de l'établissement.
REF-OSM-node-6164348080;Epp don;;ecole_primaire;École primaire;primaire;public;zagnanado;;7.254323;2.379627;https://www.openstreetmap.org/node/6164348080;cartographie_collaborative;Type déduit du nom de l'établissement.
REF-OSM-node-6164348546;CEG GOSSOE;;college;Collège d'enseignement général (CEG);secondaire;public;dassa-zoume;;7.508056;2.303863;https://www.openstreetmap.org/node/6164348546;cartographie_collaborative;Type déduit du nom de l'établissement.
REF-OSM-node-6164348547;Epp towego;;ecole_primaire;École primaire;primaire;public;cove;;7.367725;2.316156;https://www.openstreetmap.org/node/6164348547;cartographie_collaborative;Type déduit du nom de l'établissement.
REF-OSM-node-6164348548;Epp tan;;ecole_primaire;École primaire;primaire;public;zagnanado;;7.274097;2.371112;https://www.openstreetmap.org/node/6164348548;cartographie_collaborative;Type déduit du nom de l'établissement.
REF-OSM-node-6164348549;CEG don;;college;Collège d'enseignement général (CEG);secondaire;public;zagnanado;;7.250732;2.381648;https://www.openstreetmap.org/node/6164348549;cartographie_collaborative;Type déduit du nom de l'établissement.
REF-OSM-node-6176804164;Epp Kolly;;ecole_primaire;École primaire;primaire;public;ketou;;7.431472;2.785139;https://www.openstreetmap.org/node/6176804164;cartographie_collaborative;Type déduit du nom de l'établissement.
REF-OSM-node-6294705885;Le Bon Berger de Godomey;;complexe_scolaire;Complexe scolaire;maternelle|primaire;non_indique;abomey-calavi;;6.387715;2.349873;https://www.openstreetmap.org/node/6294705885;cartographie_collaborative;Type déduit du nom de l'établissement.
REF-OSM-node-6329214285;EPP Tampobre;;ecole_primaire;École primaire;primaire;public;toucountouna;;10.563209;1.558678;https://www.openstreetmap.org/node/6329214285;cartographie_collaborative;Type déduit du nom de l'établissement.
REF-OSM-node-6329214286;CEG1 d'Avrankou;;a_preciser;Établissement scolaire (type à préciser);;non_indique;avrankou;;6.561121;2.661678;https://www.openstreetmap.org/node/6329214286;cartographie_collaborative;Type à préciser : aucun indice fiable dans OpenStreetMap.
REF-OSM-node-6329214385;EPP Fo-Mama;;ecole_primaire;École primaire;primaire;public;kouande;;10.840354;1.843596;https://www.openstreetmap.org/node/6329214385;cartographie_collaborative;Type déduit du nom de l'établissement.
REF-OSM-node-6347064185;Complexe Scolaire MAHOUDJRO;;complexe_scolaire;Complexe scolaire;maternelle|primaire;non_indique;abomey-calavi;;6.400155;2.257645;https://www.openstreetmap.org/node/6347064185;cartographie_collaborative;Type déduit du nom de l'établissement.
REF-OSM-node-6349028187;École catholique Laudato Si;;a_preciser;Établissement scolaire (type à préciser);;confessionnel;ifangni;;6.644879;2.708279;https://www.openstreetmap.org/node/6349028187;cartographie_collaborative;Type à préciser : aucun indice fiable dans OpenStreetMap.
REF-OSM-node-6361361026;Sèmé City;;a_preciser;Établissement scolaire (type à préciser);;non_indique;cotonou;;6.350542;2.408397;https://www.openstreetmap.org/node/6361361026;cartographie_collaborative;Type à préciser : aucun indice fiable dans OpenStreetMap.
REF-OSM-node-6383183759;Centre de formation professionelle d'Abomey;;centre_formation_professionnelle;Centre de formation professionnelle;technique;non_indique;abomey;Etat;7.194170;1.981290;https://www.openstreetmap.org/node/6383183759;cartographie_collaborative;Type déduit du nom de l'établissement.
REF-OSM-node-6412162012;Ecole Maternelle de Sagan;;ecole_maternelle;École maternelle;maternelle;non_indique;allada;;6.744340;2.123746;https://www.openstreetmap.org/node/6412162012;cartographie_collaborative;Type déduit du nom de l'établissement.
REF-OSM-node-6412162013;Ecole Primaire Publique de Sangan;;ecole_primaire;École primaire;primaire;public;allada;;6.744673;2.124505;https://www.openstreetmap.org/node/6412162013;cartographie_collaborative;Type déduit du nom de l'établissement.
REF-OSM-node-6468195587;video leader;;a_preciser;Établissement scolaire (type à préciser);;non_indique;cotonou;;6.364644;2.384952;https://www.openstreetmap.org/node/6468195587;cartographie_collaborative;Type à préciser : aucun indice fiable dans OpenStreetMap.
REF-OSM-node-6468224286;Ecole primaire publique Tchèhèlou;;ecole_primaire;École primaire;primaire;public;abomey;;7.181235;1.980890;https://www.openstreetmap.org/node/6468224286;cartographie_collaborative;Type déduit du nom de l'établissement.
REF-OSM-node-6468781420;Ecole Franco arabe;;a_preciser;Établissement scolaire (type à préciser);;non_indique;parakou;;9.318890;2.641381;https://www.openstreetmap.org/node/6468781420;cartographie_collaborative;Type à préciser : aucun indice fiable dans OpenStreetMap.
REF-OSM-node-6475127586;Complexe scolaire privee;;complexe_scolaire;Complexe scolaire;maternelle|primaire;prive;bohicon;;7.178066;2.056641;https://www.openstreetmap.org/node/6475127586;cartographie_collaborative;Type déduit du nom de l'établissement.
REF-OSM-node-6477870855;Epp OGBELADJA;;ecole_primaire;École primaire;primaire;public;ketou;;7.396886;2.520498;https://www.openstreetmap.org/node/6477870855;cartographie_collaborative;Type déduit du nom de l'établissement.
REF-OSM-node-6477870856;Epp Inanssè;;ecole_primaire;École primaire;primaire;public;ketou;;7.411370;2.572288;https://www.openstreetmap.org/node/6477870856;cartographie_collaborative;Type déduit du nom de l'établissement.
REF-OSM-node-6477871148;Epp Atanka;;ecole_primaire;École primaire;primaire;public;ketou;;7.241978;2.718587;https://www.openstreetmap.org/node/6477871148;cartographie_collaborative;Type déduit du nom de l'établissement.
REF-OSM-node-6477871150;Epp Adjélanwa;;ecole_primaire;École primaire;primaire;public;ketou;;7.252832;2.754742;https://www.openstreetmap.org/node/6477871150;cartographie_collaborative;Type déduit du nom de l'établissement.
REF-OSM-node-6477871457;Epp Kewi;;ecole_primaire;École primaire;primaire;public;ketou;;7.266699;2.711134;https://www.openstreetmap.org/node/6477871457;cartographie_collaborative;Type déduit du nom de l'établissement.
REF-OSM-node-6477871689;Epp Igbo-Edè;;ecole_primaire;École primaire;primaire;public;pobe;;7.200397;2.717628;https://www.openstreetmap.org/node/6477871689;cartographie_collaborative;Type déduit du nom de l'établissement.
REF-OSM-node-6480950707;École privée;;a_preciser;Établissement scolaire (type à préciser);;prive;so-ava;;6.473558;2.395527;https://www.openstreetmap.org/node/6480950707;cartographie_collaborative;Type à préciser : aucun indice fiable dans OpenStreetMap.
REF-OSM-node-6480950996;CEG ganvié;;college;Collège d'enseignement général (CEG);secondaire;public;so-ava;;6.473687;2.393725;https://www.openstreetmap.org/node/6480950996;cartographie_collaborative;Type déduit du nom de l'établissement.
REF-OSM-node-6480976674;Ecole privée Saint Barthelemy;;a_preciser;Établissement scolaire (type à préciser);;prive;so-ava;;6.473565;2.395542;https://www.openstreetmap.org/node/6480976674;cartographie_collaborative;Type à préciser : aucun indice fiable dans OpenStreetMap.
REF-OSM-node-6480984523;Ecole primaire publique Ganvié A;;ecole_primaire;École primaire;primaire;public;so-ava;;6.473292;2.393488;https://www.openstreetmap.org/node/6480984523;cartographie_collaborative;Type déduit du nom de l'établissement.
REF-OSM-node-6481174756;EPP Ganvié Guedevié;;ecole_primaire;École primaire;primaire;public;so-ava;;6.472805;2.398549;https://www.openstreetmap.org/node/6481174756;cartographie_collaborative;Type déduit du nom de l'établissement.
REF-OSM-node-6481493855;École primaire public de ganvié;;a_preciser;Établissement scolaire (type à préciser);;public;so-ava;;6.473228;2.393375;https://www.openstreetmap.org/node/6481493855;cartographie_collaborative;Type à préciser : aucun indice fiable dans OpenStreetMap.
REF-OSM-node-6495322985;École catholique Saint Gérard Maiella de Kountongbé;;a_preciser;Établissement scolaire (type à préciser);;confessionnel;adjarra;Soeurs de Saint Gérard;6.498266;2.643487;https://www.openstreetmap.org/node/6495322985;cartographie_collaborative;Type à préciser : aucun indice fiable dans OpenStreetMap.
REF-OSM-node-6566144528;Complexe scolaire de Sakete;;complexe_scolaire;Complexe scolaire;maternelle|primaire;non_indique;sakete;;6.728360;2.655143;https://www.openstreetmap.org/node/6566144528;cartographie_collaborative;Type déduit du nom de l'établissement.
REF-OSM-node-6660059285;Ecole martenelle Jacqueline de Romilly;;a_preciser;Établissement scolaire (type à préciser);;non_indique;abomey-calavi;;6.410058;2.321967;https://www.openstreetmap.org/node/6660059285;cartographie_collaborative;Type à préciser : aucun indice fiable dans OpenStreetMap.
REF-OSM-node-6665609876;Complexe scolaire de Gendarmerie;;complexe_scolaire;Complexe scolaire;maternelle|primaire;non_indique;lokossa;;6.651022;1.722657;https://www.openstreetmap.org/node/6665609876;cartographie_collaborative;Type déduit du nom de l'établissement.
REF-OSM-node-6743589786;Complexe scolaire Saint Joseph de la victoire;;complexe_scolaire;Complexe scolaire;maternelle|primaire;confessionnel;abomey-calavi;;6.461676;2.334215;https://www.openstreetmap.org/node/6743589786;cartographie_collaborative;Type déduit du nom de l'établissement.
REF-OSM-node-6772330721;EPP VEKKY DOGBODJI;;ecole_primaire;École primaire;primaire;public;so-ava;;6.490596;2.419976;https://www.openstreetmap.org/node/6772330721;cartographie_collaborative;Type déduit du nom de l'établissement.
REF-OSM-node-6783137785;Cs Jacqueline de Romilly;;a_preciser;Établissement scolaire (type à préciser);;non_indique;abomey-calavi;;6.410016;2.321928;https://www.openstreetmap.org/node/6783137785;cartographie_collaborative;Type à préciser : aucun indice fiable dans OpenStreetMap.
REF-OSM-node-6876022656;EtriLabs;;a_preciser;Établissement scolaire (type à préciser);;non_indique;cotonou;;6.360360;2.394060;https://www.openstreetmap.org/node/6876022656;cartographie_collaborative;Type à préciser : aucun indice fiable dans OpenStreetMap.
REF-OSM-node-6887344734;Ecole primaire privée Guidibi & Fils;;ecole_primaire;École primaire;primaire;prive;parakou;;9.323836;2.645235;https://www.openstreetmap.org/node/6887344734;cartographie_collaborative;Type déduit du nom de l'établissement.
REF-OSM-node-6887359332;Ecole primaire publique Agbosso-Kota;;ecole_primaire;École primaire;primaire;public;bonou;;6.829333;2.509897;https://www.openstreetmap.org/node/6887359332;cartographie_collaborative;Type déduit du nom de l'établissement.
REF-OSM-node-6895156542;Kpétou-Gbadji;;a_preciser;Établissement scolaire (type à préciser);;non_indique;houeyogbe;;6.562338;1.915113;https://www.openstreetmap.org/node/6895156542;cartographie_collaborative;Type à préciser : aucun indice fiable dans OpenStreetMap.
REF-OSM-node-6895156544;Honhoué;;a_preciser;Établissement scolaire (type à préciser);;non_indique;houeyogbe;;6.545512;1.915241;https://www.openstreetmap.org/node/6895156544;cartographie_collaborative;Type à préciser : aucun indice fiable dans OpenStreetMap.
REF-OSM-node-6895156545;Dévèdji;;a_preciser;Établissement scolaire (type à préciser);;non_indique;bopa;;6.555515;1.934836;https://www.openstreetmap.org/node/6895156545;cartographie_collaborative;Type à préciser : aucun indice fiable dans OpenStreetMap.
REF-OSM-node-6895156546;Zoungbonou;;a_preciser;Établissement scolaire (type à préciser);;non_indique;houeyogbe;;6.569729;1.818333;https://www.openstreetmap.org/node/6895156546;cartographie_collaborative;Type à préciser : aucun indice fiable dans OpenStreetMap.
REF-OSM-node-6895156547;Aglé;;a_preciser;Établissement scolaire (type à préciser);;non_indique;houeyogbe;;6.555073;1.917489;https://www.openstreetmap.org/node/6895156547;cartographie_collaborative;Type à préciser : aucun indice fiable dans OpenStreetMap.
REF-OSM-node-6908374328;Complexe Scolaire Godomey HLACOMEY;;complexe_scolaire;Complexe scolaire;maternelle|primaire;non_indique;abomey-calavi;Directeur;6.391157;2.349761;https://www.openstreetmap.org/node/6908374328;cartographie_collaborative;Type déduit du nom de l'établissement.
REF-OSM-node-6908402740;Ecole Bilingue de Godomey;;a_preciser;Établissement scolaire (type à préciser);;non_indique;abomey-calavi;;6.391272;2.349768;https://www.openstreetmap.org/node/6908402740;cartographie_collaborative;Type à préciser : aucun indice fiable dans OpenStreetMap.
REF-OSM-node-6908484333;Ferdinand Oyono;;a_preciser;Établissement scolaire (type à préciser);;non_indique;abomey-calavi;;6.408001;2.337443;https://www.openstreetmap.org/node/6908484333;cartographie_collaborative;Type à préciser : aucun indice fiable dans OpenStreetMap.
REF-OSM-node-6908484334;ISEI BENIN;;a_preciser;Établissement scolaire (type à préciser);;non_indique;abomey-calavi;;6.411226;2.339873;https://www.openstreetmap.org/node/6908484334;cartographie_collaborative;Type à préciser : aucun indice fiable dans OpenStreetMap.
REF-OSM-node-6908563584;complexe scolaire bilingue auxiliatrice de dekoungbe;;complexe_scolaire;Complexe scolaire;maternelle|primaire;non_indique;abomey-calavi;;6.375506;2.327778;https://www.openstreetmap.org/node/6908563584;cartographie_collaborative;Type déduit du nom de l'établissement.
REF-OSM-node-6930033070;impact action;;a_preciser;Établissement scolaire (type à préciser);;non_indique;abomey-calavi;;6.378713;2.338458;https://www.openstreetmap.org/node/6930033070;cartographie_collaborative;Type à préciser : aucun indice fiable dans OpenStreetMap.
REF-OSM-node-6933224214;CEG Azowlisse;;college;Collège d'enseignement général (CEG);secondaire;public;adjohoun;;6.666669;2.498917;https://www.openstreetmap.org/node/6933224214;cartographie_collaborative;Type déduit du nom de l'établissement.
REF-OSM-node-6934923085;Collège Sainte Thérèse d'Avila;;college;Collège;secondaire;confessionnel;natitingou;;10.304445;1.384101;https://www.openstreetmap.org/node/6934923085;cartographie_collaborative;Type déduit du nom de l'établissement.
REF-OSM-node-6934923185;EPP Sainte Thérèse d'Avila;;ecole_primaire;École primaire;primaire;public;natitingou;;10.304409;1.383850;https://www.openstreetmap.org/node/6934923185;cartographie_collaborative;Type déduit du nom de l'établissement.
REF-OSM-node-6943889510;Complexe Scolaire Tranza A et B;;complexe_scolaire;Complexe scolaire;maternelle|primaire;non_indique;parakou;;9.352156;2.629376;https://www.openstreetmap.org/node/6943889510;cartographie_collaborative;Type déduit du nom de l'établissement.
REF-OSM-node-6989608751;La Gloire de Dieu;;a_preciser;Établissement scolaire (type à préciser);;non_indique;cotonou;;6.388079;2.426042;https://www.openstreetmap.org/node/6989608751;cartographie_collaborative;Type à préciser : aucun indice fiable dans OpenStreetMap.
REF-OSM-node-7009137085;Centre de Formation Militaire de Bembèrèkè (CFMB);;centre_formation_professionnelle;Centre de formation professionnelle;technique;non_indique;bembereke;;10.220226;2.673424;https://www.openstreetmap.org/node/7009137085;cartographie_collaborative;Type déduit du nom de l'établissement.
REF-OSM-node-7160893207;École Primaire Publique Dekoubgbé Gnikindji;;a_preciser;Établissement scolaire (type à préciser);;public;abomey-calavi;;6.374029;2.318433;https://www.openstreetmap.org/node/7160893207;cartographie_collaborative;Type à préciser : aucun indice fiable dans OpenStreetMap.
REF-OSM-node-7191382985;EPP Kagnizia;;ecole_primaire;École primaire;primaire;public;bassila;;9.303298;1.441427;https://www.openstreetmap.org/node/7191382985;cartographie_collaborative;Type déduit du nom de l'établissement.
REF-OSM-node-7215818588;CEG Sô ava;;college;Collège d'enseignement général (CEG);secondaire;public;abomey-calavi;;6.505172;2.401248;https://www.openstreetmap.org/node/7215818588;cartographie_collaborative;Type déduit du nom de l'établissement.
REF-OSM-node-7228998205;Complexe scolaire de Dame;;complexe_scolaire;Complexe scolaire;maternelle|primaire;non_indique;toffo;;6.836251;2.227418;https://www.openstreetmap.org/node/7228998205;cartographie_collaborative;Type déduit du nom de l'établissement.
REF-OSM-node-7238448585;EEP de Hontoui;;a_preciser;Établissement scolaire (type à préciser);;non_indique;aplahoue;;7.163947;1.732225;https://www.openstreetmap.org/node/7238448585;cartographie_collaborative;Type à préciser : aucun indice fiable dans OpenStreetMap.
REF-OSM-node-7271486039;Ecole Primaire Publique d'Agbocodji;;ecole_primaire;École primaire;primaire;public;abomey-calavi;;6.381167;2.324608;https://www.openstreetmap.org/node/7271486039;cartographie_collaborative;Type déduit du nom de l'établissement.
REF-OSM-node-7271662826;La spirale;;a_preciser;Établissement scolaire (type à préciser);;non_indique;abomey-calavi;;6.413283;2.346293;https://www.openstreetmap.org/node/7271662826;cartographie_collaborative;Type à préciser : aucun indice fiable dans OpenStreetMap.
REF-OSM-node-7271690890;Complexe scolaire Les champions;;complexe_scolaire;Complexe scolaire;maternelle|primaire;non_indique;abomey-calavi;;6.393955;2.336653;https://www.openstreetmap.org/node/7271690890;cartographie_collaborative;Type déduit du nom de l'établissement.
REF-OSM-node-7310710985;EPP KITIKPLI, ARRONDISSEMENT DE LEMA,  SAVALOU;;ecole_primaire;École primaire;primaire;public;savalou;;7.728246;1.672126;https://www.openstreetmap.org/node/7310710985;cartographie_collaborative;Type déduit du nom de l'établissement.
REF-OSM-node-7310710986;EPP ASSABA, BOBE, BANTE, COLLINES, BÉNIN;;ecole_primaire;École primaire;primaire;public;bante;;8.373470;1.974928;https://www.openstreetmap.org/node/7310710986;cartographie_collaborative;Type déduit du nom de l'établissement.
REF-OSM-node-7310711187;EPP IFEDON, LEMA, SAVALOU;;ecole_primaire;École primaire;primaire;public;savalou;;7.772100;1.673986;https://www.openstreetmap.org/node/7310711187;cartographie_collaborative;Type déduit du nom de l'établissement.
REF-OSM-node-7310711486;EPP TCHAHOUNKA, LEMA, SAVALOU, BENIN;;ecole_primaire;École primaire;primaire;public;savalou;;7.753675;1.689319;https://www.openstreetmap.org/node/7310711486;cartographie_collaborative;Type déduit du nom de l'établissement.
REF-OSM-node-7315424485;EPP IBERE OKETA;;ecole_primaire;École primaire;primaire;public;pobe;;6.963127;2.706222;https://www.openstreetmap.org/node/7315424485;cartographie_collaborative;Type déduit du nom de l'établissement.
REF-OSM-node-7335150785;CEG TEKPAROU;;college;Collège d'enseignement général (CEG);secondaire;public;tchaourou;;9.012778;2.586025;https://www.openstreetmap.org/node/7335150785;cartographie_collaborative;Type déduit du nom de l'établissement.
REF-OSM-node-7335176292;EPP DOVI-SOME;;ecole_primaire;École primaire;primaire;public;dassa-zoume;;7.839618;2.280839;https://www.openstreetmap.org/node/7335176292;cartographie_collaborative;Type déduit du nom de l'établissement.
REF-OSM-node-7335176387;CEG TAKPA, Toui, Ouèssè, Collines, Bénin;;college;Collège d'enseignement général (CEG);secondaire;public;ouesse;;8.758456;2.597764;https://www.openstreetmap.org/node/7335176387;cartographie_collaborative;Type déduit du nom de l'établissement.
REF-OSM-node-7335176390;CEG YAOUI;;college;Collège d'enseignement général (CEG);secondaire;public;ouesse;;8.486094;2.599006;https://www.openstreetmap.org/node/7335176390;cartographie_collaborative;Type déduit du nom de l'établissement.
REF-OSM-node-7335176393;EPP EROKOYA ZANKOUMANDON;;ecole_primaire;École primaire;primaire;public;dassa-zoume;;7.876305;2.289609;https://www.openstreetmap.org/node/7335176393;cartographie_collaborative;Type déduit du nom de l'établissement.
REF-OSM-node-7335177386;CEG AKOFODJOULE;;college;Collège d'enseignement général (CEG);secondaire;public;dassa-zoume;;7.764248;2.364672;https://www.openstreetmap.org/node/7335177386;cartographie_collaborative;Type déduit du nom de l'établissement.
REF-OSM-node-7335358986;CEG TITIROU;;college;Collège d'enseignement général (CEG);secondaire;public;parakou;;9.322027;2.626091;https://www.openstreetmap.org/node/7335358986;cartographie_collaborative;Type déduit du nom de l'établissement.
REF-OSM-node-7335363685;EPP AGBOGBOME, PAOUIGNAN, DASSA ZOUME, COLLINES, BÉNIN;;ecole_primaire;École primaire;primaire;public;ketou;;7.585612;2.468377;https://www.openstreetmap.org/node/7335363685;cartographie_collaborative;Type déduit du nom de l'établissement.
REF-OSM-node-7380043787;EPP GOVI;;ecole_primaire;École primaire;primaire;public;savalou;;7.816460;2.049357;https://www.openstreetmap.org/node/7380043787;cartographie_collaborative;Type déduit du nom de l'établissement.
REF-OSM-node-7380045688;EPP ATAKPLAKANME;;ecole_primaire;École primaire;primaire;public;savalou;;7.782609;1.739903;https://www.openstreetmap.org/node/7380045688;cartographie_collaborative;Type déduit du nom de l'établissement.
REF-OSM-node-7380045690;EPP DJAGBALO;;ecole_primaire;École primaire;primaire;public;bante;;8.428797;2.035245;https://www.openstreetmap.org/node/7380045690;cartographie_collaborative;Type déduit du nom de l'établissement.
REF-OSM-node-7415781233;Complexe scolaire l'Exemple;;complexe_scolaire;Complexe scolaire;maternelle|primaire;non_indique;abomey-calavi;;6.425671;2.317207;https://www.openstreetmap.org/node/7415781233;cartographie_collaborative;Type déduit du nom de l'établissement.
REF-OSM-node-7475237806;Ecole primaire publique Agbo-Tagon;;ecole_primaire;École primaire;primaire;public;toffo;;6.829505;2.211091;https://www.openstreetmap.org/node/7475237806;cartographie_collaborative;Type déduit du nom de l'établissement.
REF-OSM-node-7536967286;CS Gbeman 2b;;a_preciser;Établissement scolaire (type à préciser);;non_indique;abomey-calavi;;6.411611;2.302980;https://www.openstreetmap.org/node/7536967286;cartographie_collaborative;Type à préciser : aucun indice fiable dans OpenStreetMap.
REF-OSM-node-7536967385;CS Gbeman 2a;;a_preciser;Établissement scolaire (type à préciser);;non_indique;abomey-calavi;;6.403998;2.316303;https://www.openstreetmap.org/node/7536967385;cartographie_collaborative;Type à préciser : aucun indice fiable dans OpenStreetMap.
REF-OSM-node-7549974453;Ecole primaire Hadehou;;ecole_primaire;École primaire;primaire;non_indique;abomey-calavi;;6.466837;2.263968;https://www.openstreetmap.org/node/7549974453;cartographie_collaborative;Type déduit du nom de l'établissement.
REF-OSM-node-7608090022;Jardin des Élus;;superieur_ou_formation;Enseignement supérieur ou formation;superieur|technique;non_indique;cotonou;;6.362277;2.476315;https://www.openstreetmap.org/node/7608090022;cartographie_collaborative;Type déduit des attributs OpenStreetMap.
REF-OSM-node-7642731885;ECOLE PRIMAIRE PRIVÉE LA PERSÉVÉRANCE DE DJEGBE;;ecole_primaire;École primaire;primaire;prive;ouesse;;8.303233;2.406552;https://www.openstreetmap.org/node/7642731885;cartographie_collaborative;Type déduit du nom de l'établissement.
REF-OSM-node-7642732085;EPP DJEGBE CENTRE;;ecole_primaire;École primaire;primaire;public;ouesse;;8.302613;2.405930;https://www.openstreetmap.org/node/7642732085;cartographie_collaborative;Type déduit du nom de l'établissement.
REF-OSM-node-7660697208;Le jardin d'Eden;;a_preciser;Établissement scolaire (type à préciser);;non_indique;abomey-calavi;;6.467938;2.303327;https://www.openstreetmap.org/node/7660697208;cartographie_collaborative;Type à préciser : aucun indice fiable dans OpenStreetMap.
REF-OSM-node-7681380487;École primaire publique;;a_preciser;Établissement scolaire (type à préciser);;public;toffo;;6.889629;2.246397;https://www.openstreetmap.org/node/7681380487;cartographie_collaborative;Type à préciser : aucun indice fiable dans OpenStreetMap.
REF-OSM-node-7791423185;TASSI TEDJI;;a_preciser;Établissement scolaire (type à préciser);;non_indique;kandi;;11.491207;3.090426;https://www.openstreetmap.org/node/7791423185;cartographie_collaborative;Type à préciser : aucun indice fiable dans OpenStreetMap.
REF-OSM-node-7839054557;Laboratoire des Sciences et Techniques de l’Eau et de l'Environnement;;a_preciser;Établissement scolaire (type à préciser);;non_indique;abomey-calavi;;6.412679;2.338446;https://www.openstreetmap.org/node/7839054557;cartographie_collaborative;Type à préciser : aucun indice fiable dans OpenStreetMap.
REF-OSM-node-7839088358;Laboratoire d'hydraulique Appliqué;;a_preciser;Établissement scolaire (type à préciser);;non_indique;abomey-calavi;;6.412909;2.338627;https://www.openstreetmap.org/node/7839088358;cartographie_collaborative;Type à préciser : aucun indice fiable dans OpenStreetMap.
REF-OSM-node-7839124012;École primaire publique d'Ahoho;;a_preciser;Établissement scolaire (type à préciser);;public;athieme;;6.604008;1.629028;https://www.openstreetmap.org/node/7839124012;cartographie_collaborative;Type à préciser : aucun indice fiable dans OpenStreetMap.
REF-OSM-node-7845634341;Circonscription Scolaire de Toviklin;;a_preciser;Établissement scolaire (type à préciser);;non_indique;toviklin;;6.899867;1.836395;https://www.openstreetmap.org/node/7845634341;cartographie_collaborative;Type à préciser : aucun indice fiable dans OpenStreetMap.
REF-OSM-node-7856812128;Complexe scolaire les Majaumer;;complexe_scolaire;Complexe scolaire;maternelle|primaire;non_indique;abomey-calavi;;6.446660;2.339026;https://www.openstreetmap.org/node/7856812128;cartographie_collaborative;Type déduit du nom de l'établissement.
REF-OSM-node-7858378108;World CARP - Bénin;;a_preciser;Établissement scolaire (type à préciser);;non_indique;abomey-calavi;;6.430558;2.341875;https://www.openstreetmap.org/node/7858378108;cartographie_collaborative;Type à préciser : aucun indice fiable dans OpenStreetMap.
REF-OSM-node-7900249940;Ecole maternelle Bilingue la Maisonnette de l'Eveil;;ecole_maternelle;École maternelle;maternelle;non_indique;abomey-calavi;;6.449314;2.345010;https://www.openstreetmap.org/node/7900249940;cartographie_collaborative;Type déduit du nom de l'établissement.
REF-OSM-node-7902463436;FFPMU Bénin - centre de Bohicon;;a_preciser;Établissement scolaire (type à préciser);;non_indique;bohicon;;7.186737;2.054462;https://www.openstreetmap.org/node/7902463436;cartographie_collaborative;Type à préciser : aucun indice fiable dans OpenStreetMap.
REF-OSM-node-7934017488;EPP ADAME-AHITO;;ecole_primaire;École primaire;primaire;public;bohicon;;7.190030;2.060741;https://www.openstreetmap.org/node/7934017488;cartographie_collaborative;Type déduit du nom de l'établissement.
REF-OSM-node-7945339685;EPP DOKON;;ecole_primaire;École primaire;primaire;public;abomey;;7.218997;2.006056;https://www.openstreetmap.org/node/7945339685;cartographie_collaborative;Type déduit du nom de l'établissement.
REF-OSM-node-7945980659;Laboratoire de l'Hydraulique Appliquée;;a_preciser;Établissement scolaire (type à préciser);;non_indique;abomey-calavi;;6.412893;2.338651;https://www.openstreetmap.org/node/7945980659;cartographie_collaborative;Type à préciser : aucun indice fiable dans OpenStreetMap.
REF-OSM-node-8172162507;CEG Akodéha;;college;Collège d'enseignement général (CEG);secondaire;public;come;;6.468314;1.920200;https://www.openstreetmap.org/node/8172162507;cartographie_collaborative;Type déduit du nom de l'établissement.
REF-OSM-node-8246141608;École primaire privée A K;;superieur_ou_formation;Enseignement supérieur ou formation;superieur|technique;prive;kandi;;11.123271;2.941439;https://www.openstreetmap.org/node/8246141608;cartographie_collaborative;Type déduit des attributs OpenStreetMap.
REF-OSM-node-8256673535;École maternelle publique st Jean Cotonou;;ecole_maternelle;École maternelle;maternelle;public;cotonou;;6.365488;2.414526;https://www.openstreetmap.org/node/8256673535;cartographie_collaborative;Type déduit du nom de l'établissement.
REF-OSM-node-8260741495;École primaire publique Gamagou;;a_preciser;Établissement scolaire (type à préciser);;public;gogounou;;10.617008;2.751041;https://www.openstreetmap.org/node/8260741495;cartographie_collaborative;Type à préciser : aucun indice fiable dans OpenStreetMap.
REF-OSM-node-8278560660;Complexe scolaire Bouba;;complexe_scolaire;Complexe scolaire;maternelle|primaire;non_indique;seme-podji;;6.387832;2.443628;https://www.openstreetmap.org/node/8278560660;cartographie_collaborative;Type déduit du nom de l'établissement.
REF-OSM-node-8333455517;École primaire catholique Saint Emmanuel de KoKoumoulou;;a_preciser;Établissement scolaire (type à préciser);;confessionnel;ifangni;;6.619803;2.682023;https://www.openstreetmap.org/node/8333455517;cartographie_collaborative;Type à préciser : aucun indice fiable dans OpenStreetMap.
REF-OSM-node-8354625217;CBDIBA ONG;;superieur_ou_formation;Enseignement supérieur ou formation;superieur|technique;non_indique;bohicon;;7.139505;2.083953;https://www.openstreetmap.org/node/8354625217;cartographie_collaborative;Type déduit des attributs OpenStreetMap.
REF-OSM-node-8397984269;Complexe scolaire l'avenir du millénaire;;complexe_scolaire;Complexe scolaire;maternelle|primaire;non_indique;abomey-calavi;;6.451593;2.345585;https://www.openstreetmap.org/node/8397984269;cartographie_collaborative;Type déduit du nom de l'établissement.
REF-OSM-node-8428935432;Les Héritiers du Savoir;;a_preciser;Établissement scolaire (type à préciser);;non_indique;ouidah;;6.381626;2.209741;https://www.openstreetmap.org/node/8428935432;cartographie_collaborative;Type à préciser : aucun indice fiable dans OpenStreetMap.
REF-OSM-node-8431615024;Collège d'enseignement général de Paparapanga;;college;Collège d'enseignement général (CEG);secondaire;non_indique;djougou;;9.607113;1.774714;https://www.openstreetmap.org/node/8431615024;cartographie_collaborative;Type déduit du nom de l'établissement.
REF-OSM-node-8442768238;Complexe scolaire d'initiation pratique Azognon 2;;complexe_scolaire;Complexe scolaire;maternelle|primaire;non_indique;abomey-calavi;;6.448033;2.334644;https://www.openstreetmap.org/node/8442768238;cartographie_collaborative;Type déduit du nom de l'établissement.
REF-OSM-node-8478569250;Collège La Soif;;college;Collège;secondaire;non_indique;seme-podji;;6.380898;2.445148;https://www.openstreetmap.org/node/8478569250;cartographie_collaborative;Type déduit du nom de l'établissement.
REF-OSM-node-8532487826;Complexe Scolaire Calin'Ours;;complexe_scolaire;Complexe scolaire;maternelle|primaire;non_indique;cotonou;;6.363175;2.421561;https://www.openstreetmap.org/node/8532487826;cartographie_collaborative;Type déduit du nom de l'établissement.
REF-OSM-node-8535925296;EPP Fignohou;;ecole_primaire;École primaire;primaire;public;abomey-calavi;;6.372182;2.337660;https://www.openstreetmap.org/node/8535925296;cartographie_collaborative;Type déduit du nom de l'établissement.
REF-OSM-node-8536539917;CS Providence IKM;;a_preciser;Établissement scolaire (type à préciser);;non_indique;bohicon;;7.185624;2.047382;https://www.openstreetmap.org/node/8536539917;cartographie_collaborative;Type à préciser : aucun indice fiable dans OpenStreetMap.
REF-OSM-node-8560697658;Collège le Messie;;college;Collège;secondaire;non_indique;abomey-calavi;;6.357201;2.348450;https://www.openstreetmap.org/node/8560697658;cartographie_collaborative;Type déduit du nom de l'établissement.
REF-OSM-node-8626500717;École la RÉFÉRENCE;;a_preciser;Établissement scolaire (type à préciser);;non_indique;cotonou;;6.384925;2.416028;https://www.openstreetmap.org/node/8626500717;cartographie_collaborative;Type à préciser : aucun indice fiable dans OpenStreetMap.
REF-OSM-node-8701184317;EPP OKE OLA;;ecole_primaire;École primaire;primaire;public;pobe;;6.974534;2.658298;https://www.openstreetmap.org/node/8701184317;cartographie_collaborative;Type déduit du nom de l'établissement.
REF-OSM-node-8735486829;Ste Eulalie;;a_preciser;Établissement scolaire (type à préciser);;non_indique;abomey-calavi;;6.476107;2.356250;https://www.openstreetmap.org/node/8735486829;cartographie_collaborative;Type à préciser : aucun indice fiable dans OpenStreetMap.
REF-OSM-node-8752574517;Ecole EPP;;ecole_primaire;École primaire;primaire;public;ouidah;;6.376964;2.078094;https://www.openstreetmap.org/node/8752574517;cartographie_collaborative;Type déduit du nom de l'établissement.
REF-OSM-node-8807372102;Complexe scolaire VIAWE;;complexe_scolaire;Complexe scolaire;maternelle|primaire;non_indique;abomey-calavi;;6.381967;2.303538;https://www.openstreetmap.org/node/8807372102;cartographie_collaborative;Type déduit du nom de l'établissement.
REF-OSM-node-8808176973;École primaire privée SONAGNON;;a_preciser;Établissement scolaire (type à préciser);;prive;abomey-calavi;;6.385830;2.303759;https://www.openstreetmap.org/node/8808176973;cartographie_collaborative;Type à préciser : aucun indice fiable dans OpenStreetMap.
REF-OSM-node-8880442417;École Nationale Supérieure des Armées;;a_preciser;Établissement scolaire (type à préciser);;non_indique;porto-novo;;6.469590;2.618981;https://www.openstreetmap.org/node/8880442417;cartographie_collaborative;Type à préciser : aucun indice fiable dans OpenStreetMap.
REF-OSM-node-8930192715;Collège d'enseignement général Akodéha;;college;Collège d'enseignement général (CEG);secondaire;non_indique;come;;6.468378;1.919763;https://www.openstreetmap.org/node/8930192715;cartographie_collaborative;Type déduit du nom de l'établissement.
REF-OSM-node-8930266294;Complexe scolaire Akodéha;;complexe_scolaire;Complexe scolaire;maternelle|primaire;non_indique;come;;6.456575;1.920930;https://www.openstreetmap.org/node/8930266294;cartographie_collaborative;Type déduit du nom de l'établissement.
REF-OSM-node-9016992717;EPP DJAVI ZEBE;;ecole_primaire;École primaire;primaire;public;adjarra;;6.519162;2.687063;https://www.openstreetmap.org/node/9016992717;cartographie_collaborative;Type déduit du nom de l'établissement.
REF-OSM-node-9017055119;EPP ALLADAKO;;ecole_primaire;École primaire;primaire;public;adjarra;;6.506920;2.682946;https://www.openstreetmap.org/node/9017055119;cartographie_collaborative;Type déduit du nom de l'établissement.
REF-OSM-node-9019934517;EPP AYERE AGBAROU;;ecole_primaire;École primaire;primaire;public;adja-ouere;;6.963945;2.643803;https://www.openstreetmap.org/node/9019934517;cartographie_collaborative;Type déduit du nom de l'établissement.
REF-OSM-node-9020687617;EPP Zone CEB TCN;;ecole_primaire;École primaire;primaire;public;sakete;;6.734211;2.649430;https://www.openstreetmap.org/node/9020687617;cartographie_collaborative;Type déduit du nom de l'établissement.
REF-OSM-node-9020711417;École Maternelle ARAROMI;;ecole_maternelle;École maternelle;maternelle;non_indique;sakete;;6.738500;2.657035;https://www.openstreetmap.org/node/9020711417;cartographie_collaborative;Type déduit du nom de l'établissement.
REF-OSM-node-9020755019;EPPr Le temple des Leaders Site Nouveau;;ecole_primaire;École primaire;primaire;non_indique;sakete;;6.743467;2.653623;https://www.openstreetmap.org/node/9020755019;cartographie_collaborative;Type déduit du nom de l'établissement.
REF-OSM-node-9022343217;EPP TANZOUN BLIGUEDE;;ecole_primaire;École primaire;primaire;public;avrankou;;6.536589;2.626178;https://www.openstreetmap.org/node/9022343217;cartographie_collaborative;Type déduit du nom de l'établissement.
REF-OSM-node-9022638817;EPP AVALIGBO;;ecole_primaire;École primaire;primaire;public;avrankou;;6.546058;2.669311;https://www.openstreetmap.org/node/9022638817;cartographie_collaborative;Type déduit du nom de l'établissement.
REF-OSM-node-9022697418;EPP HOUEZE;;ecole_primaire;École primaire;primaire;public;avrankou;;6.562741;2.666248;https://www.openstreetmap.org/node/9022697418;cartographie_collaborative;Type déduit du nom de l'établissement.
REF-OSM-node-9022822132;Future EPP 2 SEDJE;;ecole_primaire;École primaire;primaire;public;avrankou;;6.563543;2.651488;https://www.openstreetmap.org/node/9022822132;cartographie_collaborative;Type déduit du nom de l'établissement.
REF-OSM-node-9028521117;EPP Baobab;;ecole_primaire;École primaire;primaire;public;kandi;;11.106146;2.931799;https://www.openstreetmap.org/node/9028521117;cartographie_collaborative;Type déduit du nom de l'établissement.
REF-OSM-node-9028911419;Site Vanavo;;a_preciser;Établissement scolaire (type à préciser);;non_indique;kandi;;11.136345;2.918241;https://www.openstreetmap.org/node/9028911419;cartographie_collaborative;Type à préciser : aucun indice fiable dans OpenStreetMap.
REF-OSM-node-9028944517;École Vanavo;;a_preciser;Établissement scolaire (type à préciser);;non_indique;kandi;;11.136024;2.918961;https://www.openstreetmap.org/node/9028944517;cartographie_collaborative;Type à préciser : aucun indice fiable dans OpenStreetMap.
REF-OSM-node-9028980917;CEG 3 KANDI;;college;Collège d'enseignement général (CEG);secondaire;public;kandi;;11.136923;2.923129;https://www.openstreetmap.org/node/9028980917;cartographie_collaborative;Type déduit du nom de l'établissement.
REF-OSM-node-9029560418;Gbehamey;;a_preciser;Établissement scolaire (type à préciser);;non_indique;adjarra;;6.508401;2.678064;https://www.openstreetmap.org/node/9029560418;cartographie_collaborative;Type à préciser : aucun indice fiable dans OpenStreetMap.
REF-OSM-node-9031735917;EPP WOLLO Site;;ecole_primaire;École primaire;primaire;public;malanville;;11.857897;3.377415;https://www.openstreetmap.org/node/9031735917;cartographie_collaborative;Type déduit du nom de l'établissement.
REF-OSM-node-9037327817;EPM Adjegoule;;a_preciser;Établissement scolaire (type à préciser);;non_indique;save;;8.023083;2.502878;https://www.openstreetmap.org/node/9037327817;cartographie_collaborative;Type à préciser : aucun indice fiable dans OpenStreetMap.
REF-OSM-node-9037693417;Site  CEG 3 Savè;;college;Collège d'enseignement général (CEG);secondaire;public;save;;8.049899;2.508650;https://www.openstreetmap.org/node/9037693417;cartographie_collaborative;Type déduit du nom de l'établissement.
REF-OSM-node-9037758817;EPP DAKPA;;ecole_primaire;École primaire;primaire;public;save;;8.036323;2.475274;https://www.openstreetmap.org/node/9037758817;cartographie_collaborative;Type déduit du nom de l'établissement.
REF-OSM-node-9039097617;Réserve CEG KABOLE;;college;Collège d'enseignement général (CEG);secondaire;public;glazoue;;7.952436;2.227871;https://www.openstreetmap.org/node/9039097617;cartographie_collaborative;Type déduit du nom de l'établissement.
REF-OSM-node-9039757217;Site EPP YAWA;;ecole_primaire;École primaire;primaire;public;glazoue;;7.945923;2.209624;https://www.openstreetmap.org/node/9039757217;cartographie_collaborative;Type déduit du nom de l'établissement.
REF-OSM-node-9039836017;EPP KABOLE 1;;ecole_primaire;École primaire;primaire;public;glazoue;;7.947925;2.232577;https://www.openstreetmap.org/node/9039836017;cartographie_collaborative;Type déduit du nom de l'établissement.
REF-OSM-node-9040211517;Site CEG 2;;college;Collège d'enseignement général (CEG);secondaire;public;dassa-zoume;;7.792185;2.178477;https://www.openstreetmap.org/node/9040211517;cartographie_collaborative;Type déduit du nom de l'établissement.
REF-OSM-node-9040250217;Site EPP MOUMOUDJI;;ecole_primaire;École primaire;primaire;public;dassa-zoume;;7.804236;2.181442;https://www.openstreetmap.org/node/9040250217;cartographie_collaborative;Type déduit du nom de l'établissement.
REF-OSM-node-9040478017;Réserve EPP Carrefour Tranche 1 KPEKOUTE;;ecole_primaire;École primaire;primaire;public;dassa-zoume;;7.783055;2.176628;https://www.openstreetmap.org/node/9040478017;cartographie_collaborative;Type déduit du nom de l'établissement.
REF-OSM-node-9040811117;EPM Ayedero Site;;a_preciser;Établissement scolaire (type à préciser);;non_indique;dassa-zoume;;7.786198;2.207039;https://www.openstreetmap.org/node/9040811117;cartographie_collaborative;Type à préciser : aucun indice fiable dans OpenStreetMap.
REF-OSM-node-9040884318;EPP QUARTIER LOULE 1;;ecole_primaire;École primaire;primaire;public;dassa-zoume;;7.798237;2.208524;https://www.openstreetmap.org/node/9040884318;cartographie_collaborative;Type déduit du nom de l'établissement.
REF-OSM-node-9041049418;RÉSERVE CEG 4 AYEDERO SECTEUR 5;;college;Collège d'enseignement général (CEG);secondaire;public;dassa-zoume;;7.774573;2.215198;https://www.openstreetmap.org/node/9041049418;cartographie_collaborative;Type déduit du nom de l'établissement.
REF-OSM-node-9041085117;EPP Bètou;;ecole_primaire;École primaire;primaire;public;dassa-zoume;;7.790504;2.195637;https://www.openstreetmap.org/node/9041085117;cartographie_collaborative;Type déduit du nom de l'établissement.
REF-OSM-node-9094037319;Site ÉPP d'AGBETODJI;;a_preciser;Établissement scolaire (type à préciser);;non_indique;savalou;;7.921298;1.978902;https://www.openstreetmap.org/node/9094037319;cartographie_collaborative;Type à préciser : aucun indice fiable dans OpenStreetMap.
REF-OSM-node-9094094217;Site EPP FIFADJI;;ecole_primaire;École primaire;primaire;public;savalou;;7.913955;1.985702;https://www.openstreetmap.org/node/9094094217;cartographie_collaborative;Type déduit du nom de l'établissement.
REF-OSM-node-9097191917;EPP HEZONHO face St Henri;;ecole_primaire;École primaire;primaire;public;bohicon;;7.168471;2.076029;https://www.openstreetmap.org/node/9097191917;cartographie_collaborative;Type déduit du nom de l'établissement.
REF-OSM-node-9097334617;EPP MANABOE;;ecole_primaire;École primaire;primaire;public;bohicon;;7.197581;2.083731;https://www.openstreetmap.org/node/9097334617;cartographie_collaborative;Type déduit du nom de l'établissement.
REF-OSM-node-9097601117;Site EPP DAKPA GNIDJAZOUN;;ecole_primaire;École primaire;primaire;public;bohicon;;7.203395;2.025446;https://www.openstreetmap.org/node/9097601117;cartographie_collaborative;Type déduit du nom de l'établissement.
REF-OSM-node-9100357817;EPP DJEGBE Abomey;;ecole_primaire;École primaire;primaire;public;abomey;;7.172930;2.014412;https://www.openstreetmap.org/node/9100357817;cartographie_collaborative;Type déduit du nom de l'établissement.
REF-OSM-node-9100430917;Site PRESREDI DJEGBE;;a_preciser;Établissement scolaire (type à préciser);;non_indique;abomey;;7.186271;2.014102;https://www.openstreetmap.org/node/9100430917;cartographie_collaborative;Type à préciser : aucun indice fiable dans OpenStreetMap.
REF-OSM-node-9100437817;Site EPP DJEGBE;;ecole_primaire;École primaire;primaire;public;abomey;;7.179973;2.023562;https://www.openstreetmap.org/node/9100437817;cartographie_collaborative;Type déduit du nom de l'établissement.
REF-OSM-node-9137552217;EPP PAHOU QUARTIER;;ecole_primaire;École primaire;primaire;public;ouidah;;6.381110;2.208916;https://www.openstreetmap.org/node/9137552217;cartographie_collaborative;Type déduit du nom de l'établissement.
REF-OSM-node-9137842517;Maternelle ou Centre de Santé;;ecole_maternelle;École maternelle;maternelle;non_indique;abomey-calavi;;6.377035;2.258358;https://www.openstreetmap.org/node/9137842517;cartographie_collaborative;Type déduit du nom de l'établissement.
REF-OSM-node-9137945218;EPP ACADJAMIN Jardin;;ecole_primaire;École primaire;primaire;public;abomey-calavi;;6.383819;2.268096;https://www.openstreetmap.org/node/9137945218;cartographie_collaborative;Type déduit du nom de l'établissement.
REF-OSM-node-9138093017;EPP KOUEHONOU ACADJAME;;ecole_primaire;École primaire;primaire;public;abomey-calavi;;6.390104;2.261662;https://www.openstreetmap.org/node/9138093017;cartographie_collaborative;Type déduit du nom de l'établissement.
REF-OSM-node-9182496981;Complexe Scolaire Imonlè;;complexe_scolaire;Complexe scolaire;maternelle|primaire;non_indique;abomey-calavi;;6.533954;2.366225;https://www.openstreetmap.org/node/9182496981;cartographie_collaborative;Type déduit du nom de l'établissement.
REF-OSM-node-9187974683;CEG3 C omè;;a_preciser;Établissement scolaire (type à préciser);;non_indique;come;;6.436152;1.902698;https://www.openstreetmap.org/node/9187974683;cartographie_collaborative;Type à préciser : aucun indice fiable dans OpenStreetMap.
REF-OSM-node-9280159417;PASE DROP PPN 10 CEG DJASSIN;;college;Collège d'enseignement général (CEG);secondaire;public;porto-novo;;6.476039;2.602344;https://www.openstreetmap.org/node/9280159417;cartographie_collaborative;Type déduit du nom de l'établissement.
REF-OSM-node-9293832917;EPP Complexe Scolaire Public dAvrankou Centre;;ecole_primaire;École primaire;primaire;public;avrankou;;6.552820;2.654091;https://www.openstreetmap.org/node/9293832917;cartographie_collaborative;Type déduit du nom de l'établissement.
REF-OSM-node-9310144081;La Référence;;a_preciser;Établissement scolaire (type à préciser);;non_indique;abomey-calavi;;6.483722;2.356322;https://www.openstreetmap.org/node/9310144081;cartographie_collaborative;Type à préciser : aucun indice fiable dans OpenStreetMap.
REF-OSM-node-9326860009;École primaire publique de SAHOUE-KEDJI;;a_preciser;Établissement scolaire (type à préciser);;public;houeyogbe;;6.587880;1.849125;https://www.openstreetmap.org/node/9326860009;cartographie_collaborative;Type à préciser : aucun indice fiable dans OpenStreetMap.
REF-OSM-node-9326875652;École primaire publique de ZINDJIHOUE;;a_preciser;Établissement scolaire (type à préciser);;public;houeyogbe;;6.580207;1.853682;https://www.openstreetmap.org/node/9326875652;cartographie_collaborative;Type à préciser : aucun indice fiable dans OpenStreetMap.
REF-OSM-node-9327192558;Complexe Scolaire de DOUTOU A-B-C-D;;complexe_scolaire;Complexe scolaire;maternelle|primaire;non_indique;houeyogbe;;6.571277;1.874782;https://www.openstreetmap.org/node/9327192558;cartographie_collaborative;Type déduit du nom de l'établissement.
REF-OSM-node-9339776045;Emp Domegbo;;ecole_maternelle;École maternelle;maternelle;non_indique;abomey-calavi;;6.542621;2.326793;https://www.openstreetmap.org/node/9339776045;cartographie_collaborative;Type déduit du nom de l'établissement.
REF-OSM-node-9388877701;École de base de Gbedji;;a_preciser;Établissement scolaire (type à préciser);;non_indique;porto-novo;;6.467245;2.627875;https://www.openstreetmap.org/node/9388877701;cartographie_collaborative;Type à préciser : aucun indice fiable dans OpenStreetMap.
REF-OSM-node-9529269297;EPP GOUDON;;ecole_primaire;École primaire;primaire;public;athieme;;6.563689;1.730556;https://www.openstreetmap.org/node/9529269297;cartographie_collaborative;Type déduit du nom de l'établissement.
REF-OSM-node-9560907587;Complexe Scolaire Brice Sinsin;;complexe_scolaire;Complexe scolaire;maternelle|primaire;non_indique;abomey-calavi;;6.446886;2.309264;https://www.openstreetmap.org/node/9560907587;cartographie_collaborative;Type déduit du nom de l'établissement.
REF-OSM-node-9560907592;Ecole Maternelle Brice Sinsin;;ecole_maternelle;École maternelle;maternelle;non_indique;abomey-calavi;;6.446508;2.309409;https://www.openstreetmap.org/node/9560907592;cartographie_collaborative;Type déduit du nom de l'établissement.
REF-OSM-node-9562871635;Complexe scolaire succès et excellence le PYTHAGORE;;complexe_scolaire;Complexe scolaire;maternelle|primaire;non_indique;abomey;;7.185544;2.008214;https://www.openstreetmap.org/node/9562871635;cartographie_collaborative;Type déduit du nom de l'établissement.
REF-OSM-node-9562877725;Complexe scolaire de Dogueme;;complexe_scolaire;Complexe scolaire;maternelle|primaire;non_indique;abomey;;7.198261;1.987095;https://www.openstreetmap.org/node/9562877725;cartographie_collaborative;Type déduit du nom de l'établissement.
REF-OSM-node-9563707992;Ecole Martenelle de Vidole;;a_preciser;Établissement scolaire (type à préciser);;non_indique;abomey;;7.195137;1.984609;https://www.openstreetmap.org/node/9563707992;cartographie_collaborative;Type à préciser : aucun indice fiable dans OpenStreetMap.
REF-OSM-node-9564950538;École Primaire Public de Ketou;;a_preciser;Établissement scolaire (type à préciser);;public;ketou;;7.355583;2.609312;https://www.openstreetmap.org/node/9564950538;cartographie_collaborative;Type à préciser : aucun indice fiable dans OpenStreetMap.
REF-OSM-node-9566064332;Complexe scolaire de Djimè;;complexe_scolaire;Complexe scolaire;maternelle|primaire;non_indique;abomey;;7.180942;2.023472;https://www.openstreetmap.org/node/9566064332;cartographie_collaborative;Type déduit du nom de l'établissement.
REF-OSM-node-9606056973;Ecole Primaire Publique de Sérékali A;;ecole_primaire;École primaire;primaire;public;nikki;;9.917430;3.040155;https://www.openstreetmap.org/node/9606056973;cartographie_collaborative;Type déduit du nom de l'établissement.
REF-OSM-node-9612566427;Collège d'Enseignement Général de Biro;;college;Collège d'enseignement général (CEG);secondaire;non_indique;nikki;;9.904106;2.939184;https://www.openstreetmap.org/node/9612566427;cartographie_collaborative;Type déduit du nom de l'établissement.
REF-OSM-node-9613695194;Light Innovation;;a_preciser;Établissement scolaire (type à préciser);;non_indique;parakou;;9.346229;2.638007;https://www.openstreetmap.org/node/9613695194;cartographie_collaborative;Type à préciser : aucun indice fiable dans OpenStreetMap.
REF-OSM-node-9623990915;Ecole primaire publique de Guinrou;;ecole_primaire;École primaire;primaire;public;nikki;;9.963028;2.945244;https://www.openstreetmap.org/node/9623990915;cartographie_collaborative;Type déduit du nom de l'établissement.
REF-OSM-node-9623998027;Ecole Primaire Publique de Biro;;ecole_primaire;École primaire;primaire;public;nikki;;9.912510;2.949023;https://www.openstreetmap.org/node/9623998027;cartographie_collaborative;Type déduit du nom de l'établissement.
REF-OSM-node-9625858227;Collège sainte Thérèse de l'enfant Jésus;;college;Collège;secondaire;confessionnel;abomey;;7.183413;2.014257;https://www.openstreetmap.org/node/9625858227;cartographie_collaborative;Type déduit du nom de l'établissement.
REF-OSM-node-9634538918;Centre de Formation Professionnellle d' Abomey ( CFPA);;centre_formation_professionnelle;Centre de formation professionnelle;technique;non_indique;abomey;;7.194746;1.981890;https://www.openstreetmap.org/node/9634538918;cartographie_collaborative;Type déduit du nom de l'établissement.
REF-OSM-node-9714329353;École primaire publique de Lizeme;;a_preciser;Établissement scolaire (type à préciser);;public;come;;6.440958;1.899434;https://www.openstreetmap.org/node/9714329353;cartographie_collaborative;Type à préciser : aucun indice fiable dans OpenStreetMap.
REF-OSM-node-9718261808;École Primaire Publique de LOKOHOUE;;a_preciser;Établissement scolaire (type à préciser);;public;houeyogbe;;6.480070;1.856702;https://www.openstreetmap.org/node/9718261808;cartographie_collaborative;Type à préciser : aucun indice fiable dans OpenStreetMap.
REF-OSM-node-9718307148;Collège d’enseignement général de DRE;;college;Collège;secondaire;non_indique;houeyogbe;;6.463831;1.838226;https://www.openstreetmap.org/node/9718307148;cartographie_collaborative;Type déduit du nom de l'établissement.
REF-OSM-node-9730757517;Bio Guerra Senior;;a_preciser;Établissement scolaire (type à préciser);;non_indique;parakou;;9.376975;2.633313;https://www.openstreetmap.org/node/9730757517;cartographie_collaborative;Type à préciser : aucun indice fiable dans OpenStreetMap.
REF-OSM-node-9730757717;Complexe scolaire La Volonté de Dieu;;complexe_scolaire;Complexe scolaire;maternelle|primaire;non_indique;parakou;;9.377370;2.633306;https://www.openstreetmap.org/node/9730757717;cartographie_collaborative;Type déduit du nom de l'établissement.
REF-OSM-node-9753915517;Cs la floraison;;a_preciser;Établissement scolaire (type à préciser);;non_indique;parakou;;9.360395;2.629605;https://www.openstreetmap.org/node/9753915517;cartographie_collaborative;Type à préciser : aucun indice fiable dans OpenStreetMap.
REF-OSM-node-9759156617;University HECM;;universite;Université;superieur;non_indique;parakou;;9.357721;2.617935;https://www.openstreetmap.org/node/9759156617;cartographie_collaborative;Type déduit du nom de l'établissement.
REF-OSM-node-10018436011;Complexe scolaire Félix Houphët Boigny (Maternel et primaire);;complexe_scolaire;Complexe scolaire;maternelle|primaire;non_indique;cotonou;;6.389604;2.381271;https://www.openstreetmap.org/node/10018436011;cartographie_collaborative;Type déduit du nom de l'établissement.
REF-OSM-node-10018597757;Complexe scolaire Baptiste sois un model;;complexe_scolaire;Complexe scolaire;maternelle|primaire;non_indique;cotonou;;6.388597;2.382708;https://www.openstreetmap.org/node/10018597757;cartographie_collaborative;Type déduit du nom de l'établissement.
REF-OSM-node-10018606932;Complexe scolaire Padre Pio;;complexe_scolaire;Complexe scolaire;maternelle|primaire;non_indique;cotonou;;6.388361;2.380170;https://www.openstreetmap.org/node/10018606932;cartographie_collaborative;Type déduit du nom de l'établissement.
REF-OSM-node-10020909400;CEG Yagbé;;college;Collège d'enseignement général (CEG);secondaire;public;cotonou;;6.372087;2.470595;https://www.openstreetmap.org/node/10020909400;cartographie_collaborative;Type déduit du nom de l'établissement.
REF-OSM-node-10024122671;Academia College;;college;Collège;secondaire;non_indique;parakou;;9.376207;2.624771;https://www.openstreetmap.org/node/10024122671;cartographie_collaborative;Type déduit du nom de l'établissement.
REF-OSM-node-10024145405;Complexe Scolaire Privé Rouga Osseni;;complexe_scolaire;Complexe scolaire;maternelle|primaire;prive;parakou;;9.376247;2.626149;https://www.openstreetmap.org/node/10024145405;cartographie_collaborative;Type déduit du nom de l'établissement.
REF-OSM-node-10039978491;EPP LAGO;;ecole_primaire;École primaire;primaire;public;dangbo;;6.603368;2.542062;https://www.openstreetmap.org/node/10039978491;cartographie_collaborative;Type déduit du nom de l'établissement.
REF-OSM-node-10042414691;EPP Ague-Milahin;;ecole_primaire;École primaire;primaire;public;adjohoun;;6.670548;2.479410;https://www.openstreetmap.org/node/10042414691;cartographie_collaborative;Type déduit du nom de l'établissement.
REF-OSM-node-10056357568;EPP de Bolamè;;ecole_primaire;École primaire;primaire;public;zagnanado;;7.063067;2.363514;https://www.openstreetmap.org/node/10056357568;cartographie_collaborative;Type déduit du nom de l'établissement.
REF-OSM-node-10082817507;École primaire publique de Boukoubourou;;a_preciser;Établissement scolaire (type à préciser);;public;kerou;;10.972572;2.213898;https://www.openstreetmap.org/node/10082817507;cartographie_collaborative;Type à préciser : aucun indice fiable dans OpenStreetMap.
REF-OSM-node-10082850860;École primaire publique de Tinhoure;;a_preciser;Établissement scolaire (type à préciser);;public;banikoara;;11.012664;2.217859;https://www.openstreetmap.org/node/10082850860;cartographie_collaborative;Type à préciser : aucun indice fiable dans OpenStreetMap.
REF-OSM-node-10087653567;EPP de Doumè;;ecole_primaire;École primaire;primaire;public;savalou;;8.018358;1.647391;https://www.openstreetmap.org/node/10087653567;cartographie_collaborative;Type déduit du nom de l'établissement.
REF-OSM-node-10090645535;École primaire publique de Karagoun n'kourou;;a_preciser;Établissement scolaire (type à préciser);;public;banikoara;;11.103808;2.244169;https://www.openstreetmap.org/node/10090645535;cartographie_collaborative;Type à préciser : aucun indice fiable dans OpenStreetMap.
REF-OSM-node-10110209662;Ecole primaire publique Alfa-Kpara;;ecole_primaire;École primaire;primaire;public;djougou;;9.616333;1.768391;https://www.openstreetmap.org/node/10110209662;cartographie_collaborative;Type déduit du nom de l'établissement.
REF-OSM-node-10110216519;École primaire publique Paparapanga;;a_preciser;Établissement scolaire (type à préciser);;public;djougou;;9.602529;1.778581;https://www.openstreetmap.org/node/10110216519;cartographie_collaborative;Type à préciser : aucun indice fiable dans OpenStreetMap.
REF-OSM-node-10110216625;École primaire publique vanhoui;;a_preciser;Établissement scolaire (type à préciser);;public;djougou;;9.565059;1.818949;https://www.openstreetmap.org/node/10110216625;cartographie_collaborative;Type à préciser : aucun indice fiable dans OpenStreetMap.
REF-OSM-node-10118307558;Collège d'enseignement général I de Djougou;;college;Collège d'enseignement général (CEG);secondaire;non_indique;djougou;;9.702402;1.674436;https://www.openstreetmap.org/node/10118307558;cartographie_collaborative;Type déduit du nom de l'établissement.
REF-OSM-node-10118312031;École urbaine centre de Djougou;;a_preciser;Établissement scolaire (type à préciser);;non_indique;djougou;;9.706091;1.664998;https://www.openstreetmap.org/node/10118312031;cartographie_collaborative;Type à préciser : aucun indice fiable dans OpenStreetMap.
REF-OSM-node-10154973243;Complexe scolaire Félix Houphët Boigny (Primaire et secondaire);;complexe_scolaire;Complexe scolaire;maternelle|primaire;non_indique;cotonou;;6.386913;2.381993;https://www.openstreetmap.org/node/10154973243;cartographie_collaborative;Type déduit du nom de l'établissement.
REF-OSM-node-10171751158;IMA : Institut de Multimédia Appliqué;;ecole_superieure;Établissement d'enseignement supérieur;superieur;non_indique;cotonou;;6.388114;2.379479;https://www.openstreetmap.org/node/10171751158;cartographie_collaborative;Type déduit du nom de l'établissement.
REF-OSM-node-10173921257;Complexe Scolaire Catholique PADRE PIO;;complexe_scolaire;Complexe scolaire;maternelle|primaire;confessionnel;cotonou;;6.388439;2.380091;https://www.openstreetmap.org/node/10173921257;cartographie_collaborative;Type déduit du nom de l'établissement.
REF-OSM-node-10173933523;École maternelle primaire LA Ronde;;ecole_maternelle;École maternelle;maternelle;non_indique;cotonou;;6.390082;2.379051;https://www.openstreetmap.org/node/10173933523;cartographie_collaborative;Type déduit du nom de l'établissement.
REF-OSM-node-10173951843;Complexe Scolaire Henri Ahoyo;;complexe_scolaire;Complexe scolaire;maternelle|primaire;non_indique;cotonou;;6.389307;2.385710;https://www.openstreetmap.org/node/10173951843;cartographie_collaborative;Type déduit du nom de l'établissement.
REF-OSM-node-10176096155;Complexe scolaire universitaire clé de la réussite;;universite;Université;superieur;non_indique;cotonou;;6.390720;2.377852;https://www.openstreetmap.org/node/10176096155;cartographie_collaborative;Type déduit du nom de l'établissement.
REF-OSM-node-10176100008;École maternelle et primaire Émilie de Villeneuve;;ecole_maternelle;École maternelle;maternelle;non_indique;cotonou;;6.391023;2.378557;https://www.openstreetmap.org/node/10176100008;cartographie_collaborative;Type déduit du nom de l'établissement.
REF-OSM-node-10176114702;GRACE VINE School;;a_preciser;Établissement scolaire (type à préciser);;non_indique;cotonou;;6.390048;2.379747;https://www.openstreetmap.org/node/10176114702;cartographie_collaborative;Type à préciser : aucun indice fiable dans OpenStreetMap.
REF-OSM-node-10214520200;École Primaire Publique GODOHOU;;a_preciser;Établissement scolaire (type à préciser);;public;lalo;;6.834670;1.858855;https://www.openstreetmap.org/node/10214520200;cartographie_collaborative;Type à préciser : aucun indice fiable dans OpenStreetMap.
REF-OSM-node-10214550159;ÉCOLE PRIMAIRE PUBLIQUE;;a_preciser;Établissement scolaire (type à préciser);;public;lalo;;6.859765;1.867828;https://www.openstreetmap.org/node/10214550159;cartographie_collaborative;Type à préciser : aucun indice fiable dans OpenStreetMap.
REF-OSM-node-10224937427;EPP Ouedo Centre;;ecole_primaire;École primaire;primaire;public;abomey-calavi;;6.455120;2.263644;https://www.openstreetmap.org/node/10224937427;cartographie_collaborative;Type déduit du nom de l'établissement.
REF-OSM-node-10230342843;EPP HEDJAME;;ecole_primaire;École primaire;primaire;public;toviklin;;6.923180;1.783783;https://www.openstreetmap.org/node/10230342843;cartographie_collaborative;Type déduit du nom de l'établissement.
REF-OSM-node-10256991088;EPP Sobourarou;;ecole_primaire;École primaire;primaire;public;pehunco;;10.385217;1.997401;https://www.openstreetmap.org/node/10256991088;cartographie_collaborative;Type déduit du nom de l'établissement.
REF-OSM-node-10256993904;EPP Sinnin;;ecole_primaire;École primaire;primaire;public;pehunco;;10.250094;1.934772;https://www.openstreetmap.org/node/10256993904;cartographie_collaborative;Type déduit du nom de l'établissement.
REF-OSM-node-10256997094;EPP Bouérou-Gourou;;ecole_primaire;École primaire;primaire;public;pehunco;;10.159914;1.953670;https://www.openstreetmap.org/node/10256997094;cartographie_collaborative;Type déduit du nom de l'établissement.
REF-OSM-node-10257000971;EPP Sayakourou;;ecole_primaire;École primaire;primaire;public;pehunco;;10.324519;1.991667;https://www.openstreetmap.org/node/10257000971;cartographie_collaborative;Type déduit du nom de l'établissement.
REF-OSM-node-10257002716;EPP Gbéba;;ecole_primaire;École primaire;primaire;public;pehunco;;10.248034;1.888854;https://www.openstreetmap.org/node/10257002716;cartographie_collaborative;Type déduit du nom de l'établissement.
REF-OSM-node-10565958269;Université Nationale d’Agriculture (UNA);;universite;Université;superieur;non_indique;ketou;;7.386813;2.601769;https://www.openstreetmap.org/node/10565958269;cartographie_collaborative;Type déduit du nom de l'établissement.
REF-OSM-node-10567589573;Complexe Scolaire Catholique Sainte Marie Immaculée;;complexe_scolaire;Complexe scolaire;maternelle|primaire;confessionnel;parakou;;9.387185;2.641650;https://www.openstreetmap.org/node/10567589573;cartographie_collaborative;Type déduit du nom de l'établissement.
REF-OSM-node-10567590482;École primaire publique momongou ii;;a_preciser;Établissement scolaire (type à préciser);;public;djougou;;9.545606;1.860913;https://www.openstreetmap.org/node/10567590482;cartographie_collaborative;Type à préciser : aucun indice fiable dans OpenStreetMap.
REF-OSM-node-10567590483;Ceg Gounmori;;college;Collège d'enseignement général (CEG);secondaire;public;banikoara;;11.185296;2.305788;https://www.openstreetmap.org/node/10567590483;cartographie_collaborative;Type déduit du nom de l'établissement.
REF-OSM-node-10567598559;École primaire publique Fomerou;;a_preciser;Établissement scolaire (type à préciser);;public;djougou;;9.555200;1.842499;https://www.openstreetmap.org/node/10567598559;cartographie_collaborative;Type à préciser : aucun indice fiable dans OpenStreetMap.
REF-OSM-node-10567601141;École primaire publique Onklou;;a_preciser;Établissement scolaire (type à préciser);;public;djougou;;9.498513;1.985349;https://www.openstreetmap.org/node/10567601141;cartographie_collaborative;Type à préciser : aucun indice fiable dans OpenStreetMap.
REF-OSM-node-10567608641;École primaire publique Danogou;;a_preciser;Établissement scolaire (type à préciser);;public;djougou;;9.521945;1.944854;https://www.openstreetmap.org/node/10567608641;cartographie_collaborative;Type à préciser : aucun indice fiable dans OpenStreetMap.
REF-OSM-node-10567608642;Ceg patargo;;college;Collège d'enseignement général (CEG);secondaire;public;djougou;;9.532920;1.919646;https://www.openstreetmap.org/node/10567608642;cartographie_collaborative;Type déduit du nom de l'établissement.
REF-OSM-node-10617901205;Collège d’enseignement Général Zongo;;college;Collège;secondaire;non_indique;parakou;;9.365340;2.622063;https://www.openstreetmap.org/node/10617901205;cartographie_collaborative;Type déduit du nom de l'établissement.
REF-OSM-node-10621545328;EPP Ikpinlè;;ecole_primaire;École primaire;primaire;public;adja-ouere;;6.891623;2.620870;https://www.openstreetmap.org/node/10621545328;cartographie_collaborative;Type déduit du nom de l'établissement.
REF-OSM-node-10647992105;Complexe scolaire La Rosette de Tinre;;complexe_scolaire;Complexe scolaire;maternelle|primaire;non_indique;parakou;;9.384955;2.625507;https://www.openstreetmap.org/node/10647992105;cartographie_collaborative;Type déduit du nom de l'établissement.
REF-OSM-node-10651778462;CSP Fignon;;a_preciser;Établissement scolaire (type à préciser);;non_indique;adja-ouere;;6.899786;2.624709;https://www.openstreetmap.org/node/10651778462;cartographie_collaborative;Type à préciser : aucun indice fiable dans OpenStreetMap.
REF-OSM-node-10680273939;École Primaire Publique Huilerie d'Agonvy;;a_preciser;Établissement scolaire (type à préciser);;public;adja-ouere;;6.889223;2.606683;https://www.openstreetmap.org/node/10680273939;cartographie_collaborative;Type à préciser : aucun indice fiable dans OpenStreetMap.
REF-OSM-node-10695037345;École maternelle Godonotin;;ecole_maternelle;École maternelle;maternelle;non_indique;kpomasse;;6.376833;2.008900;https://www.openstreetmap.org/node/10695037345;cartographie_collaborative;Type déduit du nom de l'établissement.
REF-OSM-node-10737033189;École Primaire Publique Gbedavo;;a_preciser;Établissement scolaire (type à préciser);;public;dassa-zoume;;7.630627;2.168329;https://www.openstreetmap.org/node/10737033189;cartographie_collaborative;Type à préciser : aucun indice fiable dans OpenStreetMap.
REF-OSM-node-10737038549;École Primaire Publique Adjakonou;;a_preciser;Établissement scolaire (type à préciser);;public;dassa-zoume;;7.631441;2.112007;https://www.openstreetmap.org/node/10737038549;cartographie_collaborative;Type à préciser : aucun indice fiable dans OpenStreetMap.
REF-OSM-node-10757650581;EPP ADANDOKPODJI - SADA;;ecole_primaire;École primaire;primaire;public;abomey;;7.182498;1.973644;https://www.openstreetmap.org/node/10757650581;cartographie_collaborative;Type déduit du nom de l'établissement.
REF-OSM-node-10757690779;Complexe Scolaire Saint Joseph d'Abomey;;complexe_scolaire;Complexe scolaire;maternelle|primaire;confessionnel;abomey;;7.181464;1.972124;https://www.openstreetmap.org/node/10757690779;cartographie_collaborative;Type déduit du nom de l'établissement.
REF-OSM-node-10763914128;Yesmaol Design;;superieur_ou_formation;Enseignement supérieur ou formation;superieur|technique;prive;abomey-calavi;YESSOUFOU Matym;6.383939;2.342098;https://www.openstreetmap.org/node/10763914128;cartographie_collaborative;Type déduit des attributs OpenStreetMap.
REF-OSM-node-10775168208;École Primaire Publique d'illoro-Aguidi;;a_preciser;Établissement scolaire (type à préciser);;public;sakete;;6.788695;2.685353;https://www.openstreetmap.org/node/10775168208;cartographie_collaborative;Type à préciser : aucun indice fiable dans OpenStreetMap.
REF-OSM-node-10811903902;Complexe scolaire la belle volière;;complexe_scolaire;Complexe scolaire;maternelle|primaire;non_indique;abomey-calavi;;6.429641;2.300908;https://www.openstreetmap.org/node/10811903902;cartographie_collaborative;Type déduit du nom de l'établissement.
REF-OSM-node-10811918126;École primaire privée la sentinelle;;a_preciser;Établissement scolaire (type à préciser);;prive;abomey-calavi;;6.432690;2.296658;https://www.openstreetmap.org/node/10811918126;cartographie_collaborative;Type à préciser : aucun indice fiable dans OpenStreetMap.
REF-OSM-node-10823875032;CSMA Ikpinlè;;a_preciser;Établissement scolaire (type à préciser);;non_indique;adja-ouere;;6.889842;2.620795;https://www.openstreetmap.org/node/10823875032;cartographie_collaborative;Type à préciser : aucun indice fiable dans OpenStreetMap.
REF-OSM-node-10823875037;EPP Saint-Michel;;ecole_primaire;École primaire;primaire;public;adja-ouere;;6.890086;2.618845;https://www.openstreetmap.org/node/10823875037;cartographie_collaborative;Type déduit du nom de l'établissement.
REF-OSM-node-10848269606;Complexe scolaire St Daniel comboni;;complexe_scolaire;Complexe scolaire;maternelle|primaire;prive;abomey-calavi;;6.417231;2.300907;https://www.openstreetmap.org/node/10848269606;cartographie_collaborative;Type déduit du nom de l'établissement.
REF-OSM-node-10848338926;Complexe scolaire privé Bon Pasteur;;complexe_scolaire;Complexe scolaire;maternelle|primaire;prive;abomey-calavi;;6.427141;2.296126;https://www.openstreetmap.org/node/10848338926;cartographie_collaborative;Type déduit du nom de l'établissement.
REF-OSM-node-10848340508;Lycée technique privé industriel saint Barthélémy;;lycee_technique;Lycée technique;technique;prive;abomey-calavi;;6.416318;2.305413;https://www.openstreetmap.org/node/10848340508;cartographie_collaborative;Type déduit du nom de l'établissement.
REF-OSM-node-10848343282;École primaire publique d'awakè;;a_preciser;Établissement scolaire (type à préciser);;public;abomey-calavi;;6.429665;2.298995;https://www.openstreetmap.org/node/10848343282;cartographie_collaborative;Type à préciser : aucun indice fiable dans OpenStreetMap.
REF-OSM-node-10848345416;Complexe scolaire Alice Land;;complexe_scolaire;Complexe scolaire;maternelle|primaire;non_indique;abomey-calavi;;6.419386;2.295048;https://www.openstreetmap.org/node/10848345416;cartographie_collaborative;Type déduit du nom de l'établissement.
REF-OSM-node-10848345505;Complexe scolaire et parascolaire le potier divin;;complexe_scolaire;Complexe scolaire;maternelle|primaire;non_indique;abomey-calavi;;6.420124;2.293094;https://www.openstreetmap.org/node/10848345505;cartographie_collaborative;Type déduit du nom de l'établissement.
REF-OSM-node-10899100816;CEG ANAVIE;;college;Collège d'enseignement général (CEG);secondaire;public;adjarra;;6.504632;2.638057;https://www.openstreetmap.org/node/10899100816;cartographie_collaborative;Type déduit du nom de l'établissement.
REF-OSM-node-10899117705;COLLEGE ROBERT DJIDONOU;;college;Collège;secondaire;non_indique;avrankou;;6.513323;2.630177;https://www.openstreetmap.org/node/10899117705;cartographie_collaborative;Type déduit du nom de l'établissement.
REF-OSM-node-10912507706;Complexe Scolaire de DJEGAN-KPEVI;;complexe_scolaire;Complexe scolaire;maternelle|primaire;non_indique;porto-novo;;6.503886;2.624007;https://www.openstreetmap.org/node/10912507706;cartographie_collaborative;Type déduit du nom de l'établissement.
REF-OSM-node-10961356865;CPS Compétent;;a_preciser;Établissement scolaire (type à préciser);;non_indique;parakou;;9.351467;2.651595;https://www.openstreetmap.org/node/10961356865;cartographie_collaborative;Type à préciser : aucun indice fiable dans OpenStreetMap.
REF-OSM-node-10968657957;CSP Privé le Plateau;;a_preciser;Établissement scolaire (type à préciser);;prive;parakou;;9.382794;2.632763;https://www.openstreetmap.org/node/10968657957;cartographie_collaborative;Type à préciser : aucun indice fiable dans OpenStreetMap.
REF-OSM-node-10968666840;Cabinet Campus;;superieur_ou_formation;Enseignement supérieur ou formation;superieur|technique;non_indique;parakou;;9.332521;2.651287;https://www.openstreetmap.org/node/10968666840;cartographie_collaborative;Type déduit des attributs OpenStreetMap.
REF-OSM-node-10968667820;SCP GRATIA PLANA;;a_preciser;Établissement scolaire (type à préciser);;non_indique;parakou;;9.379853;2.635053;https://www.openstreetmap.org/node/10968667820;cartographie_collaborative;Type à préciser : aucun indice fiable dans OpenStreetMap.
REF-OSM-node-10968668285;Collège Privé ''Jean Playa de Guema;;college;Collège;secondaire;prive;parakou;;9.383737;2.628561;https://www.openstreetmap.org/node/10968668285;cartographie_collaborative;Type déduit du nom de l'établissement.
REF-OSM-node-10968669554;CSP Privé, Les Grâces Jean Playa;;a_preciser;Établissement scolaire (type à préciser);;prive;parakou;;9.383753;2.628408;https://www.openstreetmap.org/node/10968669554;cartographie_collaborative;Type à préciser : aucun indice fiable dans OpenStreetMap.
REF-OSM-node-10968670709;CS Privé Billing , L'école des Premiers;;a_preciser;Établissement scolaire (type à préciser);;prive;parakou;;9.378575;2.627678;https://www.openstreetmap.org/node/10968670709;cartographie_collaborative;Type à préciser : aucun indice fiable dans OpenStreetMap.
REF-OSM-node-10968757670;École primaire publique de Kodilou;;a_preciser;Établissement scolaire (type à préciser);;public;bante;;8.364328;1.626862;https://www.openstreetmap.org/node/10968757670;cartographie_collaborative;Type à préciser : aucun indice fiable dans OpenStreetMap.
REF-OSM-node-10970219556;EPP Tourou;;ecole_primaire;École primaire;primaire;public;parakou;;9.344673;2.539140;https://www.openstreetmap.org/node/10970219556;cartographie_collaborative;Type déduit du nom de l'établissement.
REF-OSM-node-10970420190;École arabe;;a_preciser;Établissement scolaire (type à préciser);;non_indique;parakou;;9.315471;2.662417;https://www.openstreetmap.org/node/10970420190;cartographie_collaborative;Type à préciser : aucun indice fiable dans OpenStreetMap.
REF-OSM-node-10970456174;EPP GANOU;;ecole_primaire;École primaire;primaire;public;parakou;;9.387220;2.611999;https://www.openstreetmap.org/node/10970456174;cartographie_collaborative;Type déduit du nom de l'établissement.
REF-OSM-node-10970456180;ECDS/EPAM;;a_preciser;Établissement scolaire (type à préciser);;non_indique;parakou;;9.358673;2.624960;https://www.openstreetmap.org/node/10970456180;cartographie_collaborative;Type à préciser : aucun indice fiable dans OpenStreetMap.
REF-OSM-node-10970483545;École privée Franco-Arabe;;a_preciser;Établissement scolaire (type à préciser);;prive;parakou;;9.387399;2.611558;https://www.openstreetmap.org/node/10970483545;cartographie_collaborative;Type à préciser : aucun indice fiable dans OpenStreetMap.
REF-OSM-node-10970485787;École Amitié;;a_preciser;Établissement scolaire (type à préciser);;non_indique;parakou;;9.399003;2.616228;https://www.openstreetmap.org/node/10970485787;cartographie_collaborative;Type à préciser : aucun indice fiable dans OpenStreetMap.
REF-OSM-node-10970487183;CSP le Prométhée;;a_preciser;Établissement scolaire (type à préciser);;non_indique;parakou;;9.321338;2.642915;https://www.openstreetmap.org/node/10970487183;cartographie_collaborative;Type à préciser : aucun indice fiable dans OpenStreetMap.
REF-OSM-node-10970487184;CSP ÉVIDENT SUCCÈS;;a_preciser;Établissement scolaire (type à préciser);;non_indique;parakou;;9.325893;2.630540;https://www.openstreetmap.org/node/10970487184;cartographie_collaborative;Type à préciser : aucun indice fiable dans OpenStreetMap.
REF-OSM-node-10970487904;CSP Nelson Mandela;;a_preciser;Établissement scolaire (type à préciser);;non_indique;parakou;;9.362789;2.600670;https://www.openstreetmap.org/node/10970487904;cartographie_collaborative;Type à préciser : aucun indice fiable dans OpenStreetMap.
REF-OSM-node-10970488540;École franco-arabe;;a_preciser;Établissement scolaire (type à préciser);;non_indique;parakou;;9.319980;2.652471;https://www.openstreetmap.org/node/10970488540;cartographie_collaborative;Type à préciser : aucun indice fiable dans OpenStreetMap.
REF-OSM-node-10970489284;École bilingue(nidderian international school;;a_preciser;Établissement scolaire (type à préciser);;non_indique;parakou;;9.376638;2.608303;https://www.openstreetmap.org/node/10970489284;cartographie_collaborative;Type à préciser : aucun indice fiable dans OpenStreetMap.
REF-OSM-node-10970491980;CSP le défi;;a_preciser;Établissement scolaire (type à préciser);;non_indique;parakou;;9.318777;2.638336;https://www.openstreetmap.org/node/10970491980;cartographie_collaborative;Type à préciser : aucun indice fiable dans OpenStreetMap.
REF-OSM-node-10970491982;CSP Maternelle et primaire Dieu le père;;ecole_maternelle;École maternelle;maternelle;non_indique;parakou;;9.326135;2.621386;https://www.openstreetmap.org/node/10970491982;cartographie_collaborative;Type déduit du nom de l'établissement.
REF-OSM-node-10970492657;EPP les archanges;;ecole_primaire;École primaire;primaire;public;parakou;;9.390725;2.619581;https://www.openstreetmap.org/node/10970492657;cartographie_collaborative;Type déduit du nom de l'établissement.
REF-OSM-node-10970495162;Complexe scolaire les mignons;;complexe_scolaire;Complexe scolaire;maternelle|primaire;non_indique;parakou;;9.349077;2.617473;https://www.openstreetmap.org/node/10970495162;cartographie_collaborative;Type déduit du nom de l'établissement.
REF-OSM-node-10970495171;Complexe scolaire privé ste Philomene;;complexe_scolaire;Complexe scolaire;maternelle|primaire;prive;parakou;;9.348456;2.587601;https://www.openstreetmap.org/node/10970495171;cartographie_collaborative;Type déduit du nom de l'établissement.
REF-OSM-node-10970497462;École maternelle ladji farani;;ecole_maternelle;École maternelle;maternelle;non_indique;parakou;;9.339803;2.631245;https://www.openstreetmap.org/node/10970497462;cartographie_collaborative;Type déduit du nom de l'établissement.
REF-OSM-node-10970497536;EPP SWINROU;;ecole_primaire;École primaire;primaire;public;parakou;;9.397396;2.617272;https://www.openstreetmap.org/node/10970497536;cartographie_collaborative;Type déduit du nom de l'établissement.
REF-OSM-node-10970498160;CSP La destinée;;a_preciser;Établissement scolaire (type à préciser);;non_indique;parakou;;9.375054;2.640180;https://www.openstreetmap.org/node/10970498160;cartographie_collaborative;Type à préciser : aucun indice fiable dans OpenStreetMap.
REF-OSM-node-10970498776;École anago talonon;;a_preciser;Établissement scolaire (type à préciser);;non_indique;parakou;;9.377808;2.621800;https://www.openstreetmap.org/node/10970498776;cartographie_collaborative;Type à préciser : aucun indice fiable dans OpenStreetMap.
REF-OSM-node-10970498780;Lycée des jeunes filles;;lycee_general;Lycée;secondaire;non_indique;parakou;;9.383184;2.614630;https://www.openstreetmap.org/node/10970498780;cartographie_collaborative;Type déduit du nom de l'établissement.
REF-OSM-node-10970499194;CSP les Bulles de joie;;a_preciser;Établissement scolaire (type à préciser);;non_indique;parakou;;9.367007;2.626898;https://www.openstreetmap.org/node/10970499194;cartographie_collaborative;Type à préciser : aucun indice fiable dans OpenStreetMap.
REF-OSM-node-10970499538;Ecole franco arabe;;superieur_ou_formation;Enseignement supérieur ou formation;superieur|technique;non_indique;parakou;;9.323590;2.638246;https://www.openstreetmap.org/node/10970499538;cartographie_collaborative;Type déduit des attributs OpenStreetMap.
REF-OSM-node-10970499546;St thomas d'Aquin;;a_preciser;Établissement scolaire (type à préciser);;non_indique;parakou;;9.322644;2.635499;https://www.openstreetmap.org/node/10970499546;cartographie_collaborative;Type à préciser : aucun indice fiable dans OpenStreetMap.
REF-OSM-node-10970499829;Le messie;;a_preciser;Établissement scolaire (type à préciser);;non_indique;parakou;;9.381827;2.643331;https://www.openstreetmap.org/node/10970499829;cartographie_collaborative;Type à préciser : aucun indice fiable dans OpenStreetMap.
REF-OSM-node-10970500132;École maternelle et primaire St Joseph De Copertino;;ecole_maternelle;École maternelle;maternelle;non_indique;parakou;;9.319107;2.652243;https://www.openstreetmap.org/node/10970500132;cartographie_collaborative;Type déduit du nom de l'établissement.
REF-OSM-node-10970500140;école AL-BIRR;;a_preciser;Établissement scolaire (type à préciser);;non_indique;parakou;;9.328397;2.627651;https://www.openstreetmap.org/node/10970500140;cartographie_collaborative;Type à préciser : aucun indice fiable dans OpenStreetMap.
REF-OSM-node-10970500296;CSP SOUKTIGNINA;;a_preciser;Établissement scolaire (type à préciser);;non_indique;parakou;;9.321211;2.636861;https://www.openstreetmap.org/node/10970500296;cartographie_collaborative;Type à préciser : aucun indice fiable dans OpenStreetMap.
REF-OSM-node-10970500857;Sainte Thérèse de l'enfant Jésus;;a_preciser;Établissement scolaire (type à préciser);;confessionnel;parakou;;9.324704;2.625313;https://www.openstreetmap.org/node/10970500857;cartographie_collaborative;Type à préciser : aucun indice fiable dans OpenStreetMap.
REF-OSM-node-10970501261;Collège J.M. Le Faucon;;college;Collège;secondaire;non_indique;parakou;;9.371155;2.628496;https://www.openstreetmap.org/node/10970501261;cartographie_collaborative;Type déduit du nom de l'établissement.
REF-OSM-node-10970501509;École maternelle et primaire st joseph copertino;;ecole_maternelle;École maternelle;maternelle;non_indique;parakou;;9.314633;2.655874;https://www.openstreetmap.org/node/10970501509;cartographie_collaborative;Type déduit du nom de l'établissement.
REF-OSM-node-10970501517;Complexe catholique blingue saint Hubert;;a_preciser;Établissement scolaire (type à préciser);;confessionnel;parakou;;9.342419;2.613522;https://www.openstreetmap.org/node/10970501517;cartographie_collaborative;Type à préciser : aucun indice fiable dans OpenStreetMap.
REF-OSM-node-10970502144;MONT-NIMBA;;a_preciser;Établissement scolaire (type à préciser);;non_indique;parakou;;9.356967;2.639171;https://www.openstreetmap.org/node/10970502144;cartographie_collaborative;Type à préciser : aucun indice fiable dans OpenStreetMap.
REF-OSM-node-10970502221;École privée Jean Racine;;a_preciser;Établissement scolaire (type à préciser);;prive;parakou;;9.342658;2.613406;https://www.openstreetmap.org/node/10970502221;cartographie_collaborative;Type à préciser : aucun indice fiable dans OpenStreetMap.
REF-OSM-node-10970502404;GUEMA ouest;;a_preciser;Établissement scolaire (type à préciser);;non_indique;parakou;;9.387128;2.617779;https://www.openstreetmap.org/node/10970502404;cartographie_collaborative;Type à préciser : aucun indice fiable dans OpenStreetMap.
REF-OSM-node-10970502499;École Arabe;;a_preciser;Établissement scolaire (type à préciser);;non_indique;parakou;;9.364744;2.636149;https://www.openstreetmap.org/node/10970502499;cartographie_collaborative;Type à préciser : aucun indice fiable dans OpenStreetMap.
REF-OSM-node-10970502530;EPP Nouveau Quartier/Ladji-Farani;;ecole_primaire;École primaire;primaire;public;parakou;;9.365816;2.639481;https://www.openstreetmap.org/node/10970502530;cartographie_collaborative;Type déduit du nom de l'établissement.
REF-OSM-node-10970502537;Cathédrale sainte pierre et sainte Paul;;a_preciser;Établissement scolaire (type à préciser);;confessionnel;parakou;;9.341136;2.623649;https://www.openstreetmap.org/node/10970502537;cartographie_collaborative;Type à préciser : aucun indice fiable dans OpenStreetMap.
REF-OSM-node-10970502614;IRSBAC;;a_preciser;Établissement scolaire (type à préciser);;non_indique;parakou;;9.356351;2.638363;https://www.openstreetmap.org/node/10970502614;cartographie_collaborative;Type à préciser : aucun indice fiable dans OpenStreetMap.
REF-OSM-node-10970502633;Complexe scolaire privé moderne Mont Nimba;;complexe_scolaire;Complexe scolaire;maternelle|primaire;prive;parakou;;9.352954;2.594391;https://www.openstreetmap.org/node/10970502633;cartographie_collaborative;Type déduit du nom de l'établissement.
REF-OSM-node-10970502916;CITÉ DU SAVOIR;;a_preciser;Établissement scolaire (type à préciser);;non_indique;parakou;;9.351894;2.643472;https://www.openstreetmap.org/node/10970502916;cartographie_collaborative;Type à préciser : aucun indice fiable dans OpenStreetMap.
REF-OSM-node-10970503312;CSP la floraison;;a_preciser;Établissement scolaire (type à préciser);;non_indique;parakou;;9.360373;2.629010;https://www.openstreetmap.org/node/10970503312;cartographie_collaborative;Type à préciser : aucun indice fiable dans OpenStreetMap.
REF-OSM-node-10970503313;CSP Privé Entente;;a_preciser;Établissement scolaire (type à préciser);;prive;parakou;;9.370073;2.630622;https://www.openstreetmap.org/node/10970503313;cartographie_collaborative;Type à préciser : aucun indice fiable dans OpenStreetMap.
REF-OSM-node-10970503314;CSP Notre Dame des Élites;;a_preciser;Établissement scolaire (type à préciser);;non_indique;parakou;;9.377936;2.646677;https://www.openstreetmap.org/node/10970503314;cartographie_collaborative;Type à préciser : aucun indice fiable dans OpenStreetMap.
REF-OSM-node-10970503454;La miséricorde;;a_preciser;Établissement scolaire (type à préciser);;non_indique;parakou;;9.335696;2.650795;https://www.openstreetmap.org/node/10970503454;cartographie_collaborative;Type à préciser : aucun indice fiable dans OpenStreetMap.
REF-OSM-node-10970503833;CSP LA GAIETE;;a_preciser;Établissement scolaire (type à préciser);;non_indique;parakou;;9.360883;2.643251;https://www.openstreetmap.org/node/10970503833;cartographie_collaborative;Type à préciser : aucun indice fiable dans OpenStreetMap.
REF-OSM-node-10970505406;Collège catholique saint Thomas d'Aquin;;college;Collège;secondaire;confessionnel;parakou;;9.322794;2.635438;https://www.openstreetmap.org/node/10970505406;cartographie_collaborative;Type déduit du nom de l'établissement.
REF-OSM-node-10970505607;Le prestige des AS;;a_preciser;Établissement scolaire (type à préciser);;non_indique;parakou;;9.380203;2.643171;https://www.openstreetmap.org/node/10970505607;cartographie_collaborative;Type à préciser : aucun indice fiable dans OpenStreetMap.
REF-OSM-node-10970505621;Bilingue le succès de l'avenir;;a_preciser;Établissement scolaire (type à préciser);;non_indique;parakou;;9.364809;2.599868;https://www.openstreetmap.org/node/10970505621;cartographie_collaborative;Type à préciser : aucun indice fiable dans OpenStreetMap.
REF-OSM-node-10970505762;CSP Gratis plena;;a_preciser;Établissement scolaire (type à préciser);;non_indique;parakou;;9.379918;2.611181;https://www.openstreetmap.org/node/10970505762;cartographie_collaborative;Type à préciser : aucun indice fiable dans OpenStreetMap.
REF-OSM-node-10970505764;Suite école Amitié;;a_preciser;Établissement scolaire (type à préciser);;non_indique;parakou;;9.398977;2.616348;https://www.openstreetmap.org/node/10970505764;cartographie_collaborative;Type à préciser : aucun indice fiable dans OpenStreetMap.
REF-OSM-node-10970506217;CPET DON BOSCO;;a_preciser;Établissement scolaire (type à préciser);;non_indique;parakou;;9.355180;2.636098;https://www.openstreetmap.org/node/10970506217;cartographie_collaborative;Type à préciser : aucun indice fiable dans OpenStreetMap.
REF-OSM-node-10970506426;École primaire privée ( Al hammad);;a_preciser;Établissement scolaire (type à préciser);;prive;parakou;;9.315755;2.652923;https://www.openstreetmap.org/node/10970506426;cartographie_collaborative;Type à préciser : aucun indice fiable dans OpenStreetMap.
REF-OSM-node-10970513884;École maternelle centre sot;;ecole_maternelle;École maternelle;maternelle;non_indique;parakou;;9.341817;2.614040;https://www.openstreetmap.org/node/10970513884;cartographie_collaborative;Type déduit du nom de l'établissement.
REF-OSM-node-10970515872;École primaire publique forêt;;a_preciser;Établissement scolaire (type à préciser);;public;parakou;;9.339075;2.620842;https://www.openstreetmap.org/node/10970515872;cartographie_collaborative;Type à préciser : aucun indice fiable dans OpenStreetMap.
REF-OSM-node-10970521427;La cime du savoir;;a_preciser;Établissement scolaire (type à préciser);;non_indique;parakou;;9.351266;2.587828;https://www.openstreetmap.org/node/10970521427;cartographie_collaborative;Type à préciser : aucun indice fiable dans OpenStreetMap.
REF-OSM-node-10970522408;CSP Gratis plena 2;;a_preciser;Établissement scolaire (type à préciser);;non_indique;parakou;;9.386632;2.612657;https://www.openstreetmap.org/node/10970522408;cartographie_collaborative;Type à préciser : aucun indice fiable dans OpenStreetMap.
REF-OSM-node-10970523534;EPP bannikanni 3;;ecole_primaire;École primaire;primaire;public;parakou;;9.322626;2.653704;https://www.openstreetmap.org/node/10970523534;cartographie_collaborative;Type déduit du nom de l'établissement.
REF-OSM-node-10970524215;CSP la Fontaine;;a_preciser;Établissement scolaire (type à préciser);;non_indique;parakou;;9.320365;2.652285;https://www.openstreetmap.org/node/10970524215;cartographie_collaborative;Type à préciser : aucun indice fiable dans OpenStreetMap.
REF-OSM-node-10970524305;École de couture chez Hodgar;;a_preciser;Établissement scolaire (type à préciser);;non_indique;parakou;;9.322579;2.625552;https://www.openstreetmap.org/node/10970524305;cartographie_collaborative;Type à préciser : aucun indice fiable dans OpenStreetMap.
REF-OSM-node-10970526915;CAEB;;a_preciser;Établissement scolaire (type à préciser);;non_indique;parakou;;9.366101;2.627490;https://www.openstreetmap.org/node/10970526915;cartographie_collaborative;Type à préciser : aucun indice fiable dans OpenStreetMap.
REF-OSM-node-10970526918;École primaire publique d'Arrafat;;a_preciser;Établissement scolaire (type à préciser);;public;parakou;;9.336464;2.650820;https://www.openstreetmap.org/node/10970526918;cartographie_collaborative;Type à préciser : aucun indice fiable dans OpenStreetMap.
REF-OSM-node-10970527454;Complexe scolaire dépôt À/B;;complexe_scolaire;Complexe scolaire;maternelle|primaire;non_indique;parakou;;9.347835;2.614858;https://www.openstreetmap.org/node/10970527454;cartographie_collaborative;Type déduit du nom de l'établissement.
REF-OSM-node-10970527751;Sts Jean- Gaston;;a_preciser;Établissement scolaire (type à préciser);;non_indique;parakou;;9.333796;2.646676;https://www.openstreetmap.org/node/10970527751;cartographie_collaborative;Type à préciser : aucun indice fiable dans OpenStreetMap.
REF-OSM-node-10970528373;École supérieure de formation et de recyclage des enseignants (ESFRE);;a_preciser;Établissement scolaire (type à préciser);;non_indique;parakou;;9.391799;2.622256;https://www.openstreetmap.org/node/10970528373;cartographie_collaborative;Type à préciser : aucun indice fiable dans OpenStreetMap.
REF-OSM-node-10970528405;École primaire privée la prospérité;;a_preciser;Établissement scolaire (type à préciser);;prive;parakou;;9.328600;2.654524;https://www.openstreetmap.org/node/10970528405;cartographie_collaborative;Type à préciser : aucun indice fiable dans OpenStreetMap.
REF-OSM-node-10970529111;E S M Bénin;;a_preciser;Établissement scolaire (type à préciser);;non_indique;parakou;;9.364527;2.633372;https://www.openstreetmap.org/node/10970529111;cartographie_collaborative;Type à préciser : aucun indice fiable dans OpenStreetMap.
REF-OSM-node-10970529115;École OCBN;;a_preciser;Établissement scolaire (type à préciser);;non_indique;parakou;;9.354280;2.609868;https://www.openstreetmap.org/node/10970529115;cartographie_collaborative;Type à préciser : aucun indice fiable dans OpenStreetMap.
REF-OSM-node-10970529122;École bilingue;;a_preciser;Établissement scolaire (type à préciser);;non_indique;parakou;;9.390506;2.625760;https://www.openstreetmap.org/node/10970529122;cartographie_collaborative;Type à préciser : aucun indice fiable dans OpenStreetMap.
REF-OSM-node-10970540462;CSP le Ronier;;a_preciser;Établissement scolaire (type à préciser);;non_indique;parakou;;9.354627;2.603576;https://www.openstreetmap.org/node/10970540462;cartographie_collaborative;Type à préciser : aucun indice fiable dans OpenStreetMap.
REF-OSM-node-10970546472;JIMOD ONG;;a_preciser;Établissement scolaire (type à préciser);;non_indique;parakou;;9.348271;2.594604;https://www.openstreetmap.org/node/10970546472;cartographie_collaborative;Type à préciser : aucun indice fiable dans OpenStreetMap.
REF-OSM-node-10970546946;École de stylisme de design et d'accessoires de mode;;a_preciser;Établissement scolaire (type à préciser);;non_indique;parakou;;9.363807;2.634376;https://www.openstreetmap.org/node/10970546946;cartographie_collaborative;Type à préciser : aucun indice fiable dans OpenStreetMap.
REF-OSM-node-10970547933;Collège Privé la source;;college;Collège;secondaire;prive;parakou;;9.358356;2.634856;https://www.openstreetmap.org/node/10970547933;cartographie_collaborative;Type déduit du nom de l'établissement.
REF-OSM-node-10970549038;École primaire publique de gare;;a_preciser;Établissement scolaire (type à préciser);;public;parakou;;9.343970;2.609450;https://www.openstreetmap.org/node/10970549038;cartographie_collaborative;Type à préciser : aucun indice fiable dans OpenStreetMap.
REF-OSM-node-10970549050;École primaire privée franco-arabe collection gabo;;a_preciser;Établissement scolaire (type à préciser);;prive;parakou;;9.391826;2.624950;https://www.openstreetmap.org/node/10970549050;cartographie_collaborative;Type à préciser : aucun indice fiable dans OpenStreetMap.
REF-OSM-node-10970550814;École privée la vision secondaire;;a_preciser;Établissement scolaire (type à préciser);;prive;parakou;;9.353960;2.609704;https://www.openstreetmap.org/node/10970550814;cartographie_collaborative;Type à préciser : aucun indice fiable dans OpenStreetMap.
REF-OSM-node-10970551404;École maternelle primaire catholique Marie auxiliatrice;;ecole_maternelle;École maternelle;maternelle;confessionnel;parakou;;9.360100;2.634196;https://www.openstreetmap.org/node/10970551404;cartographie_collaborative;Type déduit du nom de l'établissement.
REF-OSM-node-10970553992;Collège privé le carrefour des talents;;college;Collège;secondaire;prive;parakou;;9.379310;2.641378;https://www.openstreetmap.org/node/10970553992;cartographie_collaborative;Type déduit du nom de l'établissement.
REF-OSM-node-10970556235;École maternelle Émilie de Villeneuve;;ecole_maternelle;École maternelle;maternelle;non_indique;parakou;;9.362175;2.635409;https://www.openstreetmap.org/node/10970556235;cartographie_collaborative;Type déduit du nom de l'établissement.
REF-OSM-node-10970556406;École primaire publique de zongo 2;;a_preciser;Établissement scolaire (type à préciser);;public;parakou;;9.363760;2.631874;https://www.openstreetmap.org/node/10970556406;cartographie_collaborative;Type à préciser : aucun indice fiable dans OpenStreetMap.
REF-OSM-node-10970559220;MESTP/DDEST;;a_preciser;Établissement scolaire (type à préciser);;non_indique;parakou;;9.348263;2.594732;https://www.openstreetmap.org/node/10970559220;cartographie_collaborative;Type à préciser : aucun indice fiable dans OpenStreetMap.
REF-OSM-node-10970573348;Lycée Mathieu Bouké;;lycee_general;Lycée;secondaire;non_indique;parakou;;9.354255;2.614600;https://www.openstreetmap.org/node/10970573348;cartographie_collaborative;Type déduit du nom de l'établissement.
REF-OSM-node-10970586331;Epp Igbodja;;ecole_primaire;École primaire;primaire;public;save;;7.817636;2.585507;https://www.openstreetmap.org/node/10970586331;cartographie_collaborative;Type déduit du nom de l'établissement.
REF-OSM-node-10970589027;Complexe scolaire le messie;;complexe_scolaire;Complexe scolaire;maternelle|primaire;non_indique;parakou;;9.381818;2.643455;https://www.openstreetmap.org/node/10970589027;cartographie_collaborative;Type déduit du nom de l'établissement.
REF-OSM-node-10970593765;EPP Wansirou;;ecole_primaire;École primaire;primaire;public;parakou;;9.358047;2.617476;https://www.openstreetmap.org/node/10970593765;cartographie_collaborative;Type déduit du nom de l'établissement.
REF-OSM-node-10970593776;Ecole urbaine centre;;a_preciser;Établissement scolaire (type à préciser);;non_indique;cotonou;;6.358084;2.435749;https://www.openstreetmap.org/node/10970593776;cartographie_collaborative;Type à préciser : aucun indice fiable dans OpenStreetMap.
REF-OSM-node-10970595465;Complexe scolaire Abdoulaye Issa;;complexe_scolaire;Complexe scolaire;maternelle|primaire;non_indique;parakou;;9.341549;2.622040;https://www.openstreetmap.org/node/10970595465;cartographie_collaborative;Type déduit du nom de l'établissement.
REF-OSM-node-10970601049;CEG Igbodja;;college;Collège d'enseignement général (CEG);secondaire;public;save;;7.821620;2.579252;https://www.openstreetmap.org/node/10970601049;cartographie_collaborative;Type déduit du nom de l'établissement.
REF-OSM-node-10980374172;Collège privé Pyramide des arts;;college;Collège;secondaire;prive;adjarra;;6.495573;2.652880;https://www.openstreetmap.org/node/10980374172;cartographie_collaborative;Type déduit du nom de l'établissement.
REF-OSM-node-10980376778;APEALCA INTERNATIONAL SCHOOL;;a_preciser;Établissement scolaire (type à préciser);;non_indique;adjarra;;6.516642;2.650404;https://www.openstreetmap.org/node/10980376778;cartographie_collaborative;Type à préciser : aucun indice fiable dans OpenStreetMap.
REF-OSM-node-10980382569;Cours primaire Adjati;;complexe_scolaire;Complexe scolaire;maternelle|primaire;non_indique;adjarra;;6.529248;2.652120;https://www.openstreetmap.org/node/10980382569;cartographie_collaborative;Type déduit du nom de l'établissement.
REF-OSM-node-10980382696;Epp Gasako;;ecole_primaire;École primaire;primaire;public;adjarra;;6.505026;2.663053;https://www.openstreetmap.org/node/10980382696;cartographie_collaborative;Type déduit du nom de l'établissement.
REF-OSM-node-10980385874;EPP Dossouvie;;ecole_primaire;École primaire;primaire;public;adjarra;;6.510916;2.644710;https://www.openstreetmap.org/node/10980385874;cartographie_collaborative;Type déduit du nom de l'établissement.
REF-OSM-node-10980387676;Epp gbangnito;;ecole_primaire;École primaire;primaire;public;adjarra;;6.493809;2.690055;https://www.openstreetmap.org/node/10980387676;cartographie_collaborative;Type déduit du nom de l'établissement.
REF-OSM-node-10980388582;Complexe Scolaire La grâce divine;;complexe_scolaire;Complexe scolaire;maternelle|primaire;non_indique;adjarra;;6.514149;2.664225;https://www.openstreetmap.org/node/10980388582;cartographie_collaborative;Type déduit du nom de l'établissement.
REF-OSM-node-10980392636;École Primaire Publique Adovié;;a_preciser;Établissement scolaire (type à préciser);;public;adjarra;;6.530240;2.658338;https://www.openstreetmap.org/node/10980392636;cartographie_collaborative;Type à préciser : aucun indice fiable dans OpenStreetMap.
REF-OSM-node-10980392838;CS SHALOM KPOVIÉ GBADA;;a_preciser;Établissement scolaire (type à préciser);;non_indique;adjarra;;6.521415;2.647606;https://www.openstreetmap.org/node/10980392838;cartographie_collaborative;Type à préciser : aucun indice fiable dans OpenStreetMap.
REF-OSM-node-10980399180;École primaire publique de DJAVi;;a_preciser;Établissement scolaire (type à préciser);;public;adjarra;;6.510732;2.688035;https://www.openstreetmap.org/node/10980399180;cartographie_collaborative;Type à préciser : aucun indice fiable dans OpenStreetMap.
REF-OSM-node-10980404029;CSP ALLOGNON;;a_preciser;Établissement scolaire (type à préciser);;non_indique;adjarra;;6.517097;2.645440;https://www.openstreetmap.org/node/10980404029;cartographie_collaborative;Type à préciser : aucun indice fiable dans OpenStreetMap.
REF-OSM-node-10980404030;Cspe mandela;;a_preciser;Établissement scolaire (type à préciser);;non_indique;adjarra;;6.509296;2.639609;https://www.openstreetmap.org/node/10980404030;cartographie_collaborative;Type à préciser : aucun indice fiable dans OpenStreetMap.
REF-OSM-node-10980409348;ONG islamique;;a_preciser;Établissement scolaire (type à préciser);;confessionnel;adjarra;;6.511378;2.685866;https://www.openstreetmap.org/node/10980409348;cartographie_collaborative;Type à préciser : aucun indice fiable dans OpenStreetMap.
REF-OSM-node-10980410360;CEG Epp Kpota;;college;Collège d'enseignement général (CEG);secondaire;public;adjarra;;6.496145;2.653516;https://www.openstreetmap.org/node/10980410360;cartographie_collaborative;Type déduit du nom de l'établissement.
REF-OSM-node-10980412847;CSP Bonne semence;;a_preciser;Établissement scolaire (type à préciser);;non_indique;adjarra;;6.513326;2.636391;https://www.openstreetmap.org/node/10980412847;cartographie_collaborative;Type à préciser : aucun indice fiable dans OpenStreetMap.
REF-OSM-node-10980412848;CSP Le flambeau;;a_preciser;Établissement scolaire (type à préciser);;non_indique;adjarra;;6.513764;2.646534;https://www.openstreetmap.org/node/10980412848;cartographie_collaborative;Type à préciser : aucun indice fiable dans OpenStreetMap.
REF-OSM-node-10980416701;Complexe Scolaire La sagesse Divine Plus;;complexe_scolaire;Complexe scolaire;maternelle|primaire;non_indique;adjarra;;6.517320;2.663089;https://www.openstreetmap.org/node/10980416701;cartographie_collaborative;Type déduit du nom de l'établissement.
REF-OSM-node-10980416702;EPP Aholouko;;ecole_primaire;École primaire;primaire;public;adjarra;;6.536608;2.662153;https://www.openstreetmap.org/node/10980416702;cartographie_collaborative;Type déduit du nom de l'établissement.
REF-OSM-node-10980417935;Guide de nos enfants;;a_preciser;Établissement scolaire (type à préciser);;non_indique;adjarra;;6.517697;2.643226;https://www.openstreetmap.org/node/10980417935;cartographie_collaborative;Type à préciser : aucun indice fiable dans OpenStreetMap.
REF-OSM-node-10980421400;Centre des Sourds;;a_preciser;Établissement scolaire (type à préciser);;non_indique;adjarra;;6.518589;2.650856;https://www.openstreetmap.org/node/10980421400;cartographie_collaborative;Type à préciser : aucun indice fiable dans OpenStreetMap.
REF-OSM-node-10980422305;CSP Les merveilles du monde;;a_preciser;Établissement scolaire (type à préciser);;non_indique;adjarra;;6.517631;2.646484;https://www.openstreetmap.org/node/10980422305;cartographie_collaborative;Type à préciser : aucun indice fiable dans OpenStreetMap.
REF-OSM-node-10980422795;Complexe Scolaire Privée Le Messie;;complexe_scolaire;Complexe scolaire;maternelle|primaire;prive;adjarra;;6.511323;2.671354;https://www.openstreetmap.org/node/10980422795;cartographie_collaborative;Type déduit du nom de l'établissement.
REF-OSM-node-10980423163;CEG les élites d'adjarra;;college;Collège d'enseignement général (CEG);secondaire;public;adjarra;;6.512619;2.642188;https://www.openstreetmap.org/node/10980423163;cartographie_collaborative;Type déduit du nom de l'établissement.
REF-OSM-node-10980425333;CSP la résurrection;;a_preciser;Établissement scolaire (type à préciser);;non_indique;adjarra;;6.510995;2.646559;https://www.openstreetmap.org/node/10980425333;cartographie_collaborative;Type à préciser : aucun indice fiable dans OpenStreetMap.
REF-OSM-node-10980425335;CSP les élites d'adjarra;;a_preciser;Établissement scolaire (type à préciser);;non_indique;adjarra;;6.512614;2.641639;https://www.openstreetmap.org/node/10980425335;cartographie_collaborative;Type à préciser : aucun indice fiable dans OpenStreetMap.
REF-OSM-node-10980425668;CSP le Jourdain;;a_preciser;Établissement scolaire (type à préciser);;non_indique;adjarra;;6.534814;2.662613;https://www.openstreetmap.org/node/10980425668;cartographie_collaborative;Type à préciser : aucun indice fiable dans OpenStreetMap.
REF-OSM-node-10980427862;EPP Hounhoueko C;;ecole_primaire;École primaire;primaire;public;adjarra;;6.535240;2.664052;https://www.openstreetmap.org/node/10980427862;cartographie_collaborative;Type déduit du nom de l'établissement.
REF-OSM-node-10980431146;EPP HOUNHOUEKO AB;;ecole_primaire;École primaire;primaire;public;adjarra;;6.535303;2.663614;https://www.openstreetmap.org/node/10980431146;cartographie_collaborative;Type déduit du nom de l'établissement.
REF-OSM-node-10980431147;CSP la main de Dieu;;a_preciser;Établissement scolaire (type à préciser);;non_indique;adjarra;;6.532812;2.668546;https://www.openstreetmap.org/node/10980431147;cartographie_collaborative;Type à préciser : aucun indice fiable dans OpenStreetMap.
REF-OSM-node-10980437963;Collège Privé d'enseignement général Étoile D'orient;;college;Collège;secondaire;prive;adjarra;;6.513832;2.669068;https://www.openstreetmap.org/node/10980437963;cartographie_collaborative;Type déduit du nom de l'établissement.
REF-OSM-node-10980438542;Le LAURÉAT;;a_preciser;Établissement scolaire (type à préciser);;non_indique;adjarra;;6.520083;2.648574;https://www.openstreetmap.org/node/10980438542;cartographie_collaborative;Type à préciser : aucun indice fiable dans OpenStreetMap.
REF-OSM-node-10980444530;EPP DROGBO;;ecole_primaire;École primaire;primaire;public;adjarra;;6.521014;2.678928;https://www.openstreetmap.org/node/10980444530;cartographie_collaborative;Type déduit du nom de l'établissement.
REF-OSM-node-10980451700;École maternelle de tchakou;;ecole_maternelle;École maternelle;maternelle;non_indique;adjarra;;6.485494;2.704205;https://www.openstreetmap.org/node/10980451700;cartographie_collaborative;Type déduit du nom de l'établissement.
REF-OSM-node-10980452628;La Cité du Roi Salomon;;a_preciser;Établissement scolaire (type à préciser);;non_indique;adjarra;;6.487134;2.701250;https://www.openstreetmap.org/node/10980452628;cartographie_collaborative;Type à préciser : aucun indice fiable dans OpenStreetMap.
REF-OSM-node-10980457636;CSP MAGNIFICAT;;a_preciser;Établissement scolaire (type à préciser);;non_indique;adjarra;;6.496632;2.701288;https://www.openstreetmap.org/node/10980457636;cartographie_collaborative;Type à préciser : aucun indice fiable dans OpenStreetMap.
REF-OSM-node-10980478088;EPP MÉDÉDJONOU SÈMÉ;;ecole_primaire;École primaire;primaire;public;adjarra;;6.489519;2.698271;https://www.openstreetmap.org/node/10980478088;cartographie_collaborative;Type déduit du nom de l'établissement.
REF-OSM-node-10980481852;Epp lindja-dangbo;;ecole_primaire;École primaire;primaire;public;adjarra;;6.491541;2.703345;https://www.openstreetmap.org/node/10980481852;cartographie_collaborative;Type déduit du nom de l'établissement.
REF-OSM-node-10980506919;COMPLEXE scolaire privé ma joie Promise;;complexe_scolaire;Complexe scolaire;maternelle|primaire;prive;adjarra;;6.508196;2.690332;https://www.openstreetmap.org/node/10980506919;cartographie_collaborative;Type déduit du nom de l'établissement.
REF-OSM-node-10989947601;CSP les chevaliers;;a_preciser;Établissement scolaire (type à préciser);;non_indique;adjarra;;6.505647;2.658382;https://www.openstreetmap.org/node/10989947601;cartographie_collaborative;Type à préciser : aucun indice fiable dans OpenStreetMap.
REF-OSM-node-10989972764;EPP Agata;;ecole_primaire;École primaire;primaire;public;adjarra;;6.503362;2.651677;https://www.openstreetmap.org/node/10989972764;cartographie_collaborative;Type déduit du nom de l'établissement.
REF-OSM-node-10989978855;CSP Succès au cœur;;a_preciser;Établissement scolaire (type à préciser);;non_indique;adjarra;;6.506624;2.661609;https://www.openstreetmap.org/node/10989978855;cartographie_collaborative;Type à préciser : aucun indice fiable dans OpenStreetMap.
REF-OSM-node-10989983552;International Marie auxiliatrice school;;a_preciser;Établissement scolaire (type à préciser);;non_indique;adjarra;;6.507446;2.660498;https://www.openstreetmap.org/node/10989983552;cartographie_collaborative;Type à préciser : aucun indice fiable dans OpenStreetMap.
REF-OSM-node-10989987072;CSP houetognon;;a_preciser;Établissement scolaire (type à préciser);;non_indique;adjarra;;6.514837;2.659341;https://www.openstreetmap.org/node/10989987072;cartographie_collaborative;Type à préciser : aucun indice fiable dans OpenStreetMap.
REF-OSM-node-10989988703;CSP Marie auxiliatrice;;a_preciser;Établissement scolaire (type à préciser);;non_indique;adjarra;;6.507752;2.661511;https://www.openstreetmap.org/node/10989988703;cartographie_collaborative;Type à préciser : aucun indice fiable dans OpenStreetMap.
REF-OSM-node-10989991202;CEG de yevie;;college;Collège d'enseignement général (CEG);secondaire;public;adjarra;;6.506139;2.656212;https://www.openstreetmap.org/node/10989991202;cartographie_collaborative;Type déduit du nom de l'établissement.
REF-OSM-node-10989998393;Complexe Scolaire Moustapha nassiratou;;complexe_scolaire;Complexe scolaire;maternelle|primaire;non_indique;adjarra;;6.516716;2.667847;https://www.openstreetmap.org/node/10989998393;cartographie_collaborative;Type déduit du nom de l'établissement.
REF-OSM-node-10990014499;Université catholique bilingue;;universite;Université;superieur;confessionnel;adjarra;;6.509086;2.676998;https://www.openstreetmap.org/node/10990014499;cartographie_collaborative;Type déduit du nom de l'établissement.
REF-OSM-node-10990033618;Complexe Scolaire Privé la Destinée;;complexe_scolaire;Complexe scolaire;maternelle|primaire;prive;adjarra;;6.509260;2.655660;https://www.openstreetmap.org/node/10990033618;cartographie_collaborative;Type déduit du nom de l'établissement.
REF-OSM-node-10990042408;Complexe scolaire ma joie Promise secondaire;;complexe_scolaire;Complexe scolaire;maternelle|primaire;non_indique;adjarra;;6.508141;2.690274;https://www.openstreetmap.org/node/10990042408;cartographie_collaborative;Type déduit du nom de l'établissement.
REF-OSM-node-10990058180;University for English;;universite;Université;superieur;non_indique;adjarra;;6.520728;2.654861;https://www.openstreetmap.org/node/10990058180;cartographie_collaborative;Type déduit du nom de l'établissement.
REF-OSM-node-10990073126;Complexe Scolaire le Droit Chemin;;complexe_scolaire;Complexe scolaire;maternelle|primaire;non_indique;adjarra;;6.509280;2.654609;https://www.openstreetmap.org/node/10990073126;cartographie_collaborative;Type déduit du nom de l'établissement.
REF-OSM-node-10990123489;CSP le mérite;;a_preciser;Établissement scolaire (type à préciser);;non_indique;adjarra;;6.501945;2.654025;https://www.openstreetmap.org/node/10990123489;cartographie_collaborative;Type à préciser : aucun indice fiable dans OpenStreetMap.
REF-OSM-node-10990126201;La sagesse de Dieu;;a_preciser;Établissement scolaire (type à préciser);;non_indique;adjarra;;6.501454;2.651344;https://www.openstreetmap.org/node/10990126201;cartographie_collaborative;Type à préciser : aucun indice fiable dans OpenStreetMap.
REF-OSM-node-10990127892;École privée maternelle félicitation;;ecole_maternelle;École maternelle;maternelle;prive;adjarra;;6.496858;2.689645;https://www.openstreetmap.org/node/10990127892;cartographie_collaborative;Type déduit du nom de l'établissement.
REF-OSM-node-10990136866;Lycée technique (le leader);;lycee_technique;Lycée technique;technique;non_indique;adjarra;;6.525307;2.663393;https://www.openstreetmap.org/node/10990136866;cartographie_collaborative;Type déduit du nom de l'établissement.
REF-OSM-node-10990142383;CSP le référentiel du savoir;;a_preciser;Établissement scolaire (type à préciser);;non_indique;adjarra;;6.500343;2.654747;https://www.openstreetmap.org/node/10990142383;cartographie_collaborative;Type à préciser : aucun indice fiable dans OpenStreetMap.
REF-OSM-node-10990146795;École primaire publique de Gbehadji;;a_preciser;Établissement scolaire (type à préciser);;public;adjarra;;6.499360;2.695953;https://www.openstreetmap.org/node/10990146795;cartographie_collaborative;Type à préciser : aucun indice fiable dans OpenStreetMap.
REF-OSM-node-10990154343;Institut national de la jeunesse de l'éducation physique et du sport (INJEPS);;ecole_superieure;Établissement d'enseignement supérieur;superieur;non_indique;adjarra;;6.501622;2.692604;https://www.openstreetmap.org/node/10990154343;cartographie_collaborative;Type déduit du nom de l'établissement.
REF-OSM-node-10990159744;Conplexe scolaire privé don de Dieu;;a_preciser;Établissement scolaire (type à préciser);;prive;adjarra;;6.520315;2.658873;https://www.openstreetmap.org/node/10990159744;cartographie_collaborative;Type à préciser : aucun indice fiable dans OpenStreetMap.
REF-OSM-node-10990163400;CPS la référence salem;;a_preciser;Établissement scolaire (type à préciser);;non_indique;adjarra;;6.522294;2.661732;https://www.openstreetmap.org/node/10990163400;cartographie_collaborative;Type à préciser : aucun indice fiable dans OpenStreetMap.
REF-OSM-node-10990166368;École primaire privée félicitation;;a_preciser;Établissement scolaire (type à préciser);;prive;adjarra;;6.496861;2.689694;https://www.openstreetmap.org/node/10990166368;cartographie_collaborative;Type à préciser : aucun indice fiable dans OpenStreetMap.
REF-OSM-node-10990171655;École primaire publique de mededjonou;;a_preciser;Établissement scolaire (type à préciser);;public;adjarra;;6.499477;2.700216;https://www.openstreetmap.org/node/10990171655;cartographie_collaborative;Type à préciser : aucun indice fiable dans OpenStreetMap.
REF-OSM-node-10990186906;École maternelle publique de mededjonou;;ecole_maternelle;École maternelle;maternelle;public;adjarra;;6.499007;2.697756;https://www.openstreetmap.org/node/10990186906;cartographie_collaborative;Type déduit du nom de l'établissement.
REF-OSM-node-10990199381;CS Temple du savoir;;a_preciser;Établissement scolaire (type à préciser);;non_indique;adjarra;;6.499631;2.659692;https://www.openstreetmap.org/node/10990199381;cartographie_collaborative;Type à préciser : aucun indice fiable dans OpenStreetMap.
REF-OSM-node-10990225203;Congrégation des sœurs esclaves de la très sainte eucharistie de la mère de dieu;;a_preciser;Établissement scolaire (type à préciser);;confessionnel;adjarra;;6.518565;2.684021;https://www.openstreetmap.org/node/10990225203;cartographie_collaborative;Type à préciser : aucun indice fiable dans OpenStreetMap.
REF-OSM-node-10990264948;Complexes scolaires de Houegbo;;a_preciser;Établissement scolaire (type à préciser);;non_indique;adjarra;;6.529127;2.674018;https://www.openstreetmap.org/node/10990264948;cartographie_collaborative;Type à préciser : aucun indice fiable dans OpenStreetMap.
REF-OSM-node-10990269140;École maternelle publique de pkota;;ecole_maternelle;École maternelle;maternelle;public;adjarra;;6.529282;2.671477;https://www.openstreetmap.org/node/10990269140;cartographie_collaborative;Type déduit du nom de l'établissement.
REF-OSM-node-10992320461;Complexe Scolaire saint Lambert;;complexe_scolaire;Complexe scolaire;maternelle|primaire;confessionnel;adjarra;;6.512696;2.663981;https://www.openstreetmap.org/node/10992320461;cartographie_collaborative;Type déduit du nom de l'établissement.
REF-OSM-node-10992333036;CSP sainte Odette;;a_preciser;Établissement scolaire (type à préciser);;confessionnel;adjarra;;6.517285;2.686433;https://www.openstreetmap.org/node/10992333036;cartographie_collaborative;Type à préciser : aucun indice fiable dans OpenStreetMap.
REF-OSM-node-10992335926;École maternelle saint Lambert;;ecole_maternelle;École maternelle;maternelle;confessionnel;adjarra;;6.512705;2.663832;https://www.openstreetmap.org/node/10992335926;cartographie_collaborative;Type déduit du nom de l'établissement.
REF-OSM-node-10992335927;CPS prive franco- arabe;;a_preciser;Établissement scolaire (type à préciser);;prive;adjarra;;6.522847;2.672696;https://www.openstreetmap.org/node/10992335927;cartographie_collaborative;Type à préciser : aucun indice fiable dans OpenStreetMap.
REF-OSM-node-10992335928;CSP le Secret de l'excellence;;a_preciser;Établissement scolaire (type à préciser);;non_indique;adjarra;;6.521230;2.665266;https://www.openstreetmap.org/node/10992335928;cartographie_collaborative;Type à préciser : aucun indice fiable dans OpenStreetMap.
REF-OSM-node-10992359312;La congrégation des sœurs esclave de la très sainte eucharistie et de mère de Dieu;;a_preciser;Établissement scolaire (type à préciser);;confessionnel;adjarra;;6.518924;2.684047;https://www.openstreetmap.org/node/10992359312;cartographie_collaborative;Type à préciser : aucun indice fiable dans OpenStreetMap.
REF-OSM-node-10992637172;Collège vision d'Afrique;;college;Collège;secondaire;non_indique;adjarra;;6.519579;2.646316;https://www.openstreetmap.org/node/10992637172;cartographie_collaborative;Type déduit du nom de l'établissement.
REF-OSM-node-10992681674;CSP la sagesse Divine;;a_preciser;Établissement scolaire (type à préciser);;non_indique;adjarra;;6.490774;2.665503;https://www.openstreetmap.org/node/10992681674;cartographie_collaborative;Type à préciser : aucun indice fiable dans OpenStreetMap.
REF-OSM-node-10992685098;CSP la recherche;;a_preciser;Établissement scolaire (type à préciser);;non_indique;adjarra;;6.525617;2.654502;https://www.openstreetmap.org/node/10992685098;cartographie_collaborative;Type à préciser : aucun indice fiable dans OpenStreetMap.
REF-OSM-node-10992689116;EPP kpovié gbada;;ecole_primaire;École primaire;primaire;public;avrankou;;6.524684;2.643914;https://www.openstreetmap.org/node/10992689116;cartographie_collaborative;Type déduit du nom de l'établissement.
REF-OSM-node-10992691168;École catholique de malanhoui;;a_preciser;Établissement scolaire (type à préciser);;confessionnel;adjarra;;6.492869;2.664498;https://www.openstreetmap.org/node/10992691168;cartographie_collaborative;Type à préciser : aucun indice fiable dans OpenStreetMap.
REF-OSM-node-10992702441;Complexe scolaire privé maternelle le compétent;;ecole_maternelle;École maternelle;maternelle;prive;adjarra;;6.484423;2.662311;https://www.openstreetmap.org/node/10992702441;cartographie_collaborative;Type déduit du nom de l'établissement.
REF-OSM-node-10992702442;Complexe scolaire privé primaire stella;;complexe_scolaire;Complexe scolaire;maternelle|primaire;prive;adjarra;;6.485304;2.657107;https://www.openstreetmap.org/node/10992702442;cartographie_collaborative;Type déduit du nom de l'établissement.
REF-OSM-node-10992709271;CSP Saint Moïse;;a_preciser;Établissement scolaire (type à préciser);;confessionnel;adjarra;;6.495664;2.657708;https://www.openstreetmap.org/node/10992709271;cartographie_collaborative;Type à préciser : aucun indice fiable dans OpenStreetMap.
REF-OSM-node-10992714160;CS Enicio-Enicia;;a_preciser;Établissement scolaire (type à préciser);;non_indique;adjarra;;6.494674;2.660541;https://www.openstreetmap.org/node/10992714160;cartographie_collaborative;Type à préciser : aucun indice fiable dans OpenStreetMap.
REF-OSM-node-10992714161;Complexe scolaire privé primaire le compétent;;complexe_scolaire;Complexe scolaire;maternelle|primaire;prive;adjarra;;6.484406;2.662339;https://www.openstreetmap.org/node/10992714161;cartographie_collaborative;Type déduit du nom de l'établissement.
REF-OSM-node-10992727717;Complexe scolaire privé la gloire messainique;;complexe_scolaire;Complexe scolaire;maternelle|primaire;prive;adjarra;;6.488746;2.665527;https://www.openstreetmap.org/node/10992727717;cartographie_collaborative;Type déduit du nom de l'établissement.
REF-OSM-node-10992728660;Complexe scolaire privé maternelle stella;;ecole_maternelle;École maternelle;maternelle;prive;adjarra;;6.485362;2.657180;https://www.openstreetmap.org/node/10992728660;cartographie_collaborative;Type déduit du nom de l'établissement.
REF-OSM-node-10992740955;Complexe scolaire acendance Adovie abiko;;complexe_scolaire;Complexe scolaire;maternelle|primaire;non_indique;adjarra;;6.528756;2.659036;https://www.openstreetmap.org/node/10992740955;cartographie_collaborative;Type déduit du nom de l'établissement.
REF-OSM-node-10992745523;EPP malanhoui;;ecole_primaire;École primaire;primaire;public;adjarra;;6.487638;2.660401;https://www.openstreetmap.org/node/10992745523;cartographie_collaborative;Type déduit du nom de l'établissement.
REF-OSM-node-10992751825;Complexe scolaire acendance (collège);;college;Collège;secondaire;non_indique;adjarra;;6.529334;2.659215;https://www.openstreetmap.org/node/10992751825;cartographie_collaborative;Type déduit du nom de l'établissement.
REF-OSM-node-10992850324;Complexe Scolaire Privé Bel Espoir;;complexe_scolaire;Complexe scolaire;maternelle|primaire;prive;adjarra;;6.513749;2.651122;https://www.openstreetmap.org/node/10992850324;cartographie_collaborative;Type déduit du nom de l'établissement.
REF-OSM-node-10992851268;Complexe Scolaire Privé Bel Espoir Groupe A et B;;complexe_scolaire;Complexe scolaire;maternelle|primaire;prive;adjarra;;6.512698;2.651803;https://www.openstreetmap.org/node/10992851268;cartographie_collaborative;Type déduit du nom de l'établissement.
REF-OSM-node-10992902438;Complexe Scolaire de Honvie;;complexe_scolaire;Complexe scolaire;maternelle|primaire;non_indique;adjarra;;6.516643;2.654778;https://www.openstreetmap.org/node/10992902438;cartographie_collaborative;Type déduit du nom de l'établissement.
REF-OSM-node-10992903910;Complexe Scolaire Collège Privé ( Enseignement Général et Industriel);;college;Collège;secondaire;prive;adjarra;;6.513021;2.651262;https://www.openstreetmap.org/node/10992903910;cartographie_collaborative;Type déduit du nom de l'établissement.
REF-OSM-node-11067616435;CSP gpep;;a_preciser;Établissement scolaire (type à préciser);;non_indique;adjarra;;6.481549;2.670444;https://www.openstreetmap.org/node/11067616435;cartographie_collaborative;Type à préciser : aucun indice fiable dans OpenStreetMap.
REF-OSM-node-11067619592;Les jumeaux;;a_preciser;Établissement scolaire (type à préciser);;non_indique;adjarra;;6.478177;2.668393;https://www.openstreetmap.org/node/11067619592;cartographie_collaborative;Type à préciser : aucun indice fiable dans OpenStreetMap.
REF-OSM-node-11067645204;Complexe scolaire la clé de la connaissance;;complexe_scolaire;Complexe scolaire;maternelle|primaire;non_indique;adjarra;;6.477057;2.661055;https://www.openstreetmap.org/node/11067645204;cartographie_collaborative;Type déduit du nom de l'établissement.
REF-OSM-node-11067668830;École maternelle publique de Vidjinan;;ecole_maternelle;École maternelle;maternelle;public;adjarra;;6.469408;2.666245;https://www.openstreetmap.org/node/11067668830;cartographie_collaborative;Type déduit du nom de l'établissement.
REF-OSM-node-11067669986;Complexe scolaire privé la bénédiction divine;;complexe_scolaire;Complexe scolaire;maternelle|primaire;prive;adjarra;;6.469488;2.664175;https://www.openstreetmap.org/node/11067669986;cartographie_collaborative;Type déduit du nom de l'établissement.
REF-OSM-node-11067683810;Complexe scolaire le succès;;complexe_scolaire;Complexe scolaire;maternelle|primaire;non_indique;adjarra;;6.480885;2.666455;https://www.openstreetmap.org/node/11067683810;cartographie_collaborative;Type déduit du nom de l'établissement.
REF-OSM-node-11067688784;Complexe scolaire chemin du bonheur;;complexe_scolaire;Complexe scolaire;maternelle|primaire;non_indique;adjarra;;6.473238;2.663416;https://www.openstreetmap.org/node/11067688784;cartographie_collaborative;Type déduit du nom de l'établissement.
REF-OSM-node-11067699029;Collège technique les jumeaux;;college;Collège;secondaire;non_indique;adjarra;;6.477977;2.668326;https://www.openstreetmap.org/node/11067699029;cartographie_collaborative;Type déduit du nom de l'établissement.
REF-OSM-node-11075358086;Collège Moderne Hamdan ben Rachid;;college;Collège;secondaire;non_indique;parakou;;9.347801;2.640421;https://www.openstreetmap.org/node/11075358086;cartographie_collaborative;Type déduit du nom de l'établissement.
REF-OSM-node-11075425041;École CSP les competents;;a_preciser;Établissement scolaire (type à préciser);;non_indique;parakou;;9.351412;2.651487;https://www.openstreetmap.org/node/11075425041;cartographie_collaborative;Type à préciser : aucun indice fiable dans OpenStreetMap.
REF-OSM-node-11075425758;École catholique Mgr FAROUD;;a_preciser;Établissement scolaire (type à préciser);;confessionnel;parakou;;9.349010;2.638176;https://www.openstreetmap.org/node/11075425758;cartographie_collaborative;Type à préciser : aucun indice fiable dans OpenStreetMap.
REF-OSM-node-11075442221;École maternelle Jean Maurice catroux;;ecole_maternelle;École maternelle;maternelle;non_indique;parakou;;9.349006;2.637991;https://www.openstreetmap.org/node/11075442221;cartographie_collaborative;Type déduit du nom de l'établissement.
REF-OSM-node-11075468790;École CSPB;;a_preciser;Établissement scolaire (type à préciser);;non_indique;parakou;;9.327463;2.652862;https://www.openstreetmap.org/node/11075468790;cartographie_collaborative;Type à préciser : aucun indice fiable dans OpenStreetMap.
REF-OSM-node-11075595045;École komkoba;;a_preciser;Établissement scolaire (type à préciser);;non_indique;parakou;;9.334443;2.654354;https://www.openstreetmap.org/node/11075595045;cartographie_collaborative;Type à préciser : aucun indice fiable dans OpenStreetMap.
REF-OSM-node-11075595050;CSP la Fontaine;;a_preciser;Établissement scolaire (type à préciser);;non_indique;parakou;;9.336724;2.652629;https://www.openstreetmap.org/node/11075595050;cartographie_collaborative;Type à préciser : aucun indice fiable dans OpenStreetMap.
REF-OSM-node-11075596084;École komkoba;;a_preciser;Établissement scolaire (type à préciser);;non_indique;parakou;;9.322831;2.647992;https://www.openstreetmap.org/node/11075596084;cartographie_collaborative;Type à préciser : aucun indice fiable dans OpenStreetMap.
REF-OSM-node-11075632224;CEG Baka;;college;Collège d'enseignement général (CEG);secondaire;public;parakou;;9.333299;2.655173;https://www.openstreetmap.org/node/11075632224;cartographie_collaborative;Type déduit du nom de l'établissement.
REF-OSM-node-11075661206;Epp baka;;ecole_primaire;École primaire;primaire;public;parakou;;9.318105;2.672266;https://www.openstreetmap.org/node/11075661206;cartographie_collaborative;Type déduit du nom de l'établissement.
REF-OSM-node-11075689289;La cité du savoir;;a_preciser;Établissement scolaire (type à préciser);;non_indique;parakou;;9.351241;2.645925;https://www.openstreetmap.org/node/11075689289;cartographie_collaborative;Type à préciser : aucun indice fiable dans OpenStreetMap.
REF-OSM-node-11075977776;CEG NIMA;;college;Collège d'enseignement général (CEG);secondaire;public;parakou;;9.358320;2.646375;https://www.openstreetmap.org/node/11075977776;cartographie_collaborative;Type déduit du nom de l'établissement.
REF-OSM-node-11076004840;LE FLAMBEAU;;a_preciser;Établissement scolaire (type à préciser);;non_indique;parakou;;9.362977;2.645902;https://www.openstreetmap.org/node/11076004840;cartographie_collaborative;Type à préciser : aucun indice fiable dans OpenStreetMap.
REF-OSM-node-11079049691;Centre al-hanifiyath pour le développement social;;a_preciser;Établissement scolaire (type à préciser);;non_indique;adjarra;;6.468574;2.679840;https://www.openstreetmap.org/node/11079049691;cartographie_collaborative;Type à préciser : aucun indice fiable dans OpenStreetMap.
REF-OSM-node-11079050989;Epp bokovi tokomey;;ecole_primaire;École primaire;primaire;public;adjarra;;6.468927;2.685647;https://www.openstreetmap.org/node/11079050989;cartographie_collaborative;Type déduit du nom de l'établissement.
REF-OSM-node-11079055640;Ceg Aglogbe;;college;Collège d'enseignement général (CEG);secondaire;public;adjarra;;6.471356;2.676042;https://www.openstreetmap.org/node/11079055640;cartographie_collaborative;Type déduit du nom de l'établissement.
REF-OSM-node-11079065076;Espoir Bignon;;a_preciser;Établissement scolaire (type à préciser);;non_indique;adjarra;;6.470210;2.684682;https://www.openstreetmap.org/node/11079065076;cartographie_collaborative;Type à préciser : aucun indice fiable dans OpenStreetMap.
REF-OSM-node-11083317876;Complexe scolaire primaire le salut divin gracieux;;complexe_scolaire;Complexe scolaire;maternelle|primaire;non_indique;adjarra;;6.476971;2.689568;https://www.openstreetmap.org/node/11083317876;cartographie_collaborative;Type déduit du nom de l'établissement.
REF-OSM-node-11083336772;EPP De OUEKE;;ecole_primaire;École primaire;primaire;public;adjarra;;6.484345;2.687354;https://www.openstreetmap.org/node/11083336772;cartographie_collaborative;Type déduit du nom de l'établissement.
REF-OSM-node-11083336773;CEG de odo-hongla;;college;Collège d'enseignement général (CEG);secondaire;public;adjarra;;6.472570;2.703397;https://www.openstreetmap.org/node/11083336773;cartographie_collaborative;Type déduit du nom de l'établissement.
REF-OSM-node-11083339629;École secondaire d'odo;;a_preciser;Établissement scolaire (type à préciser);;non_indique;adjarra;;6.475993;2.694897;https://www.openstreetmap.org/node/11083339629;cartographie_collaborative;Type à préciser : aucun indice fiable dans OpenStreetMap.
REF-OSM-node-11083379069;Complexe scolaire martenel le salut divin;;complexe_scolaire;Complexe scolaire;maternelle|primaire;non_indique;adjarra;;6.476990;2.689661;https://www.openstreetmap.org/node/11083379069;cartographie_collaborative;Type déduit du nom de l'établissement.
REF-OSM-node-11098002417;Epp Kombè;;ecole_primaire;École primaire;primaire;public;parakou;;9.350349;2.620471;https://www.openstreetmap.org/node/11098002417;cartographie_collaborative;Type déduit du nom de l'établissement.
REF-OSM-node-11148841173;Complexe Scolaire Ciracide;;complexe_scolaire;Complexe scolaire;maternelle|primaire;non_indique;seme-podji;;6.389070;2.445437;https://www.openstreetmap.org/node/11148841173;cartographie_collaborative;Type déduit du nom de l'établissement.
REF-OSM-node-11202171729;CSP le socle du savoir;;a_preciser;Établissement scolaire (type à préciser);;non_indique;parakou;;9.349284;2.621354;https://www.openstreetmap.org/node/11202171729;cartographie_collaborative;Type à préciser : aucun indice fiable dans OpenStreetMap.
REF-OSM-node-11202189619;EPP Abdoulaye Issa;;ecole_primaire;École primaire;primaire;public;parakou;;9.341774;2.622459;https://www.openstreetmap.org/node/11202189619;cartographie_collaborative;Type déduit du nom de l'établissement.
REF-OSM-node-11412521450;Collège d'Enseignement Secondaire Application;;college;Collège;secondaire;non_indique;porto-novo;;6.482244;2.614878;https://www.openstreetmap.org/node/11412521450;cartographie_collaborative;Type déduit du nom de l'établissement.
REF-OSM-node-11944495585;EPP KOMEY;;ecole_primaire;École primaire;primaire;public;djidja;;7.400357;1.953077;https://www.openstreetmap.org/node/11944495585;cartographie_collaborative;Type déduit du nom de l'établissement.
REF-OSM-node-12061581804;CEG Hinvi;;college;Collège d'enseignement général (CEG);secondaire;public;allada;;6.771338;2.168338;https://www.openstreetmap.org/node/12061581804;cartographie_collaborative;Type déduit du nom de l'établissement.
REF-OSM-node-12061599657;EPP Hinvi usine;;ecole_primaire;École primaire;primaire;public;allada;;6.765913;2.179445;https://www.openstreetmap.org/node/12061599657;cartographie_collaborative;Type déduit du nom de l'établissement.
REF-OSM-node-12061606427;Complexe scolaire Dagobert 1er;;complexe_scolaire;Complexe scolaire;maternelle|primaire;non_indique;allada;;6.669789;2.166895;https://www.openstreetmap.org/node/12061606427;cartographie_collaborative;Type déduit du nom de l'établissement.
REF-OSM-node-12061611267;École Bilingue Chrétienne d'Allada;;a_preciser;Établissement scolaire (type à préciser);;non_indique;allada;;6.664960;2.155198;https://www.openstreetmap.org/node/12061611267;cartographie_collaborative;Type à préciser : aucun indice fiable dans OpenStreetMap.
REF-OSM-node-12061612209;École primaire publique d'Attogon;;a_preciser;Établissement scolaire (type à préciser);;public;allada;;6.724666;2.166277;https://www.openstreetmap.org/node/12061612209;cartographie_collaborative;Type à préciser : aucun indice fiable dans OpenStreetMap.
REF-OSM-node-12061613061;EPP ALLOMEY;;ecole_primaire;École primaire;primaire;public;allada;;6.664876;2.150428;https://www.openstreetmap.org/node/12061613061;cartographie_collaborative;Type déduit du nom de l'établissement.
REF-OSM-node-12061613499;CSP LE succès 2;;a_preciser;Établissement scolaire (type à préciser);;non_indique;allada;;6.766108;2.185484;https://www.openstreetmap.org/node/12061613499;cartographie_collaborative;Type à préciser : aucun indice fiable dans OpenStreetMap.
REF-OSM-node-12061617154;Collège Catholique Sainte Jeanne d'Arc d'Allada;;college;Collège;secondaire;confessionnel;allada;;6.664260;2.153461;https://www.openstreetmap.org/node/12061617154;cartographie_collaborative;Type déduit du nom de l'établissement.
REF-OSM-node-12061618827;Collège d'enseignement général;;college;Collège d'enseignement général (CEG);secondaire;non_indique;allada;;6.729506;2.160539;https://www.openstreetmap.org/node/12061618827;cartographie_collaborative;Type déduit du nom de l'établissement.
REF-OSM-node-12061620433;Complexe scolaire bilingue sainte mère Theresa;;complexe_scolaire;Complexe scolaire;maternelle|primaire;confessionnel;abomey-calavi;;6.432052;2.344298;https://www.openstreetmap.org/node/12061620433;cartographie_collaborative;Type déduit du nom de l'établissement.
REF-OSM-node-12061621665;Les surdoués;;a_preciser;Établissement scolaire (type à préciser);;non_indique;abomey-calavi;;6.418274;2.335575;https://www.openstreetmap.org/node/12061621665;cartographie_collaborative;Type à préciser : aucun indice fiable dans OpenStreetMap.
REF-OSM-node-12061625872;Complexe Scolaire Allada Centre A B C;;complexe_scolaire;Complexe scolaire;maternelle|primaire;non_indique;allada;;6.662686;2.152973;https://www.openstreetmap.org/node/12061625872;cartographie_collaborative;Type déduit du nom de l'établissement.
REF-OSM-node-12061655359;Complexe scolaire de Lissegazou;;complexe_scolaire;Complexe scolaire;maternelle|primaire;non_indique;allada;;6.630643;2.092132;https://www.openstreetmap.org/node/12061655359;cartographie_collaborative;Type déduit du nom de l'établissement.
REF-OSM-node-12063363902;EPP ATTOGON;;ecole_primaire;École primaire;primaire;public;allada;;6.716308;2.157505;https://www.openstreetmap.org/node/12063363902;cartographie_collaborative;Type déduit du nom de l'établissement.
REF-OSM-node-12063381994;Complexe scolaire ''Misericorde Divine '';;complexe_scolaire;Complexe scolaire;maternelle|primaire;non_indique;allada;;6.705280;2.150607;https://www.openstreetmap.org/node/12063381994;cartographie_collaborative;Type déduit du nom de l'établissement.
REF-OSM-node-12078449980;Complexe Scolaire Sainte Fored;;complexe_scolaire;Complexe scolaire;maternelle|primaire;confessionnel;abomey-calavi;;6.429190;2.337233;https://www.openstreetmap.org/node/12078449980;cartographie_collaborative;Type déduit du nom de l'établissement.
REF-OSM-node-12120592491;Institut de Mathématiques et des Sciences Physiques;;ecole_superieure;Établissement d'enseignement supérieur;superieur;non_indique;dangbo;;6.602744;2.545330;https://www.openstreetmap.org/node/12120592491;cartographie_collaborative;Type déduit du nom de l'établissement.
REF-OSM-node-12144235123;CEG Agoué;;college;Collège d'enseignement général (CEG);secondaire;public;grand-popo;;6.252133;1.688104;https://www.openstreetmap.org/node/12144235123;cartographie_collaborative;Type déduit du nom de l'établissement.
REF-OSM-node-12145761713;Collège privé d'enseignement général saint Luc;;college;Collège;secondaire;prive;akpro-misserete;;6.547760;2.583336;https://www.openstreetmap.org/node/12145761713;cartographie_collaborative;Type déduit du nom de l'établissement.
REF-OSM-node-12146041039;Complexe scolaire Dodji;;complexe_scolaire;Complexe scolaire;maternelle|primaire;non_indique;avrankou;;6.544791;2.616410;https://www.openstreetmap.org/node/12146041039;cartographie_collaborative;Type déduit du nom de l'établissement.
REF-OSM-node-12146085369;École Maternelle de Gomè - Sota;;ecole_maternelle;École maternelle;maternelle;non_indique;akpro-misserete;;6.580951;2.591756;https://www.openstreetmap.org/node/12146085369;cartographie_collaborative;Type déduit du nom de l'établissement.
REF-OSM-node-12146108565;Complexe scolaire privé les arrons;;complexe_scolaire;Complexe scolaire;maternelle|primaire;prive;akpro-misserete;;6.537364;2.589384;https://www.openstreetmap.org/node/12146108565;cartographie_collaborative;Type déduit du nom de l'établissement.
REF-OSM-node-12146134115;Complexe scolaire AVE MARIA;;complexe_scolaire;Complexe scolaire;maternelle|primaire;non_indique;akpro-misserete;;6.542994;2.582557;https://www.openstreetmap.org/node/12146134115;cartographie_collaborative;Type déduit du nom de l'établissement.
REF-OSM-node-12146134230;Complexe Scolaire Akpro-Missérété ABC;;complexe_scolaire;Complexe scolaire;maternelle|primaire;non_indique;akpro-misserete;;6.558667;2.587840;https://www.openstreetmap.org/node/12146134230;cartographie_collaborative;Type déduit du nom de l'établissement.
REF-OSM-node-12146145329;Complexe scolaire bilingue;;complexe_scolaire;Complexe scolaire;maternelle|primaire;non_indique;akpro-misserete;;6.567517;2.597100;https://www.openstreetmap.org/node/12146145329;cartographie_collaborative;Type déduit du nom de l'établissement.
REF-OSM-node-12146149229;Notre dame de la Persévérance;;a_preciser;Établissement scolaire (type à préciser);;non_indique;akpro-misserete;;6.599409;2.590255;https://www.openstreetmap.org/node/12146149229;cartographie_collaborative;Type à préciser : aucun indice fiable dans OpenStreetMap.
REF-OSM-node-12146153220;Complexe scolaire le formateur d'abogomain;;complexe_scolaire;Complexe scolaire;maternelle|primaire;non_indique;akpro-misserete;;6.542189;2.579679;https://www.openstreetmap.org/node/12146153220;cartographie_collaborative;Type déduit du nom de l'établissement.
REF-OSM-node-12146154376;LA DIVINE SHALOM;;a_preciser;Établissement scolaire (type à préciser);;non_indique;akpro-misserete;;6.580560;2.590232;https://www.openstreetmap.org/node/12146154376;cartographie_collaborative;Type à préciser : aucun indice fiable dans OpenStreetMap.
REF-OSM-node-12146154377;École primaire publique;;a_preciser;Établissement scolaire (type à préciser);;public;akpro-misserete;;6.606435;2.590605;https://www.openstreetmap.org/node/12146154377;cartographie_collaborative;Type à préciser : aucun indice fiable dans OpenStreetMap.
REF-OSM-node-12146154568;"Le challenge ""ALFURAIH""";;a_preciser;Établissement scolaire (type à préciser);;non_indique;akpro-misserete;;6.565936;2.597143;https://www.openstreetmap.org/node/12146154568;cartographie_collaborative;Type à préciser : aucun indice fiable dans OpenStreetMap.
REF-OSM-node-12146159590;EPP MISSERETE ADANMAYI;;ecole_primaire;École primaire;primaire;public;akpro-misserete;;6.557072;2.590440;https://www.openstreetmap.org/node/12146159590;cartographie_collaborative;Type déduit du nom de l'établissement.
REF-OSM-node-12146161230;CSP LES VAILLANTS;;a_preciser;Établissement scolaire (type à préciser);;non_indique;akpro-misserete;;6.569820;2.592815;https://www.openstreetmap.org/node/12146161230;cartographie_collaborative;Type à préciser : aucun indice fiable dans OpenStreetMap.
REF-OSM-node-12146161311;Complexe scolaire Saint Luc;;complexe_scolaire;Complexe scolaire;maternelle|primaire;confessionnel;akpro-misserete;;6.547759;2.583381;https://www.openstreetmap.org/node/12146161311;cartographie_collaborative;Type déduit du nom de l'établissement.
REF-OSM-node-12146163377;Cours primaire publique;;complexe_scolaire;Complexe scolaire;maternelle|primaire;public;akpro-misserete;;6.589531;2.589726;https://www.openstreetmap.org/node/12146163377;cartographie_collaborative;Type déduit du nom de l'établissement.
REF-OSM-node-12146164607;CEG 1 MISSERETE;;college;Collège d'enseignement général (CEG);secondaire;public;akpro-misserete;;6.553347;2.588628;https://www.openstreetmap.org/node/12146164607;cartographie_collaborative;Type déduit du nom de l'établissement.
REF-OSM-node-12146164821;EPP AKPAKANME-GBENONKPO;;ecole_primaire;École primaire;primaire;public;akpro-misserete;;6.570653;2.594219;https://www.openstreetmap.org/node/12146164821;cartographie_collaborative;Type déduit du nom de l'établissement.
REF-OSM-node-12146164824;CSP LA VOIE DU SUCCÈS;;a_preciser;Établissement scolaire (type à préciser);;non_indique;akpro-misserete;;6.596946;2.590464;https://www.openstreetmap.org/node/12146164824;cartographie_collaborative;Type à préciser : aucun indice fiable dans OpenStreetMap.
REF-OSM-node-12146165514;Complexe scolaire Batiste de vankon azohoue;;complexe_scolaire;Complexe scolaire;maternelle|primaire;non_indique;akpro-misserete;;6.536770;2.594024;https://www.openstreetmap.org/node/12146165514;cartographie_collaborative;Type déduit du nom de l'établissement.
REF-OSM-node-12146165701;CSP LES ANGES DIVINS;;a_preciser;Établissement scolaire (type à préciser);;non_indique;adjarra;;6.509301;2.662304;https://www.openstreetmap.org/node/12146165701;cartographie_collaborative;Type à préciser : aucun indice fiable dans OpenStreetMap.
REF-OSM-node-12146166059;Complexe scolaire bilingue les prunelles;;complexe_scolaire;Complexe scolaire;maternelle|primaire;non_indique;akpro-misserete;;6.538727;2.592136;https://www.openstreetmap.org/node/12146166059;cartographie_collaborative;Type déduit du nom de l'établissement.
REF-OSM-node-12146166060;Complexe scolaire privé l'elite;;complexe_scolaire;Complexe scolaire;maternelle|primaire;prive;akpro-misserete;;6.545653;2.569155;https://www.openstreetmap.org/node/12146166060;cartographie_collaborative;Type déduit du nom de l'établissement.
REF-OSM-node-12146166436;CSP Soainte Dominique;;a_preciser;Établissement scolaire (type à préciser);;non_indique;akpro-misserete;;6.585367;2.590711;https://www.openstreetmap.org/node/12146166436;cartographie_collaborative;Type à préciser : aucun indice fiable dans OpenStreetMap.
REF-OSM-node-12146166832;CSP BILINGUE La sécurité en Éducation;;a_preciser;Établissement scolaire (type à préciser);;non_indique;akpro-misserete;;6.548749;2.589040;https://www.openstreetmap.org/node/12146166832;cartographie_collaborative;Type à préciser : aucun indice fiable dans OpenStreetMap.
REF-OSM-node-12151134962;CSP MIVENOUMEDE;;a_preciser;Établissement scolaire (type à préciser);;non_indique;adja-ouere;;6.911917;2.622037;https://www.openstreetmap.org/node/12151134962;cartographie_collaborative;Type à préciser : aucun indice fiable dans OpenStreetMap.
REF-OSM-node-12151157293;Complexe Scolaire Évangélique Rehoboth;;complexe_scolaire;Complexe scolaire;maternelle|primaire;non_indique;adja-ouere;;6.913331;2.617476;https://www.openstreetmap.org/node/12151157293;cartographie_collaborative;Type déduit du nom de l'établissement.
REF-OSM-node-12151160588;CSP LA GLOIRE DIVINE;;a_preciser;Établissement scolaire (type à préciser);;non_indique;adja-ouere;;6.910087;2.615182;https://www.openstreetmap.org/node/12151160588;cartographie_collaborative;Type à préciser : aucun indice fiable dans OpenStreetMap.
REF-OSM-node-12151184531;Epp Djikpê;;ecole_primaire;École primaire;primaire;public;adja-ouere;;6.908194;2.611155;https://www.openstreetmap.org/node/12151184531;cartographie_collaborative;Type déduit du nom de l'établissement.
REF-OSM-node-12151187211;EPP Oke Owo;;ecole_primaire;École primaire;primaire;public;adja-ouere;;6.901766;2.624830;https://www.openstreetmap.org/node/12151187211;cartographie_collaborative;Type déduit du nom de l'établissement.
REF-OSM-node-12159103718;Cours primaire publique Agboto;;complexe_scolaire;Complexe scolaire;maternelle|primaire;public;adjarra;;6.512002;2.660009;https://www.openstreetmap.org/node/12159103718;cartographie_collaborative;Type déduit du nom de l'établissement.
REF-OSM-node-12159464100;CS lumières divine de l'unité;;a_preciser;Établissement scolaire (type à préciser);;non_indique;porto-novo;;6.515362;2.603570;https://www.openstreetmap.org/node/12159464100;cartographie_collaborative;Type à préciser : aucun indice fiable dans OpenStreetMap.
REF-OSM-node-12159466047;Complexe scolaire privé saint joseph;;complexe_scolaire;Complexe scolaire;maternelle|primaire;prive;porto-novo;;6.510691;2.608611;https://www.openstreetmap.org/node/12159466047;cartographie_collaborative;Type déduit du nom de l'établissement.
REF-OSM-node-12159475553;Collège catholique Notre-Dame de Lourdes d'akonaboe;;college;Collège;secondaire;confessionnel;porto-novo;;6.515124;2.603564;https://www.openstreetmap.org/node/12159475553;cartographie_collaborative;Type déduit du nom de l'établissement.
REF-OSM-node-12159475555;Complexe scolaire privé la priorité;;complexe_scolaire;Complexe scolaire;maternelle|primaire;prive;porto-novo;;6.507404;2.603023;https://www.openstreetmap.org/node/12159475555;cartographie_collaborative;Type déduit du nom de l'établissement.
REF-OSM-node-12159540654;CSP HOSANNA;;a_preciser;Établissement scolaire (type à préciser);;non_indique;ketou;;7.348280;2.592104;https://www.openstreetmap.org/node/12159540654;cartographie_collaborative;Type à préciser : aucun indice fiable dans OpenStreetMap.
REF-OSM-node-12193119466;CEG ouenou;;college;Collège d'enseignement général (CEG);secondaire;public;n-dali;;9.790884;2.637356;https://www.openstreetmap.org/node/12193119466;cartographie_collaborative;Type déduit du nom de l'établissement.
REF-OSM-node-12193152121;Cour primaire publique;;a_preciser;Établissement scolaire (type à préciser);;public;n-dali;;9.789488;2.638133;https://www.openstreetmap.org/node/12193152121;cartographie_collaborative;Type à préciser : aucun indice fiable dans OpenStreetMap.
REF-OSM-node-12195211811;École primaire publique;;a_preciser;Établissement scolaire (type à préciser);;public;n-dali;;9.749668;2.436994;https://www.openstreetmap.org/node/12195211811;cartographie_collaborative;Type à préciser : aucun indice fiable dans OpenStreetMap.
REF-OSM-node-12195243610;Maternelle;;ecole_maternelle;École maternelle;maternelle;non_indique;n-dali;;9.745439;2.443626;https://www.openstreetmap.org/node/12195243610;cartographie_collaborative;Type déduit du nom de l'établissement.
REF-OSM-node-12198942168;Centre social;;ecole_maternelle;École maternelle;maternelle;non_indique;tchaourou;;8.880632;2.598934;https://www.openstreetmap.org/node/12198942168;cartographie_collaborative;Type déduit des attributs OpenStreetMap.
REF-OSM-node-12198968037;École privé GLORIA;;a_preciser;Établissement scolaire (type à préciser);;prive;tchaourou;;8.876522;2.598742;https://www.openstreetmap.org/node/12198968037;cartographie_collaborative;Type à préciser : aucun indice fiable dans OpenStreetMap.
REF-OSM-node-12198974644;CPEGT GLORIA;;a_preciser;Établissement scolaire (type à préciser);;non_indique;tchaourou;;8.875813;2.601046;https://www.openstreetmap.org/node/12198974644;cartographie_collaborative;Type à préciser : aucun indice fiable dans OpenStreetMap.
REF-OSM-node-12247816828;École primaire publique;;a_preciser;Établissement scolaire (type à préciser);;public;ouinhi;;7.139080;2.455423;https://www.openstreetmap.org/node/12247816828;cartographie_collaborative;Type à préciser : aucun indice fiable dans OpenStreetMap.
REF-OSM-node-12247822421;CEG Aïzè;;college;Collège d'enseignement général (CEG);secondaire;public;ouinhi;;7.156697;2.485910;https://www.openstreetmap.org/node/12247822421;cartographie_collaborative;Type déduit du nom de l'établissement.
REF-OSM-node-12247826425;École primaire publique groupe B;;a_preciser;Établissement scolaire (type à préciser);;public;ouinhi;;7.137355;2.448142;https://www.openstreetmap.org/node/12247826425;cartographie_collaborative;Type à préciser : aucun indice fiable dans OpenStreetMap.
REF-OSM-node-12247828727;École primaire publique;;a_preciser;Établissement scolaire (type à préciser);;public;ouinhi;;7.103518;2.465156;https://www.openstreetmap.org/node/12247828727;cartographie_collaborative;Type à préciser : aucun indice fiable dans OpenStreetMap.
REF-OSM-node-12247839229;École primaire publique;;a_preciser;Établissement scolaire (type à préciser);;public;ouinhi;;7.135815;2.447518;https://www.openstreetmap.org/node/12247839229;cartographie_collaborative;Type à préciser : aucun indice fiable dans OpenStreetMap.
REF-OSM-node-12247841645;CEG Vèssamè;;college;Collège d'enseignement général (CEG);secondaire;public;ouinhi;;7.121283;2.458725;https://www.openstreetmap.org/node/12247841645;cartographie_collaborative;Type déduit du nom de l'établissement.
REF-OSM-node-12255864948;EPP OUASSAHO;;ecole_primaire;École primaire;primaire;public;bohicon;;7.151420;2.044746;https://www.openstreetmap.org/node/12255864948;cartographie_collaborative;Type déduit du nom de l'établissement.
REF-OSM-node-12255874294;École primaire publique de sounou;;a_preciser;Établissement scolaire (type à préciser);;public;abomey;;7.209308;2.000602;https://www.openstreetmap.org/node/12255874294;cartographie_collaborative;Type à préciser : aucun indice fiable dans OpenStreetMap.
REF-OSM-node-12255881543;EPP Saint Martin;;ecole_primaire;École primaire;primaire;public;zogbodomey;;7.118611;2.083520;https://www.openstreetmap.org/node/12255881543;cartographie_collaborative;Type déduit du nom de l'établissement.
REF-OSM-node-12255883240;CEG 1 Zogbodomey;;college;Collège d'enseignement général (CEG);secondaire;public;zogbodomey;;7.071912;2.111357;https://www.openstreetmap.org/node/12255883240;cartographie_collaborative;Type déduit du nom de l'établissement.
REF-OSM-node-12255889466;College d'enseignement général de zogbodomey;;college;Collège d'enseignement général (CEG);secondaire;non_indique;zogbodomey;;7.069806;2.115568;https://www.openstreetmap.org/node/12255889466;cartographie_collaborative;Type déduit du nom de l'établissement.
REF-OSM-node-12255893603;CEG GOHO;;college;Collège d'enseignement général (CEG);secondaire;public;abomey;;7.181561;2.020220;https://www.openstreetmap.org/node/12255893603;cartographie_collaborative;Type déduit du nom de l'établissement.
REF-OSM-node-12255899612;EPP Hountondji;;ecole_primaire;École primaire;primaire;public;abomey;;7.187890;2.001180;https://www.openstreetmap.org/node/12255899612;cartographie_collaborative;Type déduit du nom de l'établissement.
REF-OSM-node-12422896559;Complexe scolaire sokou denou;;complexe_scolaire;Complexe scolaire;maternelle|primaire;non_indique;allada;;6.652517;2.145851;https://www.openstreetmap.org/node/12422896559;cartographie_collaborative;Type déduit du nom de l'établissement.
REF-OSM-node-12422908197;CEG Allada Togoudo;;college;Collège d'enseignement général (CEG);secondaire;public;allada;;6.657393;2.185605;https://www.openstreetmap.org/node/12422908197;cartographie_collaborative;Type déduit du nom de l'établissement.
REF-OSM-node-12422927853;Complexe Scolaire D'ATTOGON;;complexe_scolaire;Complexe scolaire;maternelle|primaire;non_indique;allada;;6.725239;2.166407;https://www.openstreetmap.org/node/12422927853;cartographie_collaborative;Type déduit du nom de l'établissement.
REF-OSM-node-12422935651;Saint François d'Assise;;a_preciser;Établissement scolaire (type à préciser);;confessionnel;allada;;6.643440;2.139279;https://www.openstreetmap.org/node/12422935651;cartographie_collaborative;Type à préciser : aucun indice fiable dans OpenStreetMap.
REF-OSM-node-12422938347;COMPLEXE SCOLAIRE D'AVAKPA;;complexe_scolaire;Complexe scolaire;maternelle|primaire;non_indique;allada;;6.672346;2.041846;https://www.openstreetmap.org/node/12422938347;cartographie_collaborative;Type déduit du nom de l'établissement.
REF-OSM-node-12422951845;EPP Donou Tokpota;;ecole_primaire;École primaire;primaire;public;allada;;6.690329;2.148969;https://www.openstreetmap.org/node/12422951845;cartographie_collaborative;Type déduit du nom de l'établissement.
REF-OSM-node-12422951911;ESMER Acasemy;;a_preciser;Établissement scolaire (type à préciser);;non_indique;allada;;6.658234;2.166937;https://www.openstreetmap.org/node/12422951911;cartographie_collaborative;Type à préciser : aucun indice fiable dans OpenStreetMap.
REF-OSM-node-12422958084;CEG ATTOGON;;college;Collège d'enseignement général (CEG);secondaire;public;allada;;6.728511;2.160496;https://www.openstreetmap.org/node/12422958084;cartographie_collaborative;Type déduit du nom de l'établissement.
REF-OSM-node-12423027174;CEG Ayou;;college;Collège d'enseignement général (CEG);secondaire;public;allada;;6.715740;2.124770;https://www.openstreetmap.org/node/12423027174;cartographie_collaborative;Type déduit du nom de l'établissement.
REF-OSM-node-12423033932;Complexe scolaire de Ayou A.B.C;;complexe_scolaire;Complexe scolaire;maternelle|primaire;non_indique;allada;;6.727636;2.118071;https://www.openstreetmap.org/node/12423033932;cartographie_collaborative;Type déduit du nom de l'établissement.
REF-OSM-node-12423201206;EPP Donouko kpota;;ecole_primaire;École primaire;primaire;public;allada;;6.690248;2.148991;https://www.openstreetmap.org/node/12423201206;cartographie_collaborative;Type déduit du nom de l'établissement.
REF-OSM-node-12584883994;EPP Hlagba-Ouassa;;ecole_primaire;École primaire;primaire;public;zogbodomey;;6.996787;2.238751;https://www.openstreetmap.org/node/12584883994;cartographie_collaborative;Type déduit du nom de l'établissement.
REF-OSM-node-12651790125;CEG Aguidahoué;;college;Collège d'enseignement général (CEG);secondaire;public;lokossa;;6.693821;1.619255;https://www.openstreetmap.org/node/12651790125;cartographie_collaborative;Type déduit du nom de l'établissement.
REF-OSM-node-12699161112;École Catholique Louis Amigo;;ecole_primaire;École primaire;primaire;confessionnel;abomey-calavi;;6.439480;2.289784;https://www.openstreetmap.org/node/12699161112;cartographie_collaborative;Type déduit des attributs OpenStreetMap.
REF-OSM-node-12768615162;Lycée technique agricole Bernadette Sohoundji Agossou;;lycee_technique;Lycée technique;technique;non_indique;klouekanme;;7.045501;1.791469;https://www.openstreetmap.org/node/12768615162;cartographie_collaborative;Type déduit du nom de l'établissement.
REF-OSM-node-12768679279;Complexe scolaire de Hondjin centre à Klouékanmè;;complexe_scolaire;Complexe scolaire;maternelle|primaire;public;toviklin;;6.916918;1.843108;https://www.openstreetmap.org/node/12768679279;cartographie_collaborative;Type déduit du nom de l'établissement.
REF-OSM-node-13073804530;Modestyno le Maire;;universite;Université;superieur;non_indique;adjarra;;6.517940;2.677573;https://www.openstreetmap.org/node/13073804530;cartographie_collaborative;Type déduit des attributs OpenStreetMap.
REF-OSM-node-13474434148;"Université Le ""FAUCON""";;universite;Université;superieur;non_indique;abomey-calavi;;6.456779;2.355191;https://www.openstreetmap.org/node/13474434148;cartographie_collaborative;Type déduit du nom de l'établissement.
REF-OSM-node-13860089571;École primaire publique de Emèda;;ecole_maternelle;École maternelle;maternelle;public;ketou;;7.500910;2.644672;https://www.openstreetmap.org/node/13860089571;cartographie_collaborative;Type déduit du nom de l'établissement.
REF-OSM-node-13915424552;CEG Banikoara;;college;Collège d'enseignement général (CEG);secondaire;public;banikoara;;11.306648;2.446790;https://www.openstreetmap.org/node/13915424552;cartographie_collaborative;Type déduit du nom de l'établissement.
REF-OSM-node-13915424556;CSP LA TENDRESSE;;a_preciser;Établissement scolaire (type à préciser);;non_indique;banikoara;;11.310414;2.445842;https://www.openstreetmap.org/node/13915424556;cartographie_collaborative;Type à préciser : aucun indice fiable dans OpenStreetMap.
REF-OSM-node-13917830983;EPP YADIKPAROU;;ecole_primaire;École primaire;primaire;public;banikoara;;11.296427;2.440662;https://www.openstreetmap.org/node/13917830983;cartographie_collaborative;Type déduit du nom de l'établissement.
REF-OSM-node-13918334780;Epp Batran;;ecole_primaire;École primaire;primaire;public;banikoara;;11.403369;2.371843;https://www.openstreetmap.org/node/13918334780;cartographie_collaborative;Type déduit du nom de l'établissement.
REF-OSM-node-13918366804;Epp Tokey-banta;;ecole_primaire;École primaire;primaire;public;banikoara;;11.301921;2.417590;https://www.openstreetmap.org/node/13918366804;cartographie_collaborative;Type déduit du nom de l'établissement.
REF-OSM-node-13918366805;Epp Orou Gnonrou;;ecole_primaire;École primaire;primaire;public;banikoara;;11.299671;2.430687;https://www.openstreetmap.org/node/13918366805;cartographie_collaborative;Type déduit du nom de l'établissement.
REF-OSM-node-14028695001;École de formation des enseignants du secondaire;;a_preciser;Établissement scolaire (type à préciser);;non_indique;save;;8.051432;2.505117;https://www.openstreetmap.org/node/14028695001;cartographie_collaborative;Type à préciser : aucun indice fiable dans OpenStreetMap.
REF-OSM-node-14074966737;Epp Kpéssanrou;;ecole_primaire;École primaire;primaire;public;banikoara;État béninois;11.390738;2.502913;https://www.openstreetmap.org/node/14074966737;cartographie_collaborative;Type déduit du nom de l'établissement.
REF-OSM-node-14074966738;Epp Founougo;;ecole_primaire;École primaire;primaire;public;banikoara;;11.472529;2.533413;https://www.openstreetmap.org/node/14074966738;cartographie_collaborative;Type déduit du nom de l'établissement.
REF-OSM-node-14228291311;La Tulipe Centre de formation Professionnelle;;centre_formation_professionnelle;Centre de formation professionnelle;technique;non_indique;abomey-calavi;;6.389243;2.312033;https://www.openstreetmap.org/node/14228291311;cartographie_collaborative;Type déduit du nom de l'établissement.
REF-OSM-node-14228343063;CEG LOBOZOUNKPA;;college;Collège d'enseignement général (CEG);secondaire;public;abomey-calavi;;6.386738;2.308218;https://www.openstreetmap.org/node/14228343063;cartographie_collaborative;Type déduit du nom de l'établissement.
REF-OSM-node-14228422331;Complexe Scolaire Le Bon Grain De DIEU;;complexe_scolaire;Complexe scolaire;maternelle|primaire;non_indique;abomey-calavi;;6.394691;2.312803;https://www.openstreetmap.org/node/14228422331;cartographie_collaborative;Type déduit du nom de l'établissement.
REF-OSM-node-14229216285;Complexe Scolaire SAINTE ANNE D'AFRIQUE;;complexe_scolaire;Complexe scolaire;maternelle|primaire;confessionnel;abomey-calavi;;6.381771;2.290284;https://www.openstreetmap.org/node/14229216285;cartographie_collaborative;Type déduit du nom de l'établissement.
REF-OSM-way-116969222;CEG Jeniffer Nicolas;;college;Collège d'enseignement général (CEG);secondaire;public;bassila;;9.004422;1.668778;https://www.openstreetmap.org/way/116969222;cartographie_collaborative;Type déduit du nom de l'établissement.
REF-OSM-way-203016372;École primaire publique d'Ansêkê;;a_preciser;Établissement scolaire (type à préciser);;public;ouesse;;8.426633;2.595467;https://www.openstreetmap.org/way/203016372;cartographie_collaborative;Type à préciser : aucun indice fiable dans OpenStreetMap.
REF-OSM-way-203398501;EPP Natitingou A/B/C;;ecole_primaire;École primaire;primaire;public;natitingou;;10.300972;1.382231;https://www.openstreetmap.org/way/203398501;cartographie_collaborative;Type déduit du nom de l'établissement.
REF-OSM-way-207505555;CEG 1 de Natitingou;;college;Collège d'enseignement général (CEG);secondaire;public;natitingou;;10.293697;1.379820;https://www.openstreetmap.org/way/207505555;cartographie_collaborative;Type déduit du nom de l'établissement.
REF-OSM-way-234094189;Collège Catholique Père Aupiais;;college;Collège;secondaire;confessionnel;cotonou;;6.356984;2.404840;https://www.openstreetmap.org/way/234094189;cartographie_collaborative;Type déduit du nom de l'établissement.
REF-OSM-way-234094868;CEG de Gbegamey;;college;Collège d'enseignement général (CEG);secondaire;public;cotonou;;6.358988;2.416885;https://www.openstreetmap.org/way/234094868;cartographie_collaborative;Type déduit du nom de l'établissement.
REF-OSM-way-234097655;Ecole Primaire Publique de Gbegamey;;ecole_primaire;École primaire;primaire;public;cotonou;;6.360001;2.416518;https://www.openstreetmap.org/way/234097655;cartographie_collaborative;Type déduit du nom de l'établissement.
REF-OSM-way-234098277;Cours Secondaire Notre Dame des Apôtres;;complexe_scolaire;Complexe scolaire;maternelle|primaire;non_indique;cotonou;;6.360600;2.417702;https://www.openstreetmap.org/way/234098277;cartographie_collaborative;Type déduit du nom de l'établissement.
REF-OSM-way-234343131;Institut Français du Bénin;;ecole_superieure;Établissement d'enseignement supérieur;superieur;non_indique;cotonou;;6.352242;2.412773;https://www.openstreetmap.org/way/234343131;cartographie_collaborative;Type déduit du nom de l'établissement.
REF-OSM-way-241268307;Lycée Moderne AS-SALAM Bassila;;lycee_general;Lycée;secondaire;non_indique;bassila;;9.009274;1.667234;https://www.openstreetmap.org/way/241268307;cartographie_collaborative;Type déduit du nom de l'établissement.
REF-OSM-way-244882978;École Nationale des Infirmiers et Infirmières d'État du Bénin à Parakou;;universite;Université;superieur;non_indique;parakou;;9.337131;2.638774;https://www.openstreetmap.org/way/244882978;cartographie_collaborative;Type déduit des attributs OpenStreetMap.
REF-OSM-way-244882979;Centre LASDEL;;a_preciser;Établissement scolaire (type à préciser);;non_indique;parakou;;9.341787;2.592826;https://www.openstreetmap.org/way/244882979;cartographie_collaborative;Type à préciser : aucun indice fiable dans OpenStreetMap.
REF-OSM-way-264795852;CEG 2 de Natitingou;;college;Collège d'enseignement général (CEG);secondaire;public;natitingou;;10.319872;1.385049;https://www.openstreetmap.org/way/264795852;cartographie_collaborative;Type déduit du nom de l'établissement.
REF-OSM-way-264795853;EPP Boriyoré A/B/C;;ecole_primaire;École primaire;primaire;public;natitingou;;10.319325;1.386567;https://www.openstreetmap.org/way/264795853;cartographie_collaborative;Type déduit du nom de l'établissement.
REF-OSM-way-264895850;EPP Yokossi;;ecole_primaire;École primaire;primaire;public;natitingou;;10.308600;1.377989;https://www.openstreetmap.org/way/264895850;cartographie_collaborative;Type déduit du nom de l'établissement.
REF-OSM-way-264896366;EPP Tchirimina A/B/C;;ecole_primaire;École primaire;primaire;public;natitingou;;10.303691;1.370819;https://www.openstreetmap.org/way/264896366;cartographie_collaborative;Type déduit du nom de l'établissement.
REF-OSM-way-264897786;EPP Berecingou;;ecole_primaire;École primaire;primaire;public;natitingou;;10.235141;1.396925;https://www.openstreetmap.org/way/264897786;cartographie_collaborative;Type déduit du nom de l'établissement.
REF-OSM-way-264898308;EPP Kantaborifa;;ecole_primaire;École primaire;primaire;public;natitingou;;10.293509;1.385012;https://www.openstreetmap.org/way/264898308;cartographie_collaborative;Type déduit du nom de l'établissement.
REF-OSM-way-264898318;EPP AMOUR DE DIEU;;ecole_primaire;École primaire;primaire;public;natitingou;;10.295152;1.367887;https://www.openstreetmap.org/way/264898318;cartographie_collaborative;Type déduit du nom de l'établissement.
REF-OSM-way-264899232;CEG 3 de Natitingou;;college;Collège d'enseignement général (CEG);secondaire;public;natitingou;;10.279840;1.368582;https://www.openstreetmap.org/way/264899232;cartographie_collaborative;Type déduit du nom de l'établissement.
REF-OSM-way-265089853;EPP Winke;;ecole_primaire;École primaire;primaire;public;natitingou;;10.292217;1.379842;https://www.openstreetmap.org/way/265089853;cartographie_collaborative;Type déduit du nom de l'établissement.
REF-OSM-way-266189175;EPP Boukombé Centre A;;ecole_primaire;École primaire;primaire;public;boukoumbe;;10.174595;1.109115;https://www.openstreetmap.org/way/266189175;cartographie_collaborative;Type déduit du nom de l'établissement.
REF-OSM-way-266189177;EPP Boukombé Centre B;;ecole_primaire;École primaire;primaire;public;boukoumbe;;10.173740;1.109444;https://www.openstreetmap.org/way/266189177;cartographie_collaborative;Type déduit du nom de l'établissement.
REF-OSM-way-266193273;CEG Le Baobab de Boukombé;;college;Collège d'enseignement général (CEG);secondaire;public;boukoumbe;;10.174709;1.104114;https://www.openstreetmap.org/way/266193273;cartographie_collaborative;Type déduit du nom de l'établissement.
REF-OSM-way-266195033;École Lumière de Boukombé;;a_preciser;Établissement scolaire (type à préciser);;prive;boukoumbe;;10.179397;1.103786;https://www.openstreetmap.org/way/266195033;cartographie_collaborative;Type à préciser : aucun indice fiable dans OpenStreetMap.
REF-OSM-way-266198416;EPP Koucouangou;;ecole_primaire;École primaire;primaire;public;boukoumbe;;10.177677;1.097119;https://www.openstreetmap.org/way/266198416;cartographie_collaborative;Type déduit du nom de l'établissement.
REF-OSM-way-266198419;EPP Koukouagou;;ecole_primaire;École primaire;primaire;public;boukoumbe;;10.180392;1.079673;https://www.openstreetmap.org/way/266198419;cartographie_collaborative;Type déduit du nom de l'établissement.
REF-OSM-way-266201439;EPP Koussocoingou A/B;;ecole_primaire;École primaire;primaire;public;boukoumbe;;10.178526;1.112247;https://www.openstreetmap.org/way/266201439;cartographie_collaborative;Type déduit du nom de l'établissement.
REF-OSM-way-266210101;EPP Kountchougou;;ecole_primaire;École primaire;primaire;public;boukoumbe;;10.214704;1.085478;https://www.openstreetmap.org/way/266210101;cartographie_collaborative;Type déduit du nom de l'établissement.
REF-OSM-way-266210103;EPP Koutokayagou;;ecole_primaire;École primaire;primaire;public;boukoumbe;;10.207275;1.109247;https://www.openstreetmap.org/way/266210103;cartographie_collaborative;Type déduit du nom de l'établissement.
REF-OSM-way-266211384;EPP Koutchatahongou;;ecole_primaire;École primaire;primaire;public;boukoumbe;;10.160039;1.087160;https://www.openstreetmap.org/way/266211384;cartographie_collaborative;Type déduit du nom de l'établissement.
REF-OSM-way-266212281;EPP Koutchata A/B;;ecole_primaire;École primaire;primaire;public;boukoumbe;;10.190824;1.103535;https://www.openstreetmap.org/way/266212281;cartographie_collaborative;Type déduit du nom de l'établissement.
REF-OSM-way-266218189;EPP Kouporgou;;ecole_primaire;École primaire;primaire;public;boukoumbe;;10.260357;1.128805;https://www.openstreetmap.org/way/266218189;cartographie_collaborative;Type déduit du nom de l'établissement.
REF-OSM-way-266218190;EPP Koutchagou A/B;;ecole_primaire;École primaire;primaire;public;boukoumbe;;10.223102;1.114575;https://www.openstreetmap.org/way/266218190;cartographie_collaborative;Type déduit du nom de l'établissement.
REF-OSM-way-266230222;EPP Takotiéta;;ecole_primaire;École primaire;primaire;public;boukoumbe;;10.336427;1.086113;https://www.openstreetmap.org/way/266230222;cartographie_collaborative;Type déduit du nom de l'établissement.
REF-OSM-way-273443323;Centre d'éducation générale de Zogbo;;superieur_ou_formation;Enseignement supérieur ou formation;superieur|technique;non_indique;cotonou;;6.391435;2.394791;https://www.openstreetmap.org/way/273443323;cartographie_collaborative;Type déduit des attributs OpenStreetMap.
REF-OSM-way-318893496;CEG 1 NIKKI;;college;Collège d'enseignement général (CEG);secondaire;public;nikki;;9.931994;3.210799;https://www.openstreetmap.org/way/318893496;cartographie_collaborative;Type déduit du nom de l'établissement.
REF-OSM-way-321145277;EPP Zongo 1;;ecole_primaire;École primaire;primaire;public;parakou;;9.359355;2.625783;https://www.openstreetmap.org/way/321145277;cartographie_collaborative;Type déduit du nom de l'établissement.
REF-OSM-way-327975907;Bodi CEG;;college;Collège d'enseignement général (CEG);secondaire;public;bassila;;9.378456;1.565368;https://www.openstreetmap.org/way/327975907;cartographie_collaborative;Type déduit du nom de l'établissement.
REF-OSM-way-329179538;Collège d'Enseignement Général de Guéné;;college;Collège d'enseignement général (CEG);secondaire;non_indique;malanville;;11.734270;3.223730;https://www.openstreetmap.org/way/329179538;cartographie_collaborative;Type déduit du nom de l'établissement.
REF-OSM-way-330154823;CEG Datori;;college;Collège d'enseignement général (CEG);secondaire;public;kobli;;10.420005;0.797018;https://www.openstreetmap.org/way/330154823;cartographie_collaborative;Type déduit du nom de l'établissement.
REF-OSM-way-330154824;CEG de Kountori;;college;Collège d'enseignement général (CEG);secondaire;public;kobli;;10.413767;0.949059;https://www.openstreetmap.org/way/330154824;cartographie_collaborative;Type déduit du nom de l'établissement.
REF-OSM-way-330154825;EPP Datori;;ecole_primaire;École primaire;primaire;public;kobli;;10.417106;0.793832;https://www.openstreetmap.org/way/330154825;cartographie_collaborative;Type déduit du nom de l'établissement.
REF-OSM-way-330154826;EPP Kountori;;ecole_primaire;École primaire;primaire;public;kobli;;10.412079;0.946360;https://www.openstreetmap.org/way/330154826;cartographie_collaborative;Type déduit du nom de l'établissement.
REF-OSM-way-331375488;École primaire publique de Conho;;a_preciser;Établissement scolaire (type à préciser);;public;grand-popo;;6.333189;1.817452;https://www.openstreetmap.org/way/331375488;cartographie_collaborative;Type à préciser : aucun indice fiable dans OpenStreetMap.
REF-OSM-way-331375490;Complexe scolaire primaire public d'Adjaha;;complexe_scolaire;Complexe scolaire;maternelle|primaire;public;grand-popo;;6.324275;1.836349;https://www.openstreetmap.org/way/331375490;cartographie_collaborative;Type déduit du nom de l'établissement.
REF-OSM-way-332079140;EPP DJOGNANGBO;;ecole_primaire;École primaire;primaire;public;bohicon;;7.175931;2.089704;https://www.openstreetmap.org/way/332079140;cartographie_collaborative;Type déduit du nom de l'établissement.
REF-OSM-way-333464820;CEG 1 BOHICON;;college;Collège d'enseignement général (CEG);secondaire;public;bohicon;Public;7.174051;2.080535;https://www.openstreetmap.org/way/333464820;cartographie_collaborative;Type déduit du nom de l'établissement.
REF-OSM-way-342128420;ERSUMA;;universite;Université;superieur;public;porto-novo;OHADA;6.511215;2.607959;https://www.openstreetmap.org/way/342128420;cartographie_collaborative;Type déduit des attributs OpenStreetMap.
REF-OSM-way-343270234;Collège Privé d'Enseignement Technique et Professionel Espoir Plus;;college;Collège;secondaire;prive;parakou;privat;9.352872;2.627556;https://www.openstreetmap.org/way/343270234;cartographie_collaborative;Type déduit du nom de l'établissement.
REF-OSM-way-343270880;"Collège Privé d'Enseignement Générale ""Roger Lafia""";;college;Collège;secondaire;prive;parakou;privat;9.353112;2.629285;https://www.openstreetmap.org/way/343270880;cartographie_collaborative;Type déduit du nom de l'établissement.
REF-OSM-way-347661222;Zone Masters;;universite;Université;superieur;non_indique;abomey-calavi;;6.421569;2.340142;https://www.openstreetmap.org/way/347661222;cartographie_collaborative;Type déduit des attributs OpenStreetMap.
REF-OSM-way-347676675;École Nationale d'Administartion et de Magistrature;;ecole_superieure;Établissement d'enseignement supérieur;superieur;non_indique;abomey-calavi;;6.418355;2.340215;https://www.openstreetmap.org/way/347676675;cartographie_collaborative;Type déduit du nom de l'établissement.
REF-OSM-way-347695368;Zone Masters;;universite;Université;superieur;non_indique;abomey-calavi;;6.416349;2.339644;https://www.openstreetmap.org/way/347695368;cartographie_collaborative;Type déduit des attributs OpenStreetMap.
REF-OSM-way-353172045;CEG de Materi;;college;Collège d'enseignement général (CEG);secondaire;public;materi;;10.697506;1.077347;https://www.openstreetmap.org/way/353172045;cartographie_collaborative;Type déduit du nom de l'établissement.
REF-OSM-way-353259078;Collège d'enseignement général public de Péonga;;college;Collège d'enseignement général (CEG);secondaire;public;kalale;;10.343796;3.269359;https://www.openstreetmap.org/way/353259078;cartographie_collaborative;Type déduit du nom de l'établissement.
REF-OSM-way-353260249;École primaire publique de Péonga;;a_preciser;Établissement scolaire (type à préciser);;public;kalale;;10.338459;3.269109;https://www.openstreetmap.org/way/353260249;cartographie_collaborative;Type à préciser : aucun indice fiable dans OpenStreetMap.
REF-OSM-way-353475636;CEG 1 de Cocotomey;;college;Collège d'enseignement général (CEG);secondaire;public;abomey-calavi;;6.397809;2.300046;https://www.openstreetmap.org/way/353475636;cartographie_collaborative;Type déduit du nom de l'établissement.
REF-OSM-way-355572192;École Primaire Publique de Menontin;;a_preciser;Établissement scolaire (type à préciser);;public;abomey-calavi;;6.391751;2.361516;https://www.openstreetmap.org/way/355572192;cartographie_collaborative;Type à préciser : aucun indice fiable dans OpenStreetMap.
REF-OSM-way-355581805;École primaire publique d'Avotrou;;a_preciser;Établissement scolaire (type à préciser);;public;seme-podji;;6.377669;2.471898;https://www.openstreetmap.org/way/355581805;cartographie_collaborative;Type à préciser : aucun indice fiable dans OpenStreetMap.
REF-OSM-way-357001809;École primaire de la république Tokpota;;ecole_primaire;École primaire;primaire;public;porto-novo;;6.492062;2.599939;https://www.openstreetmap.org/way/357001809;cartographie_collaborative;Type déduit des attributs OpenStreetMap.
REF-OSM-way-358431353;Ecole Primaire Publique de Hinkoudé;;ecole_primaire;École primaire;primaire;public;porto-novo;;6.491490;2.648810;https://www.openstreetmap.org/way/358431353;cartographie_collaborative;Type déduit du nom de l'établissement.
REF-OSM-way-358472787;Complexe Scolaire Roger Lafia;;complexe_scolaire;Complexe scolaire;maternelle|primaire;prive;parakou;Roger Lafia;9.352161;2.629551;https://www.openstreetmap.org/way/358472787;cartographie_collaborative;Type déduit du nom de l'établissement.
REF-OSM-way-358473187;Collège d'Enseignement Général 2;;college;Collège d'enseignement général (CEG);secondaire;non_indique;parakou;public;9.366018;2.621067;https://www.openstreetmap.org/way/358473187;cartographie_collaborative;Type déduit du nom de l'établissement.
REF-OSM-way-359401312;École primaire de Sota;;a_preciser;Établissement scolaire (type à préciser);;non_indique;adjarra;;6.511084;2.665761;https://www.openstreetmap.org/way/359401312;cartographie_collaborative;Type à préciser : aucun indice fiable dans OpenStreetMap.
REF-OSM-way-359442571;CEG d'Agbokou;;college;Collège d'enseignement général (CEG);secondaire;public;porto-novo;;6.475340;2.646262;https://www.openstreetmap.org/way/359442571;cartographie_collaborative;Type déduit du nom de l'établissement.
REF-OSM-way-359538950;Ecole Primaire Publique de Djègan Daho;;ecole_primaire;École primaire;primaire;public;porto-novo;;6.486375;2.649627;https://www.openstreetmap.org/way/359538950;cartographie_collaborative;Type déduit du nom de l'établissement.
REF-OSM-way-359541238;CEG KOUTONGBE;;college;Collège d'enseignement général (CEG);secondaire;public;porto-novo;;6.495763;2.644058;https://www.openstreetmap.org/way/359541238;cartographie_collaborative;Type déduit du nom de l'établissement.
REF-OSM-way-374048145;E. N. I.;;universite;Université;superieur;non_indique;kandi;;11.180833;2.957743;https://www.openstreetmap.org/way/374048145;cartographie_collaborative;Type déduit des attributs OpenStreetMap.
REF-OSM-way-374187454;CEG 2 AZOVE;;college;Collège d'enseignement général (CEG);secondaire;public;aplahoue;;6.940605;1.711189;https://www.openstreetmap.org/way/374187454;cartographie_collaborative;Type déduit du nom de l'établissement.
REF-OSM-way-374517427;École primaire publique de Gnel Séfou;;a_preciser;Établissement scolaire (type à préciser);;public;kalale;;10.401102;3.064755;https://www.openstreetmap.org/way/374517427;cartographie_collaborative;Type à préciser : aucun indice fiable dans OpenStreetMap.
REF-OSM-way-374726195;CEG 1 de Covè;;college;Collège d'enseignement général (CEG);secondaire;public;cove;;7.221005;2.349379;https://www.openstreetmap.org/way/374726195;cartographie_collaborative;Type déduit du nom de l'établissement.
REF-OSM-way-376720332;Centre d'éducation générale d' Ekpè 1;;superieur_ou_formation;Enseignement supérieur ou formation;superieur|technique;non_indique;seme-podji;;6.389863;2.551159;https://www.openstreetmap.org/way/376720332;cartographie_collaborative;Type déduit des attributs OpenStreetMap.
REF-OSM-way-376980817;École primaire publique d'Ekpè Centre;;a_preciser;Établissement scolaire (type à préciser);;public;seme-podji;;6.388407;2.543035;https://www.openstreetmap.org/way/376980817;cartographie_collaborative;Type à préciser : aucun indice fiable dans OpenStreetMap.
REF-OSM-way-377266677;ÉCOLE CEG TAMAROU;;college;Collège d'enseignement général (CEG);secondaire;public;n-dali;;9.744984;2.698059;https://www.openstreetmap.org/way/377266677;cartographie_collaborative;Type déduit du nom de l'établissement.
REF-OSM-way-378675041;Collège BON CHEMIN EKPE;;college;Collège;secondaire;non_indique;seme-podji;Collège BON CHEMIN;6.393856;2.537099;https://www.openstreetmap.org/way/378675041;cartographie_collaborative;Type déduit du nom de l'établissement.
REF-OSM-way-384960714;École primaire publique de Djeffa;;a_preciser;Établissement scolaire (type à préciser);;public;seme-podji;;6.389904;2.553161;https://www.openstreetmap.org/way/384960714;cartographie_collaborative;Type à préciser : aucun indice fiable dans OpenStreetMap.
REF-OSM-way-385008128;Centre d'Alphabétisation;;a_preciser;Établissement scolaire (type à préciser);;non_indique;dangbo;;6.591096;2.566546;https://www.openstreetmap.org/way/385008128;cartographie_collaborative;Type à préciser : aucun indice fiable dans OpenStreetMap.
REF-OSM-way-386764341;École primaire publique de Gomè;;a_preciser;Établissement scolaire (type à préciser);;public;kpomasse;;6.368589;1.981858;https://www.openstreetmap.org/way/386764341;cartographie_collaborative;Type à préciser : aucun indice fiable dans OpenStreetMap.
REF-OSM-way-391033125;"Centre d'éducation générale ""Le Nokoué""";;superieur_ou_formation;Enseignement supérieur ou formation;superieur|technique;non_indique;abomey-calavi;;6.393746;2.357624;https://www.openstreetmap.org/way/391033125;cartographie_collaborative;Type déduit des attributs OpenStreetMap.
REF-OSM-way-396400993;Ecole primaire publique;;ecole_primaire;École primaire;primaire;public;sinende;;10.458589;2.455584;https://www.openstreetmap.org/way/396400993;cartographie_collaborative;Type déduit du nom de l'établissement.
REF-OSM-way-403599872;Complexe Scolaire Tove A, B et C;;complexe_scolaire;Complexe scolaire;maternelle|primaire;non_indique;ouidah;;6.360075;2.101480;https://www.openstreetmap.org/way/403599872;cartographie_collaborative;Type déduit du nom de l'établissement.
REF-OSM-way-410831708;Centre d'éducation générale d'Adjaha;;superieur_ou_formation;Enseignement supérieur ou formation;superieur|technique;non_indique;grand-popo;;6.323843;1.832972;https://www.openstreetmap.org/way/410831708;cartographie_collaborative;Type déduit des attributs OpenStreetMap.
REF-OSM-way-414616023;Biguina 1 Primary School;;a_preciser;Établissement scolaire (type à préciser);;non_indique;bassila;;8.773780;1.646914;https://www.openstreetmap.org/way/414616023;cartographie_collaborative;Type à préciser : aucun indice fiable dans OpenStreetMap.
REF-OSM-way-414727671;École primaire publique de Gbéssakpérou;;a_preciser;Établissement scolaire (type à préciser);;public;kalale;;10.416096;3.028078;https://www.openstreetmap.org/way/414727671;cartographie_collaborative;Type à préciser : aucun indice fiable dans OpenStreetMap.
REF-OSM-way-414733970;Collège d'enseignement généeral de Dunkassa;;college;Collège;secondaire;public;kalale;Beninese Ministry of Secondary Education;10.349108;3.147467;https://www.openstreetmap.org/way/414733970;cartographie_collaborative;Type déduit du nom de l'établissement.
REF-OSM-way-415460044;École Primaire Publique de Tohouè;;a_preciser;Établissement scolaire (type à préciser);;public;seme-podji;;6.431565;2.665933;https://www.openstreetmap.org/way/415460044;cartographie_collaborative;Type à préciser : aucun indice fiable dans OpenStreetMap.
REF-OSM-way-415781859;Centre d'enseignement général de Tohouè;;superieur_ou_formation;Enseignement supérieur ou formation;superieur|technique;non_indique;seme-podji;;6.432538;2.675806;https://www.openstreetmap.org/way/415781859;cartographie_collaborative;Type déduit des attributs OpenStreetMap.
REF-OSM-way-416489326;École primaire publique de N'vènamèdé;;a_preciser;Établissement scolaire (type à préciser);;public;cotonou;;6.373881;2.461869;https://www.openstreetmap.org/way/416489326;cartographie_collaborative;Type à préciser : aucun indice fiable dans OpenStreetMap.
REF-OSM-way-418086340;Vérichaguine;;universite;Université;superieur;non_indique;cotonou;;6.361028;2.407326;https://www.openstreetmap.org/way/418086340;cartographie_collaborative;Type déduit des attributs OpenStreetMap.
REF-OSM-way-418306473;Collège Martin Luther King;;college;Collège;secondaire;non_indique;abomey-calavi;;6.410203;2.288409;https://www.openstreetmap.org/way/418306473;cartographie_collaborative;Type déduit du nom de l'établissement.
REF-OSM-way-418363916;Complexe Scolaire Saint. Famille;;complexe_scolaire;Complexe scolaire;maternelle|primaire;confessionnel;abomey-calavi;;6.400102;2.329053;https://www.openstreetmap.org/way/418363916;cartographie_collaborative;Type déduit du nom de l'établissement.
REF-OSM-way-418396608;CEG Le Plateau;;college;Collège d'enseignement général (CEG);secondaire;public;abomey-calavi;;6.405002;2.312930;https://www.openstreetmap.org/way/418396608;cartographie_collaborative;Type déduit du nom de l'établissement.
REF-OSM-way-418396609;Complexe Scolaire Womey Enawa;;complexe_scolaire;Complexe scolaire;maternelle|primaire;non_indique;abomey-calavi;;6.403874;2.295812;https://www.openstreetmap.org/way/418396609;cartographie_collaborative;Type déduit du nom de l'établissement.
REF-OSM-way-418396610;École Primaire Privée Le Flambeau de la Réussite;;a_preciser;Établissement scolaire (type à préciser);;prive;abomey-calavi;;6.409923;2.291382;https://www.openstreetmap.org/way/418396610;cartographie_collaborative;Type à préciser : aucun indice fiable dans OpenStreetMap.
REF-OSM-way-418584719;École Coranique;;a_preciser;Établissement scolaire (type à préciser);;non_indique;seme-podji;;6.431852;2.667022;https://www.openstreetmap.org/way/418584719;cartographie_collaborative;Type à préciser : aucun indice fiable dans OpenStreetMap.
REF-OSM-way-418601538;Saint Jean de Dieu;;a_preciser;Établissement scolaire (type à préciser);;confessionnel;seme-podji;;6.430196;2.660145;https://www.openstreetmap.org/way/418601538;cartographie_collaborative;Type à préciser : aucun indice fiable dans OpenStreetMap.
REF-OSM-way-421200424;CFME (Centre de Formation aux Métiers de l'Eau);;centre_formation_professionnelle;Centre de formation professionnelle;technique;non_indique;cotonou;;6.364922;2.461771;https://www.openstreetmap.org/way/421200424;cartographie_collaborative;Type déduit du nom de l'établissement.
REF-OSM-way-421712753;CEG D'Abomey-calavi;;college;Collège d'enseignement général (CEG);secondaire;public;abomey-calavi;;6.441720;2.351941;https://www.openstreetmap.org/way/421712753;cartographie_collaborative;Type déduit du nom de l'établissement.
REF-OSM-way-421885799;EPP Houèkègbo;;ecole_primaire;École primaire;primaire;public;abomey-calavi;;6.487870;2.360457;https://www.openstreetmap.org/way/421885799;cartographie_collaborative;Type déduit du nom de l'établissement.
REF-OSM-way-424540062;FAST/UAC;;universite;Université;superieur;non_indique;dassa-zoume;;7.782800;2.183265;https://www.openstreetmap.org/way/424540062;cartographie_collaborative;Type déduit des attributs OpenStreetMap.
REF-OSM-way-426128620;Collège d'Enseignement Général Le Lac;;college;Collège d'enseignement général (CEG);secondaire;non_indique;cotonou;;6.386135;2.421396;https://www.openstreetmap.org/way/426128620;cartographie_collaborative;Type déduit du nom de l'établissement.
REF-OSM-way-434857097;Collège d'Enseignement Général de Djassin;;college;Collège d'enseignement général (CEG);secondaire;non_indique;porto-novo;;6.474876;2.602965;https://www.openstreetmap.org/way/434857097;cartographie_collaborative;Type déduit du nom de l'établissement.
REF-OSM-way-443482227;CEG Beroubouay;;college;Collège d'enseignement général (CEG);secondaire;public;bembereke;;10.533346;2.732960;https://www.openstreetmap.org/way/443482227;cartographie_collaborative;Type déduit du nom de l'établissement.
REF-OSM-way-443482726;École primaire publique de Béroubouay;;a_preciser;Établissement scolaire (type à préciser);;public;bembereke;;10.536356;2.726096;https://www.openstreetmap.org/way/443482726;cartographie_collaborative;Type à préciser : aucun indice fiable dans OpenStreetMap.
REF-OSM-way-455670093;"Centre d'éducation générale ""Le Méridien""";;superieur_ou_formation;Enseignement supérieur ou formation;superieur|technique;non_indique;abomey-calavi;;6.380650;2.273765;https://www.openstreetmap.org/way/455670093;cartographie_collaborative;Type déduit des attributs OpenStreetMap.
REF-OSM-way-459613843;École primaire publique d'Ahogbohoué;;a_preciser;Établissement scolaire (type à préciser);;public;cotonou;;6.376263;2.382687;https://www.openstreetmap.org/way/459613843;cartographie_collaborative;Type à préciser : aucun indice fiable dans OpenStreetMap.
REF-OSM-way-481132005;EPP Kounacogou;;ecole_primaire;École primaire;primaire;public;boukoumbe;;10.209895;1.146287;https://www.openstreetmap.org/way/481132005;cartographie_collaborative;Type déduit du nom de l'établissement.
REF-OSM-way-481189550;EPP Dimantadoni;;ecole_primaire;École primaire;primaire;public;boukoumbe;;10.330305;1.116978;https://www.openstreetmap.org/way/481189550;cartographie_collaborative;Type déduit du nom de l'établissement.
REF-OSM-way-481193700;CEG Korontière;;college;Collège d'enseignement général (CEG);secondaire;public;boukoumbe;;10.273231;0.996068;https://www.openstreetmap.org/way/481193700;cartographie_collaborative;Type déduit du nom de l'établissement.
REF-OSM-way-481193703;EPP Koronitère;;ecole_primaire;École primaire;primaire;public;boukoumbe;;10.259824;0.993570;https://www.openstreetmap.org/way/481193703;cartographie_collaborative;Type déduit du nom de l'établissement.
REF-OSM-way-481193705;Collège Saint Augustin;;college;Collège;secondaire;prive;boukoumbe;;10.194126;1.088171;https://www.openstreetmap.org/way/481193705;cartographie_collaborative;Type déduit du nom de l'établissement.
REF-OSM-way-481194133;EPP Koumagou;;ecole_primaire;École primaire;primaire;public;boukoumbe;;10.147063;1.138944;https://www.openstreetmap.org/way/481194133;cartographie_collaborative;Type déduit du nom de l'établissement.
REF-OSM-way-481195697;EPP Dipoli;;ecole_primaire;École primaire;primaire;public;boukoumbe;;10.317058;0.993048;https://www.openstreetmap.org/way/481195697;cartographie_collaborative;Type déduit du nom de l'établissement.
REF-OSM-way-481197217;EPP Dipokor-Tari;;ecole_primaire;École primaire;primaire;public;boukoumbe;;10.307505;1.112899;https://www.openstreetmap.org/way/481197217;cartographie_collaborative;Type déduit du nom de l'établissement.
REF-OSM-way-481197330;EPP Koukogou;;ecole_primaire;École primaire;primaire;public;boukoumbe;;10.382693;1.041200;https://www.openstreetmap.org/way/481197330;cartographie_collaborative;Type déduit du nom de l'établissement.
REF-OSM-way-481279739;CEG Birni;;college;Collège d'enseignement général (CEG);secondaire;public;kouande;;9.993742;1.526423;https://www.openstreetmap.org/way/481279739;cartographie_collaborative;Type déduit du nom de l'établissement.
REF-OSM-way-481282571;CEG Tantéga;;college;Collège d'enseignement général (CEG);secondaire;public;materi;;10.829741;1.026008;https://www.openstreetmap.org/way/481282571;cartographie_collaborative;Type déduit du nom de l'établissement.
REF-OSM-way-481282878;CEG Dassari;;college;Collège d'enseignement général (CEG);secondaire;public;materi;;10.811424;1.143858;https://www.openstreetmap.org/way/481282878;cartographie_collaborative;Type déduit du nom de l'établissement.
REF-OSM-way-481283357;CEG Tobré;;college;Collège d'enseignement général (CEG);secondaire;public;pehunco;;10.203607;2.134177;https://www.openstreetmap.org/way/481283357;cartographie_collaborative;Type déduit du nom de l'établissement.
REF-OSM-way-481284975;CEG Toucountouna;;college;Collège d'enseignement général (CEG);secondaire;public;toucountouna;;10.497116;1.377027;https://www.openstreetmap.org/way/481284975;cartographie_collaborative;Type déduit du nom de l'établissement.
REF-OSM-way-481977308;EPP Tagayé;;ecole_primaire;École primaire;primaire;public;natitingou;;10.265054;1.305688;https://www.openstreetmap.org/way/481977308;cartographie_collaborative;Type déduit du nom de l'établissement.
REF-OSM-way-481977314;EPP de Mokotamou;;ecole_primaire;École primaire;primaire;public;natitingou;;10.306651;1.349975;https://www.openstreetmap.org/way/481977314;cartographie_collaborative;Type déduit du nom de l'établissement.
REF-OSM-way-496404801;EPP Koussoucoingou;;ecole_primaire;École primaire;primaire;public;boukoumbe;;10.185773;1.203572;https://www.openstreetmap.org/way/496404801;cartographie_collaborative;Type déduit du nom de l'établissement.
REF-OSM-way-498886457;École primaire publique de Finagnon;;a_preciser;Établissement scolaire (type à préciser);;public;cotonou;Etat;6.365552;2.480944;https://www.openstreetmap.org/way/498886457;cartographie_collaborative;Type à préciser : aucun indice fiable dans OpenStreetMap.
REF-OSM-way-498886470;Collège d'Enseignement Général Le Littoral;;college;Collège d'enseignement général (CEG);secondaire;non_indique;cotonou;Etat;6.363200;2.485592;https://www.openstreetmap.org/way/498886470;cartographie_collaborative;Type déduit du nom de l'établissement.
REF-OSM-way-499184976;EPP de Sountchirantikou;;ecole_primaire;École primaire;primaire;public;natitingou;;10.319478;1.377666;https://www.openstreetmap.org/way/499184976;cartographie_collaborative;Type déduit du nom de l'établissement.
REF-OSM-way-502818454;École Catholique Monseigneur Patient Redois;;a_preciser;Établissement scolaire (type à préciser);;prive;natitingou;;10.289172;1.380827;https://www.openstreetmap.org/way/502818454;cartographie_collaborative;Type à préciser : aucun indice fiable dans OpenStreetMap.
REF-OSM-way-502909437;Collège d'Enseignment Générale d'Assanté (CEG Assanté);;college;Collège d'enseignement général (CEG);secondaire;public;glazoue;;8.137394;2.253181;https://www.openstreetmap.org/way/502909437;cartographie_collaborative;Type déduit du nom de l'établissement.
REF-OSM-way-533209478;collège '' LA DECISION '';;college;Collège;secondaire;non_indique;adjarra;;6.522983;2.666841;https://www.openstreetmap.org/way/533209478;cartographie_collaborative;Type déduit du nom de l'établissement.
REF-OSM-way-533264508;Ecole Primaire Public de TANTO;;ecole_primaire;École primaire;primaire;public;cotonou;;6.369097;2.472339;https://www.openstreetmap.org/way/533264508;cartographie_collaborative;Type déduit du nom de l'établissement.
REF-OSM-way-533328041;École Primaire Publique d'Adjarra;;a_preciser;Établissement scolaire (type à préciser);;public;adjarra;;6.527051;2.667951;https://www.openstreetmap.org/way/533328041;cartographie_collaborative;Type à préciser : aucun indice fiable dans OpenStreetMap.
REF-OSM-way-546854101;Collège d'enseignement general de Toko Toko;;college;Collège d'enseignement général (CEG);secondaire;non_indique;djougou;;9.744967;2.034148;https://www.openstreetmap.org/way/546854101;cartographie_collaborative;Type déduit du nom de l'établissement.
REF-OSM-way-546854102;Collège d'ens;;college;Collège;secondaire;non_indique;djougou;;9.745132;2.034447;https://www.openstreetmap.org/way/546854102;cartographie_collaborative;Type déduit du nom de l'établissement.
REF-OSM-way-550438834;Cours Secondaire Sainte Jeanne d'Arc;;complexe_scolaire;Complexe scolaire;maternelle|primaire;confessionnel;abomey;;7.185569;2.003817;https://www.openstreetmap.org/way/550438834;cartographie_collaborative;Type déduit du nom de l'établissement.
REF-OSM-way-550441893;Lycée Houegbadja;;lycee_general;Lycée;secondaire;non_indique;abomey;;7.186055;2.014481;https://www.openstreetmap.org/way/550441893;cartographie_collaborative;Type déduit du nom de l'établissement.
REF-OSM-way-550451997;Centre d'enseignement générale de Toui;;superieur_ou_formation;Enseignement supérieur ou formation;superieur|technique;non_indique;ouesse;;8.669122;2.591982;https://www.openstreetmap.org/way/550451997;cartographie_collaborative;Type déduit des attributs OpenStreetMap.
REF-OSM-way-550451998;École primaire publique de Toui 1;;a_preciser;Établissement scolaire (type à préciser);;public;ouesse;;8.684579;2.596419;https://www.openstreetmap.org/way/550451998;cartographie_collaborative;Type à préciser : aucun indice fiable dans OpenStreetMap.
REF-OSM-way-591442874;Lycée Technique de Kpondehoun;;lycee_technique;Lycée technique;technique;non_indique;seme-podji;;6.383964;2.456728;https://www.openstreetmap.org/way/591442874;cartographie_collaborative;Type déduit du nom de l'établissement.
REF-OSM-way-591442875;Université des Sciences et Technologies du Bénin;;universite;Université;superieur;prive;seme-podji;;6.382711;2.456707;https://www.openstreetmap.org/way/591442875;cartographie_collaborative;Type déduit du nom de l'établissement.
REF-OSM-way-598754307;École primaire publique Alafiarou groupe A;;a_preciser;Établissement scolaire (type à préciser);;public;tchaourou;;9.031786;2.405098;https://www.openstreetmap.org/way/598754307;cartographie_collaborative;Type à préciser : aucun indice fiable dans OpenStreetMap.
REF-OSM-way-610218685;EPP AGBANWEME;;ecole_primaire;École primaire;primaire;public;bohicon;;7.182278;2.074890;https://www.openstreetmap.org/way/610218685;cartographie_collaborative;Type déduit du nom de l'établissement.
REF-OSM-way-648403467;EPP BOUKOURO;;ecole_primaire;École primaire;primaire;public;sinende;;10.293836;2.396722;https://www.openstreetmap.org/way/648403467;cartographie_collaborative;Type déduit du nom de l'établissement.
REF-OSM-way-669841643;Aclo;;ecole_maternelle;École maternelle;maternelle;non_indique;houeyogbe;;6.553158;1.914387;https://www.openstreetmap.org/way/669841643;cartographie_collaborative;Type déduit des attributs OpenStreetMap.
REF-OSM-way-688942436;CEG Tchankada;;college;Collège d'enseignement général (CEG);secondaire;public;toviklin;;6.925127;1.804108;https://www.openstreetmap.org/way/688942436;cartographie_collaborative;Type déduit du nom de l'établissement.
REF-OSM-way-696135370;École Primaire Publique Sognonnouhoue;;a_preciser;Établissement scolaire (type à préciser);;public;toviklin;;6.904281;1.844142;https://www.openstreetmap.org/way/696135370;cartographie_collaborative;Type à préciser : aucun indice fiable dans OpenStreetMap.
REF-OSM-way-701100428;École primaire publique de Dunkassa;;a_preciser;Établissement scolaire (type à préciser);;public;kalale;Beninese Ministry of Primary Education;10.358133;3.146423;https://www.openstreetmap.org/way/701100428;cartographie_collaborative;Type à préciser : aucun indice fiable dans OpenStreetMap.
REF-OSM-way-701100433;College d'Enseignement General Bouka;;college;Collège d'enseignement général (CEG);secondaire;public;kalale;Beninese Ministry of Secondary Education;10.207899;3.144258;https://www.openstreetmap.org/way/701100433;cartographie_collaborative;Type déduit du nom de l'établissement.
REF-OSM-way-711256625;École primaire de Kouara-Tédji;;a_preciser;Établissement scolaire (type à préciser);;non_indique;malanville;;11.604152;3.500964;https://www.openstreetmap.org/way/711256625;cartographie_collaborative;Type à préciser : aucun indice fiable dans OpenStreetMap.
REF-OSM-way-711259624;École primaire de Sendé;;a_preciser;Établissement scolaire (type à préciser);;non_indique;malanville;;11.611911;3.501054;https://www.openstreetmap.org/way/711259624;cartographie_collaborative;Type à préciser : aucun indice fiable dans OpenStreetMap.
REF-OSM-way-711626410;École maternelle de Malanville;;ecole_maternelle;École maternelle;maternelle;non_indique;malanville;;11.861983;3.388904;https://www.openstreetmap.org/way/711626410;cartographie_collaborative;Type déduit du nom de l'établissement.
REF-OSM-way-715522287;EPP de Bogo-Bogo;;ecole_primaire;École primaire;primaire;public;karimama;;12.103933;3.107771;https://www.openstreetmap.org/way/715522287;cartographie_collaborative;Type déduit du nom de l'établissement.
REF-OSM-way-717080176;École primaire de Goun-Goun;;a_preciser;Établissement scolaire (type à préciser);;non_indique;malanville;;11.562462;3.126109;https://www.openstreetmap.org/way/717080176;cartographie_collaborative;Type à préciser : aucun indice fiable dans OpenStreetMap.
REF-OSM-way-717094660;École primaire de Monkollé;;a_preciser;Établissement scolaire (type à préciser);;non_indique;malanville;;11.429874;3.174459;https://www.openstreetmap.org/way/717094660;cartographie_collaborative;Type à préciser : aucun indice fiable dans OpenStreetMap.
REF-OSM-way-717185030;École primaire de Samounaka;;a_preciser;Établissement scolaire (type à préciser);;non_indique;segbana;;11.063625;3.671668;https://www.openstreetmap.org/way/717185030;cartographie_collaborative;Type à préciser : aucun indice fiable dans OpenStreetMap.
REF-OSM-way-717192738;École primaire de Kambara;;a_preciser;Établissement scolaire (type à préciser);;non_indique;segbana;;10.929726;3.547500;https://www.openstreetmap.org/way/717192738;cartographie_collaborative;Type à préciser : aucun indice fiable dans OpenStreetMap.
REF-OSM-way-717283735;Collège de Liboussou;;college;Collège;secondaire;non_indique;segbana;;10.923068;3.501545;https://www.openstreetmap.org/way/717283735;cartographie_collaborative;Type déduit du nom de l'établissement.
REF-OSM-way-717465257;École primaire de Liboussou;;a_preciser;Établissement scolaire (type à préciser);;non_indique;segbana;;10.920849;3.487489;https://www.openstreetmap.org/way/717465257;cartographie_collaborative;Type à préciser : aucun indice fiable dans OpenStreetMap.
REF-OSM-way-717474660;École primaire de Waranzi;;a_preciser;Établissement scolaire (type à préciser);;non_indique;segbana;;10.946253;3.457408;https://www.openstreetmap.org/way/717474660;cartographie_collaborative;Type à préciser : aucun indice fiable dans OpenStreetMap.
REF-OSM-way-717487173;École primaire de Sinwan;;a_preciser;Établissement scolaire (type à préciser);;non_indique;segbana;;11.020956;3.420826;https://www.openstreetmap.org/way/717487173;cartographie_collaborative;Type à préciser : aucun indice fiable dans OpenStreetMap.
REF-OSM-way-717498952;École primaire de Gbèkakarou;;a_preciser;Établissement scolaire (type à préciser);;non_indique;segbana;;11.069626;3.400134;https://www.openstreetmap.org/way/717498952;cartographie_collaborative;Type à préciser : aucun indice fiable dans OpenStreetMap.
REF-OSM-way-717507292;Collège de Lougou;;college;Collège;secondaire;non_indique;segbana;;11.107863;3.381632;https://www.openstreetmap.org/way/717507292;cartographie_collaborative;Type déduit du nom de l'établissement.
REF-OSM-way-717515498;École primaire de Gbassè;;a_preciser;Établissement scolaire (type à préciser);;non_indique;segbana;;10.981900;3.286924;https://www.openstreetmap.org/way/717515498;cartographie_collaborative;Type à préciser : aucun indice fiable dans OpenStreetMap.
REF-OSM-way-717529665;École primaire de Koutakroukou;;a_preciser;Établissement scolaire (type à préciser);;non_indique;kandi;;11.048783;3.066725;https://www.openstreetmap.org/way/717529665;cartographie_collaborative;Type à préciser : aucun indice fiable dans OpenStreetMap.
REF-OSM-way-717536909;École primaire publique de Bensékou;;a_preciser;Établissement scolaire (type à préciser);;public;kandi;;10.985553;3.153314;https://www.openstreetmap.org/way/717536909;cartographie_collaborative;Type à préciser : aucun indice fiable dans OpenStreetMap.
REF-OSM-way-717548972;École primaire de Kandi-Fô;;a_preciser;Établissement scolaire (type à préciser);;non_indique;kandi;;11.117046;2.965440;https://www.openstreetmap.org/way/717548972;cartographie_collaborative;Type à préciser : aucun indice fiable dans OpenStreetMap.
REF-OSM-way-718827104;EPP Torioh;;ecole_primaire;École primaire;primaire;public;karimama;;12.146745;3.083368;https://www.openstreetmap.org/way/718827104;cartographie_collaborative;Type déduit du nom de l'établissement.
REF-OSM-way-719417575;École primaire de Gorou-Djindé;;a_preciser;Établissement scolaire (type à préciser);;non_indique;karimama;;11.923199;3.293474;https://www.openstreetmap.org/way/719417575;cartographie_collaborative;Type à préciser : aucun indice fiable dans OpenStreetMap.
REF-OSM-way-719605896;Collège de Madécali;;college;Collège;secondaire;non_indique;malanville;;11.703511;3.546470;https://www.openstreetmap.org/way/719605896;cartographie_collaborative;Type déduit du nom de l'établissement.
REF-OSM-way-719666815;École primaire de Goré Sendé;;a_preciser;Établissement scolaire (type à préciser);;non_indique;malanville;;11.625125;3.498639;https://www.openstreetmap.org/way/719666815;cartographie_collaborative;Type à préciser : aucun indice fiable dans OpenStreetMap.
REF-OSM-way-720134904;École maternelle de Kandi;;ecole_maternelle;École maternelle;maternelle;non_indique;kandi;;11.132757;2.933869;https://www.openstreetmap.org/way/720134904;cartographie_collaborative;Type déduit du nom de l'établissement.
REF-OSM-way-720160023;École primaire de Dodopanè;;a_preciser;Établissement scolaire (type à préciser);;non_indique;kandi;;11.170912;2.915671;https://www.openstreetmap.org/way/720160023;cartographie_collaborative;Type à préciser : aucun indice fiable dans OpenStreetMap.
REF-OSM-way-720161760;École primaire de Kongou;;a_preciser;Établissement scolaire (type à préciser);;non_indique;kandi;;11.198207;2.907533;https://www.openstreetmap.org/way/720161760;cartographie_collaborative;Type à préciser : aucun indice fiable dans OpenStreetMap.
REF-OSM-way-720170193;École primaire de Kandi-Fô-Gah;;a_preciser;Établissement scolaire (type à préciser);;non_indique;kandi;;11.103752;2.952198;https://www.openstreetmap.org/way/720170193;cartographie_collaborative;Type à préciser : aucun indice fiable dans OpenStreetMap.
REF-OSM-way-720435030;École primaire de Mongo;;a_preciser;Établissement scolaire (type à préciser);;non_indique;kandi;;11.152441;2.873666;https://www.openstreetmap.org/way/720435030;cartographie_collaborative;Type à préciser : aucun indice fiable dans OpenStreetMap.
REF-OSM-way-720439317;Éclole primaire de Sinkparou;;a_preciser;Établissement scolaire (type à préciser);;non_indique;kandi;;11.165045;2.883438;https://www.openstreetmap.org/way/720439317;cartographie_collaborative;Type à préciser : aucun indice fiable dans OpenStreetMap.
REF-OSM-way-720457557;Éclole primaire des Sanrou;;a_preciser;Établissement scolaire (type à préciser);;non_indique;kandi;;11.181950;2.871100;https://www.openstreetmap.org/way/720457557;cartographie_collaborative;Type à préciser : aucun indice fiable dans OpenStreetMap.
REF-OSM-way-720463678;École primaire de Faranguédou;;a_preciser;Établissement scolaire (type à préciser);;non_indique;kandi;;11.193441;2.878988;https://www.openstreetmap.org/way/720463678;cartographie_collaborative;Type à préciser : aucun indice fiable dans OpenStreetMap.
REF-OSM-way-720473595;École primaire de Abou Koto;;a_preciser;Établissement scolaire (type à préciser);;non_indique;kandi;;11.174471;2.933297;https://www.openstreetmap.org/way/720473595;cartographie_collaborative;Type à préciser : aucun indice fiable dans OpenStreetMap.
REF-OSM-way-720565407;Centre de recherche agricole;;universite;Université;superieur;non_indique;kandi;;11.334537;3.008131;https://www.openstreetmap.org/way/720565407;cartographie_collaborative;Type déduit des attributs OpenStreetMap.
REF-OSM-way-720870984;École primaire de Bakata;;a_preciser;Établissement scolaire (type à préciser);;non_indique;kandi;;11.151682;2.923157;https://www.openstreetmap.org/way/720870984;cartographie_collaborative;Type à préciser : aucun indice fiable dans OpenStreetMap.
REF-OSM-way-721091236;École primaire de Fiafounfoun;;a_preciser;Établissement scolaire (type à préciser);;non_indique;malanville;;11.509935;3.108848;https://www.openstreetmap.org/way/721091236;cartographie_collaborative;Type à préciser : aucun indice fiable dans OpenStreetMap.
REF-OSM-way-721114112;École primaire de Fouet;;a_preciser;Établissement scolaire (type à préciser);;non_indique;kandi;;11.301014;3.170360;https://www.openstreetmap.org/way/721114112;cartographie_collaborative;Type à préciser : aucun indice fiable dans OpenStreetMap.
REF-OSM-way-721179772;École primaire de Lolo;;a_preciser;Établissement scolaire (type à préciser);;non_indique;kandi;;11.264402;3.070006;https://www.openstreetmap.org/way/721179772;cartographie_collaborative;Type à préciser : aucun indice fiable dans OpenStreetMap.
REF-OSM-way-721198239;École primaire de Banikani;;a_preciser;Établissement scolaire (type à préciser);;non_indique;kandi;;11.219627;3.063315;https://www.openstreetmap.org/way/721198239;cartographie_collaborative;Type à préciser : aucun indice fiable dans OpenStreetMap.
REF-OSM-way-721225494;École primaire de Saah;;a_preciser;Établissement scolaire (type à préciser);;non_indique;kandi;;11.173825;3.064887;https://www.openstreetmap.org/way/721225494;cartographie_collaborative;Type à préciser : aucun indice fiable dans OpenStreetMap.
REF-OSM-way-721540026;École primaire de Gogbèdè;;a_preciser;Établissement scolaire (type à préciser);;non_indique;kandi;;11.026132;3.104343;https://www.openstreetmap.org/way/721540026;cartographie_collaborative;Type à préciser : aucun indice fiable dans OpenStreetMap.
REF-OSM-way-721563372;École primaire de Souamikourouna;;a_preciser;Établissement scolaire (type à préciser);;non_indique;gogounou;;10.908933;3.110020;https://www.openstreetmap.org/way/721563372;cartographie_collaborative;Type à préciser : aucun indice fiable dans OpenStreetMap.
REF-OSM-way-721574501;École primaire de Guèdarou;;a_preciser;Établissement scolaire (type à préciser);;non_indique;gogounou;;10.919747;3.030829;https://www.openstreetmap.org/way/721574501;cartographie_collaborative;Type à préciser : aucun indice fiable dans OpenStreetMap.
REF-OSM-way-721661850;École primaire de Tchakama;;a_preciser;Établissement scolaire (type à préciser);;non_indique;segbana;;10.929720;3.293635;https://www.openstreetmap.org/way/721661850;cartographie_collaborative;Type à préciser : aucun indice fiable dans OpenStreetMap.
REF-OSM-way-721668529;École primaire de Gbarana;;a_preciser;Établissement scolaire (type à préciser);;non_indique;segbana;;10.832443;3.311072;https://www.openstreetmap.org/way/721668529;cartographie_collaborative;Type à préciser : aucun indice fiable dans OpenStreetMap.
REF-OSM-way-721685695;Parc scolaire de Sokotindji;;a_preciser;Établissement scolaire (type à préciser);;non_indique;segbana;;10.849107;3.427673;https://www.openstreetmap.org/way/721685695;cartographie_collaborative;Type à préciser : aucun indice fiable dans OpenStreetMap.
REF-OSM-way-721692021;Collège de Sokotindji;;college;Collège;secondaire;non_indique;segbana;;10.852018;3.433222;https://www.openstreetmap.org/way/721692021;cartographie_collaborative;Type déduit du nom de l'établissement.
REF-OSM-way-721715344;École primaire de Poéla;;a_preciser;Établissement scolaire (type à préciser);;non_indique;segbana;;10.816054;3.431979;https://www.openstreetmap.org/way/721715344;cartographie_collaborative;Type à préciser : aucun indice fiable dans OpenStreetMap.
REF-OSM-way-721721084;École primaire de Sèrèbani;;a_preciser;Établissement scolaire (type à préciser);;non_indique;segbana;;10.794744;3.466388;https://www.openstreetmap.org/way/721721084;cartographie_collaborative;Type à préciser : aucun indice fiable dans OpenStreetMap.
REF-OSM-way-721934659;École primaire de Sèrèkibè;;a_preciser;Établissement scolaire (type à préciser);;non_indique;segbana;;10.830899;3.472571;https://www.openstreetmap.org/way/721934659;cartographie_collaborative;Type à préciser : aucun indice fiable dans OpenStreetMap.
REF-OSM-way-722131216;École primaire de Diapéou;;a_preciser;Établissement scolaire (type à préciser);;non_indique;segbana;;10.827772;3.542383;https://www.openstreetmap.org/way/722131216;cartographie_collaborative;Type à préciser : aucun indice fiable dans OpenStreetMap.
REF-OSM-way-722189376;Collège de Piami;;college;Collège;secondaire;non_indique;segbana;;10.958992;3.650292;https://www.openstreetmap.org/way/722189376;cartographie_collaborative;Type déduit du nom de l'établissement.
REF-OSM-way-722729861;École primaire d'Iko;;a_preciser;Établissement scolaire (type à préciser);;non_indique;segbana;;11.038032;3.641563;https://www.openstreetmap.org/way/722729861;cartographie_collaborative;Type à préciser : aucun indice fiable dans OpenStreetMap.
REF-OSM-way-722731308;École primaire de Fondo;;a_preciser;Établissement scolaire (type à préciser);;non_indique;segbana;;11.030921;3.616680;https://www.openstreetmap.org/way/722731308;cartographie_collaborative;Type à préciser : aucun indice fiable dans OpenStreetMap.
REF-OSM-way-722854817;École primaire de Lètè;;a_preciser;Établissement scolaire (type à préciser);;non_indique;segbana;;11.027850;3.547307;https://www.openstreetmap.org/way/722854817;cartographie_collaborative;Type à préciser : aucun indice fiable dans OpenStreetMap.
REF-OSM-way-722913138;Parc scolaire de Loumbou;;a_preciser;Établissement scolaire (type à préciser);;non_indique;segbana;;11.119139;3.376538;https://www.openstreetmap.org/way/722913138;cartographie_collaborative;Type à préciser : aucun indice fiable dans OpenStreetMap.
REF-OSM-way-722921762;École primaire de Bakou Bè;;a_preciser;Établissement scolaire (type à préciser);;non_indique;segbana;;11.161532;3.413272;https://www.openstreetmap.org/way/722921762;cartographie_collaborative;Type à préciser : aucun indice fiable dans OpenStreetMap.
REF-OSM-way-722928628;École primaire de Kamanan;;a_preciser;Établissement scolaire (type à préciser);;non_indique;segbana;;11.263655;3.495948;https://www.openstreetmap.org/way/722928628;cartographie_collaborative;Type à préciser : aucun indice fiable dans OpenStreetMap.
REF-OSM-way-722948564;Collège de Libantè;;college;Collège;secondaire;non_indique;segbana;;10.776073;3.591010;https://www.openstreetmap.org/way/722948564;cartographie_collaborative;Type déduit du nom de l'établissement.
REF-OSM-way-723223128;École primaire de Sébana;;a_preciser;Établissement scolaire (type à préciser);;non_indique;kalale;;10.529377;3.553876;https://www.openstreetmap.org/way/723223128;cartographie_collaborative;Type à préciser : aucun indice fiable dans OpenStreetMap.
REF-OSM-way-723307593;École primaire de Saonzi;;a_preciser;Établissement scolaire (type à préciser);;non_indique;segbana;;10.718084;3.587897;https://www.openstreetmap.org/way/723307593;cartographie_collaborative;Type à préciser : aucun indice fiable dans OpenStreetMap.
REF-OSM-way-723364810;École primaire de Korowi;;a_preciser;Établissement scolaire (type à préciser);;non_indique;segbana;;10.876859;3.675376;https://www.openstreetmap.org/way/723364810;cartographie_collaborative;Type à préciser : aucun indice fiable dans OpenStreetMap.
REF-OSM-way-724223905;École primaire de Gawézi;;a_preciser;Établissement scolaire (type à préciser);;non_indique;kalale;;10.398621;3.575417;https://www.openstreetmap.org/way/724223905;cartographie_collaborative;Type à préciser : aucun indice fiable dans OpenStreetMap.
REF-OSM-way-724262062;École primaire de Béssassi-Gando;;a_preciser;Établissement scolaire (type à préciser);;non_indique;kalale;;10.388635;3.482843;https://www.openstreetmap.org/way/724262062;cartographie_collaborative;Type à préciser : aucun indice fiable dans OpenStreetMap.
REF-OSM-way-724291325;École primaire de Danganzi;;a_preciser;Établissement scolaire (type à préciser);;non_indique;kalale;;10.319998;3.456645;https://www.openstreetmap.org/way/724291325;cartographie_collaborative;Type à préciser : aucun indice fiable dans OpenStreetMap.
REF-OSM-way-724291349;École primaire de Lou;;a_preciser;Établissement scolaire (type à préciser);;non_indique;kalale;;10.327653;3.458031;https://www.openstreetmap.org/way/724291349;cartographie_collaborative;Type à préciser : aucun indice fiable dans OpenStreetMap.
REF-OSM-way-724375352;École primaire de Tchamon;;a_preciser;Établissement scolaire (type à préciser);;non_indique;kalale;;10.226483;3.361319;https://www.openstreetmap.org/way/724375352;cartographie_collaborative;Type à préciser : aucun indice fiable dans OpenStreetMap.
REF-OSM-way-724416794;Collège de Dérassi;;college;Collège;secondaire;non_indique;kalale;;10.153636;3.262792;https://www.openstreetmap.org/way/724416794;cartographie_collaborative;Type déduit du nom de l'établissement.
REF-OSM-way-724529673;École primaire publique de Bagaria;;a_preciser;Établissement scolaire (type à préciser);;public;kalale;;10.310157;3.255696;https://www.openstreetmap.org/way/724529673;cartographie_collaborative;Type à préciser : aucun indice fiable dans OpenStreetMap.
REF-OSM-way-724610398;Centre des métiers;;centre_formation_professionnelle;Centre de formation professionnelle;technique;non_indique;nikki;;9.925835;3.190799;https://www.openstreetmap.org/way/724610398;cartographie_collaborative;Type déduit du nom de l'établissement.
REF-OSM-way-724626010;École EPP Gbaoussi;;ecole_primaire;École primaire;primaire;public;nikki;;9.905143;3.179704;https://www.openstreetmap.org/way/724626010;cartographie_collaborative;Type déduit du nom de l'établissement.
REF-OSM-way-724676922;Collège de Sérékalé;;college;Collège;secondaire;non_indique;nikki;;9.919843;3.050836;https://www.openstreetmap.org/way/724676922;cartographie_collaborative;Type déduit du nom de l'établissement.
REF-OSM-way-724709941;École primaire d'Ouenra;;a_preciser;Établissement scolaire (type à préciser);;non_indique;nikki;;9.906149;2.996858;https://www.openstreetmap.org/way/724709941;cartographie_collaborative;Type à préciser : aucun indice fiable dans OpenStreetMap.
REF-OSM-way-724783843;École primaire publique d'Ourarou;;a_preciser;Établissement scolaire (type à préciser);;public;nikki;;9.888797;2.813364;https://www.openstreetmap.org/way/724783843;cartographie_collaborative;Type à préciser : aucun indice fiable dans OpenStreetMap.
REF-OSM-way-724882529;Collège de Bori;;college;Collège;secondaire;non_indique;n-dali;;9.751173;2.429762;https://www.openstreetmap.org/way/724882529;cartographie_collaborative;Type déduit du nom de l'établissement.
REF-OSM-way-724888420;École primaire de Wèrèkè;;a_preciser;Établissement scolaire (type à préciser);;non_indique;n-dali;;9.739613;2.525219;https://www.openstreetmap.org/way/724888420;cartographie_collaborative;Type à préciser : aucun indice fiable dans OpenStreetMap.
REF-OSM-way-724890023;École primaire de Bouérou;;a_preciser;Établissement scolaire (type à préciser);;non_indique;n-dali;;9.754924;2.549568;https://www.openstreetmap.org/way/724890023;cartographie_collaborative;Type à préciser : aucun indice fiable dans OpenStreetMap.
REF-OSM-way-725041266;École primaire de Wari-Goura;;a_preciser;Établissement scolaire (type à préciser);;non_indique;n-dali;;9.713649;2.742478;https://www.openstreetmap.org/way/725041266;cartographie_collaborative;Type à préciser : aucun indice fiable dans OpenStreetMap.
REF-OSM-way-725041275;École primaire publique de Warikpa;;a_preciser;Établissement scolaire (type à préciser);;public;n-dali;;9.725286;2.693641;https://www.openstreetmap.org/way/725041275;cartographie_collaborative;Type à préciser : aucun indice fiable dans OpenStreetMap.
REF-OSM-way-725258824;École primaire de Sondi;;a_preciser;Établissement scolaire (type à préciser);;non_indique;perere;;9.663431;2.860855;https://www.openstreetmap.org/way/725258824;cartographie_collaborative;Type à préciser : aucun indice fiable dans OpenStreetMap.
REF-OSM-way-725276232;École primaire de Tchori;;a_preciser;Établissement scolaire (type à préciser);;non_indique;perere;;9.672523;2.906723;https://www.openstreetmap.org/way/725276232;cartographie_collaborative;Type à préciser : aucun indice fiable dans OpenStreetMap.
REF-OSM-way-725759651;Collège de Guingourou;;college;Collège;secondaire;non_indique;perere;;9.560478;2.937539;https://www.openstreetmap.org/way/725759651;cartographie_collaborative;Type déduit du nom de l'établissement.
REF-OSM-way-725765572;École primaire de Wondou;;a_preciser;Établissement scolaire (type à préciser);;non_indique;perere;;9.537184;2.988395;https://www.openstreetmap.org/way/725765572;cartographie_collaborative;Type à préciser : aucun indice fiable dans OpenStreetMap.
REF-OSM-way-725782661;École primaire publique de Koukoumbou;;a_preciser;Établissement scolaire (type à préciser);;public;perere;;9.497372;3.046171;https://www.openstreetmap.org/way/725782661;cartographie_collaborative;Type à préciser : aucun indice fiable dans OpenStreetMap.
REF-OSM-way-725782664;École primaire publique de Sassakou;;a_preciser;Établissement scolaire (type à préciser);;public;perere;;9.526308;3.033159;https://www.openstreetmap.org/way/725782664;cartographie_collaborative;Type à préciser : aucun indice fiable dans OpenStreetMap.
REF-OSM-way-725787763;École primaire publique de Boro;;a_preciser;Établissement scolaire (type à préciser);;public;perere;;9.506516;3.064629;https://www.openstreetmap.org/way/725787763;cartographie_collaborative;Type à préciser : aucun indice fiable dans OpenStreetMap.
REF-OSM-way-725798954;École primaire de Séni;;a_preciser;Établissement scolaire (type à préciser);;non_indique;perere;;9.533485;3.089315;https://www.openstreetmap.org/way/725798954;cartographie_collaborative;Type à préciser : aucun indice fiable dans OpenStreetMap.
REF-OSM-way-725900385;École primaire publique de Binassi;;a_preciser;Établissement scolaire (type à préciser);;public;n-dali;;9.480755;2.774661;https://www.openstreetmap.org/way/725900385;cartographie_collaborative;Type à préciser : aucun indice fiable dans OpenStreetMap.
REF-OSM-way-725910664;École primaire publique de Gbégourou;;a_preciser;Établissement scolaire (type à préciser);;public;n-dali;;9.446794;2.742144;https://www.openstreetmap.org/way/725910664;cartographie_collaborative;Type à préciser : aucun indice fiable dans OpenStreetMap.
REF-OSM-way-725913196;Collège d'enseignement général public de Gbégourou;;college;Collège d'enseignement général (CEG);secondaire;public;n-dali;;9.438590;2.736140;https://www.openstreetmap.org/way/725913196;cartographie_collaborative;Type déduit du nom de l'établissement.
REF-OSM-way-725918948;École primaire publique de Darnon;;a_preciser;Établissement scolaire (type à préciser);;public;n-dali;;9.425809;2.715103;https://www.openstreetmap.org/way/725918948;cartographie_collaborative;Type à préciser : aucun indice fiable dans OpenStreetMap.
REF-OSM-way-726137772;École primaire publique de Kokoma Ganda;;a_preciser;Établissement scolaire (type à préciser);;public;parakou;;9.312491;2.695703;https://www.openstreetmap.org/way/726137772;cartographie_collaborative;Type à préciser : aucun indice fiable dans OpenStreetMap.
REF-OSM-way-726146751;École primaire publique de Kpassa;;a_preciser;Établissement scolaire (type à préciser);;public;parakou;;9.285649;2.728059;https://www.openstreetmap.org/way/726146751;cartographie_collaborative;Type à préciser : aucun indice fiable dans OpenStreetMap.
REF-OSM-way-726148425;Lycée technique agricole;;lycee_technique;Lycée technique;technique;non_indique;tchaourou;;9.285644;2.753703;https://www.openstreetmap.org/way/726148425;cartographie_collaborative;Type déduit du nom de l'établissement.
REF-OSM-way-726148427;École primaire publique de Kika-Barrage (Kika II);;a_preciser;Établissement scolaire (type à préciser);;public;tchaourou;;9.286995;2.742506;https://www.openstreetmap.org/way/726148427;cartographie_collaborative;Type à préciser : aucun indice fiable dans OpenStreetMap.
REF-OSM-way-726180669;EPP Arafat;;ecole_primaire;École primaire;primaire;public;parakou;;9.336480;2.650480;https://www.openstreetmap.org/way/726180669;cartographie_collaborative;Type déduit du nom de l'établissement.
REF-OSM-way-727053160;EPP Gah-Non;;ecole_primaire;École primaire;primaire;public;parakou;;9.324227;2.592342;https://www.openstreetmap.org/way/727053160;cartographie_collaborative;Type déduit du nom de l'établissement.
REF-OSM-way-727225712;École primaire publique de Badékparou;;a_preciser;Établissement scolaire (type à préciser);;public;tchaourou;;9.215393;2.558164;https://www.openstreetmap.org/way/727225712;cartographie_collaborative;Type à préciser : aucun indice fiable dans OpenStreetMap.
REF-OSM-way-727248528;École primaire publique de Sakparou;;a_preciser;Établissement scolaire (type à préciser);;public;tchaourou;;9.143839;2.518683;https://www.openstreetmap.org/way/727248528;cartographie_collaborative;Type à préciser : aucun indice fiable dans OpenStreetMap.
REF-OSM-way-727269116;École primaire publique Boukousséra;;a_preciser;Établissement scolaire (type à préciser);;public;tchaourou;;9.101355;2.529106;https://www.openstreetmap.org/way/727269116;cartographie_collaborative;Type à préciser : aucun indice fiable dans OpenStreetMap.
REF-OSM-way-727276222;École primaire publique de Goussouambou;;a_preciser;Établissement scolaire (type à préciser);;public;tchaourou;;9.026661;2.496981;https://www.openstreetmap.org/way/727276222;cartographie_collaborative;Type à préciser : aucun indice fiable dans OpenStreetMap.
REF-OSM-way-727283433;École primaire publique de Gbéyèkèrou 1;;a_preciser;Établissement scolaire (type à préciser);;public;tchaourou;;8.920758;2.564917;https://www.openstreetmap.org/way/727283433;cartographie_collaborative;Type à préciser : aucun indice fiable dans OpenStreetMap.
REF-OSM-way-727303651;CEG Bassila;;college;Collège d'enseignement général (CEG);secondaire;public;bassila;;9.003254;1.670350;https://www.openstreetmap.org/way/727303651;cartographie_collaborative;Type déduit du nom de l'établissement.
REF-OSM-way-727384723;École primaire publique de Guiguisso;;a_preciser;Établissement scolaire (type à préciser);;public;bassila;;9.051415;1.678376;https://www.openstreetmap.org/way/727384723;cartographie_collaborative;Type à préciser : aucun indice fiable dans OpenStreetMap.
REF-OSM-way-727454208;École primaire publique d'Igbèrè;;a_preciser;Établissement scolaire (type à préciser);;public;bassila;;8.992999;1.962403;https://www.openstreetmap.org/way/727454208;cartographie_collaborative;Type à préciser : aucun indice fiable dans OpenStreetMap.
REF-OSM-way-727499345;CEG de Ouaké;;college;Collège d'enseignement général (CEG);secondaire;public;ouake;;9.668488;1.388809;https://www.openstreetmap.org/way/727499345;cartographie_collaborative;Type déduit du nom de l'établissement.
REF-OSM-way-727526838;Collège de Tchalinga;;college;Collège;secondaire;non_indique;ouake;;9.811184;1.391745;https://www.openstreetmap.org/way/727526838;cartographie_collaborative;Type déduit du nom de l'établissement.
REF-OSM-way-727675431;École primaire publique de Wagou;;a_preciser;Établissement scolaire (type à préciser);;public;banikoara;;11.276251;2.403227;https://www.openstreetmap.org/way/727675431;cartographie_collaborative;Type à préciser : aucun indice fiable dans OpenStreetMap.
REF-OSM-way-728000240;École primaire publique de Sissou;;a_preciser;Établissement scolaire (type à préciser);;public;banikoara;;11.607282;2.494969;https://www.openstreetmap.org/way/728000240;cartographie_collaborative;Type à préciser : aucun indice fiable dans OpenStreetMap.
REF-OSM-way-728025413;École primaire publique de Yingnimpogou;;a_preciser;Établissement scolaire (type à préciser);;public;banikoara;;11.536868;2.462195;https://www.openstreetmap.org/way/728025413;cartographie_collaborative;Type à préciser : aucun indice fiable dans OpenStreetMap.
REF-OSM-way-728025421;École primaire publique de Bambaga;;a_preciser;Établissement scolaire (type à préciser);;public;banikoara;;11.569339;2.470728;https://www.openstreetmap.org/way/728025421;cartographie_collaborative;Type à préciser : aucun indice fiable dans OpenStreetMap.
REF-OSM-way-728030299;École primaire publique de Bagawoni;;a_preciser;Établissement scolaire (type à préciser);;public;banikoara;;11.527906;2.491908;https://www.openstreetmap.org/way/728030299;cartographie_collaborative;Type à préciser : aucun indice fiable dans OpenStreetMap.
REF-OSM-way-728085336;École primaire publique d'Iboto;;a_preciser;Établissement scolaire (type à préciser);;public;banikoara;;11.439652;2.499757;https://www.openstreetmap.org/way/728085336;cartographie_collaborative;Type à préciser : aucun indice fiable dans OpenStreetMap.
REF-OSM-way-728085341;École primairen publique de Bafounou;;a_preciser;Établissement scolaire (type à préciser);;public;banikoara;;11.433267;2.532070;https://www.openstreetmap.org/way/728085341;cartographie_collaborative;Type à préciser : aucun indice fiable dans OpenStreetMap.
REF-OSM-way-728102735;École primaire publique de Yossinandé;;a_preciser;Établissement scolaire (type à préciser);;public;banikoara;;11.415079;2.488682;https://www.openstreetmap.org/way/728102735;cartographie_collaborative;Type à préciser : aucun indice fiable dans OpenStreetMap.
REF-OSM-way-728102757;École primaire publique de Gougnirou;;a_preciser;Établissement scolaire (type à préciser);;public;banikoara;;11.450799;2.460455;https://www.openstreetmap.org/way/728102757;cartographie_collaborative;Type à préciser : aucun indice fiable dans OpenStreetMap.
REF-OSM-way-728280928;École primaire publique de Tintinmou;;a_preciser;Établissement scolaire (type à préciser);;public;banikoara;;11.239902;2.350184;https://www.openstreetmap.org/way/728280928;cartographie_collaborative;Type à préciser : aucun indice fiable dans OpenStreetMap.
REF-OSM-way-728283997;École primaire publique de Kogningou;;a_preciser;Établissement scolaire (type à préciser);;public;banikoara;;11.246408;2.330668;https://www.openstreetmap.org/way/728283997;cartographie_collaborative;Type à préciser : aucun indice fiable dans OpenStreetMap.
REF-OSM-way-728339397;École primaire publique de Kakourogou;;a_preciser;Établissement scolaire (type à préciser);;public;banikoara;;11.261619;2.268454;https://www.openstreetmap.org/way/728339397;cartographie_collaborative;Type à préciser : aucun indice fiable dans OpenStreetMap.
REF-OSM-way-728823362;École primaire publique de Kokibourou;;a_preciser;Établissement scolaire (type à préciser);;public;banikoara;;11.197865;2.317175;https://www.openstreetmap.org/way/728823362;cartographie_collaborative;Type à préciser : aucun indice fiable dans OpenStreetMap.
REF-OSM-way-728991773;École primaire publique de Mondara;;a_preciser;Établissement scolaire (type à préciser);;public;kerou;;10.835820;2.039115;https://www.openstreetmap.org/way/728991773;cartographie_collaborative;Type à préciser : aucun indice fiable dans OpenStreetMap.
REF-OSM-way-734858575;École primaire publique de Boa;;a_preciser;Établissement scolaire (type à préciser);;public;kalale;;10.368799;3.218129;https://www.openstreetmap.org/way/734858575;cartographie_collaborative;Type à préciser : aucun indice fiable dans OpenStreetMap.
REF-OSM-way-734889051;École primaire publique de Kôkôrô;;ecole_primaire;École primaire;primaire;public;kalale;;10.430100;3.205257;https://www.openstreetmap.org/way/734889051;cartographie_collaborative;Type déduit des attributs OpenStreetMap.
REF-OSM-way-735195413;École primaire publique de Batin;;a_preciser;Établissement scolaire (type à préciser);;public;bembereke;;10.447341;2.971984;https://www.openstreetmap.org/way/735195413;cartographie_collaborative;Type à préciser : aucun indice fiable dans OpenStreetMap.
REF-OSM-way-735274313;École primaire publique de Kpessara;;a_preciser;Établissement scolaire (type à préciser);;public;bembereke;;10.413679;2.796747;https://www.openstreetmap.org/way/735274313;cartographie_collaborative;Type à préciser : aucun indice fiable dans OpenStreetMap.
REF-OSM-way-735274323;École primaire publique de Boké;;a_preciser;Établissement scolaire (type à préciser);;public;bembereke;;10.449671;2.819825;https://www.openstreetmap.org/way/735274323;cartographie_collaborative;Type à préciser : aucun indice fiable dans OpenStreetMap.
REF-OSM-way-735362308;Groupe Scolaire La Source;;complexe_scolaire;Complexe scolaire;maternelle|primaire;non_indique;cotonou;Groupe Scolaire La Source;6.368073;2.423234;https://www.openstreetmap.org/way/735362308;cartographie_collaborative;Type déduit du nom de l'établissement.
REF-OSM-way-735399162;École primaire publique de Bafa;;a_preciser;Établissement scolaire (type à préciser);;public;bembereke;;10.479118;2.823384;https://www.openstreetmap.org/way/735399162;cartographie_collaborative;Type à préciser : aucun indice fiable dans OpenStreetMap.
REF-OSM-way-735419741;Collège d'éducation générale publique de Gamia;;college;Collège;secondaire;public;bembereke;;10.400053;2.722262;https://www.openstreetmap.org/way/735419741;cartographie_collaborative;Type déduit du nom de l'établissement.
REF-OSM-way-736239880;École primaire publique de Taïti;;a_preciser;Établissement scolaire (type à préciser);;public;bembereke;;10.327964;2.822203;https://www.openstreetmap.org/way/736239880;cartographie_collaborative;Type à préciser : aucun indice fiable dans OpenStreetMap.
REF-OSM-way-736246876;École primaire publique de Ganro;;a_preciser;Établissement scolaire (type à préciser);;public;bembereke;;10.359175;2.818090;https://www.openstreetmap.org/way/736246876;cartographie_collaborative;Type à préciser : aucun indice fiable dans OpenStreetMap.
REF-OSM-way-736302732;École primaire publique de Boro;;a_preciser;Établissement scolaire (type à préciser);;public;bembereke;;10.354029;2.940705;https://www.openstreetmap.org/way/736302732;cartographie_collaborative;Type à préciser : aucun indice fiable dans OpenStreetMap.
REF-OSM-way-736452925;École primaire publique de Guéra-Nkali;;a_preciser;Établissement scolaire (type à préciser);;public;bembereke;;10.270887;2.897710;https://www.openstreetmap.org/way/736452925;cartographie_collaborative;Type à préciser : aucun indice fiable dans OpenStreetMap.
REF-OSM-way-736453006;École primaire publique de Konarou;;a_preciser;Établissement scolaire (type à préciser);;public;bembereke;;10.314989;2.848379;https://www.openstreetmap.org/way/736453006;cartographie_collaborative;Type à préciser : aucun indice fiable dans OpenStreetMap.
REF-OSM-way-736459451;École primaire publique de Gorobani;;a_preciser;Établissement scolaire (type à préciser);;public;bembereke;;10.261613;2.914558;https://www.openstreetmap.org/way/736459451;cartographie_collaborative;Type à préciser : aucun indice fiable dans OpenStreetMap.
REF-OSM-way-736473683;École primaire publique de Gbérou-Daba;;a_preciser;Établissement scolaire (type à préciser);;public;bembereke;;10.227861;2.935839;https://www.openstreetmap.org/way/736473683;cartographie_collaborative;Type à préciser : aucun indice fiable dans OpenStreetMap.
REF-OSM-way-736510820;École primaire publique de Sissigorou;;a_preciser;Établissement scolaire (type à préciser);;public;bembereke;;10.237387;2.870288;https://www.openstreetmap.org/way/736510820;cartographie_collaborative;Type à préciser : aucun indice fiable dans OpenStreetMap.
REF-OSM-way-736510825;École primaire publique de Kassarou;;a_preciser;Établissement scolaire (type à préciser);;public;bembereke;;10.215851;2.878902;https://www.openstreetmap.org/way/736510825;cartographie_collaborative;Type à préciser : aucun indice fiable dans OpenStreetMap.
REF-OSM-way-736542771;École primaire publique de Gnel Babi;;a_preciser;Établissement scolaire (type à préciser);;public;bembereke;;10.220904;2.916048;https://www.openstreetmap.org/way/736542771;cartographie_collaborative;Type à préciser : aucun indice fiable dans OpenStreetMap.
REF-OSM-way-736670118;École Notre Dame du Mont Carmel;;a_preciser;Établissement scolaire (type à préciser);;non_indique;nikki;École Notre Dame du Mont Carmel;9.914117;3.210709;https://www.openstreetmap.org/way/736670118;cartographie_collaborative;Type à préciser : aucun indice fiable dans OpenStreetMap.
REF-OSM-way-736670119;École Ben Wahel;;a_preciser;Établissement scolaire (type à préciser);;non_indique;nikki;École Ben Wahel;9.918933;3.211254;https://www.openstreetmap.org/way/736670119;cartographie_collaborative;Type à préciser : aucun indice fiable dans OpenStreetMap.
REF-OSM-way-737001899;École primaire publique de Gnonkourakali;;a_preciser;Établissement scolaire (type à préciser);;public;nikki;;10.118163;2.900203;https://www.openstreetmap.org/way/737001899;cartographie_collaborative;Type à préciser : aucun indice fiable dans OpenStreetMap.
REF-OSM-way-737022433;École primaire publique de Woroumangassarou;;a_preciser;Établissement scolaire (type à préciser);;public;nikki;;10.105737;2.848452;https://www.openstreetmap.org/way/737022433;cartographie_collaborative;Type à préciser : aucun indice fiable dans OpenStreetMap.
REF-OSM-way-737022456;Collège d'enseignement général publique de Gnonkourakali;;college;Collège d'enseignement général (CEG);secondaire;public;nikki;;10.117762;2.891180;https://www.openstreetmap.org/way/737022456;cartographie_collaborative;Type déduit du nom de l'établissement.
REF-OSM-way-737033612;Complexe scolaire Sebe A et B et La Maternelle;;ecole_maternelle;École maternelle;maternelle;non_indique;nikki;Complexe scolaire Sebe A et B et La Maternelle;9.941797;3.218974;https://www.openstreetmap.org/way/737033612;cartographie_collaborative;Type déduit du nom de l'établissement.
REF-OSM-way-737044466;École primaire publique de Gbian;;a_preciser;Établissement scolaire (type à préciser);;public;bembereke;;10.163539;2.859581;https://www.openstreetmap.org/way/737044466;cartographie_collaborative;Type à préciser : aucun indice fiable dans OpenStreetMap.
REF-OSM-way-737061522;École d´éducation arabe;;a_preciser;Établissement scolaire (type à préciser);;non_indique;nikki;;9.924704;3.208897;https://www.openstreetmap.org/way/737061522;cartographie_collaborative;Type à préciser : aucun indice fiable dans OpenStreetMap.
REF-OSM-way-737061530;Soeurs Agustines;;a_preciser;Établissement scolaire (type à préciser);;non_indique;nikki;;9.929628;3.208102;https://www.openstreetmap.org/way/737061530;cartographie_collaborative;Type à préciser : aucun indice fiable dans OpenStreetMap.
REF-OSM-way-737300292;École primaire publique de Gbari;;a_preciser;Établissement scolaire (type à préciser);;public;nikki;;10.012610;2.924710;https://www.openstreetmap.org/way/737300292;cartographie_collaborative;Type à préciser : aucun indice fiable dans OpenStreetMap.
REF-OSM-way-737496468;École primaire publique de Bonrou;;a_preciser;Établissement scolaire (type à préciser);;public;perere;;9.808260;2.904437;https://www.openstreetmap.org/way/737496468;cartographie_collaborative;Type à préciser : aucun indice fiable dans OpenStreetMap.
REF-OSM-way-738031166;École primaire publique de Massiagourou;;a_preciser;Établissement scolaire (type à préciser);;public;nikki;;9.870966;2.934952;https://www.openstreetmap.org/way/738031166;cartographie_collaborative;Type à préciser : aucun indice fiable dans OpenStreetMap.
REF-OSM-way-738203883;École primaire publique de Gouré Tèpa;;a_preciser;Établissement scolaire (type à préciser);;public;nikki;;10.123980;2.989703;https://www.openstreetmap.org/way/738203883;cartographie_collaborative;Type à préciser : aucun indice fiable dans OpenStreetMap.
REF-OSM-way-738203887;École primaire publique de Moussouré;;a_preciser;Établissement scolaire (type à préciser);;public;nikki;;10.054465;3.047107;https://www.openstreetmap.org/way/738203887;cartographie_collaborative;Type à préciser : aucun indice fiable dans OpenStreetMap.
REF-OSM-way-738203894;École primaire publique de Yao-Gourou;;a_preciser;Établissement scolaire (type à préciser);;public;nikki;;10.039366;3.035754;https://www.openstreetmap.org/way/738203894;cartographie_collaborative;Type à préciser : aucun indice fiable dans OpenStreetMap.
REF-OSM-way-738203904;École primaire publique de Ganrou;;a_preciser;Établissement scolaire (type à préciser);;public;nikki;;10.022320;3.070665;https://www.openstreetmap.org/way/738203904;cartographie_collaborative;Type à préciser : aucun indice fiable dans OpenStreetMap.
REF-OSM-way-738203936;École primaire publique de Guinma;;a_preciser;Établissement scolaire (type à préciser);;public;nikki;;9.962082;2.990599;https://www.openstreetmap.org/way/738203936;cartographie_collaborative;Type à préciser : aucun indice fiable dans OpenStreetMap.
REF-OSM-way-738207883;École primaire publique de Tchafrico;;a_preciser;Établissement scolaire (type à préciser);;public;kalale;;10.131572;3.070583;https://www.openstreetmap.org/way/738207883;cartographie_collaborative;Type à préciser : aucun indice fiable dans OpenStreetMap.
REF-OSM-way-738256467;École primaire publique de Nallou;;a_preciser;Établissement scolaire (type à préciser);;public;nikki;;9.929295;2.910547;https://www.openstreetmap.org/way/738256467;cartographie_collaborative;Type à préciser : aucun indice fiable dans OpenStreetMap.
REF-OSM-way-738265201;École primaire publique de Goua;;a_preciser;Établissement scolaire (type à préciser);;public;bembereke;;9.982503;2.833588;https://www.openstreetmap.org/way/738265201;cartographie_collaborative;Type à préciser : aucun indice fiable dans OpenStreetMap.
REF-OSM-way-738433700;Lycée technique agricole d'Ina (LTA-INA);;lycee_technique;Lycée technique;technique;non_indique;bembereke;;9.950420;2.727627;https://www.openstreetmap.org/way/738433700;cartographie_collaborative;Type déduit du nom de l'établissement.
REF-OSM-way-738467909;Lycée technique agricole d'Ina (LTA-INA);;lycee_technique;Lycée technique;technique;non_indique;bembereke;;9.958784;2.724401;https://www.openstreetmap.org/way/738467909;cartographie_collaborative;Type déduit du nom de l'établissement.
REF-OSM-way-738607074;École primaire publique de Wodora;;a_preciser;Établissement scolaire (type à préciser);;public;bembereke;;9.926018;2.722187;https://www.openstreetmap.org/way/738607074;cartographie_collaborative;Type à préciser : aucun indice fiable dans OpenStreetMap.
REF-OSM-way-738707952;École primaire publique de Tèpa;;a_preciser;Établissement scolaire (type à préciser);;public;nikki;;9.908523;2.783284;https://www.openstreetmap.org/way/738707952;cartographie_collaborative;Type à préciser : aucun indice fiable dans OpenStreetMap.
REF-OSM-way-740645645;École primaire publique de Tamarou;;a_preciser;Établissement scolaire (type à préciser);;public;n-dali;;9.732055;2.696865;https://www.openstreetmap.org/way/740645645;cartographie_collaborative;Type à préciser : aucun indice fiable dans OpenStreetMap.
REF-OSM-way-740787990;Écloe primaire publique de Gah-Winra;;a_preciser;Établissement scolaire (type à préciser);;public;n-dali;;9.683089;2.740539;https://www.openstreetmap.org/way/740787990;cartographie_collaborative;Type à préciser : aucun indice fiable dans OpenStreetMap.
REF-OSM-way-741045627;École primaire publique de Banhoun-Kpo;;a_preciser;Établissement scolaire (type à préciser);;public;n-dali;;9.672515;2.677246;https://www.openstreetmap.org/way/741045627;cartographie_collaborative;Type à préciser : aucun indice fiable dans OpenStreetMap.
REF-OSM-way-741509991;École primaire publique de Sinawourarou;;a_preciser;Établissement scolaire (type à préciser);;public;perere;;9.558875;2.804971;https://www.openstreetmap.org/way/741509991;cartographie_collaborative;Type à préciser : aucun indice fiable dans OpenStreetMap.
REF-OSM-way-741686254;École primaire publique de Kadiri Kparou;;a_preciser;Établissement scolaire (type à préciser);;public;n-dali;;9.508232;2.740324;https://www.openstreetmap.org/way/741686254;cartographie_collaborative;Type à préciser : aucun indice fiable dans OpenStreetMap.
REF-OSM-way-742492939;École primaire publique de Winra;;a_preciser;Établissement scolaire (type à préciser);;public;tchaourou;;9.327773;2.762185;https://www.openstreetmap.org/way/742492939;cartographie_collaborative;Type à préciser : aucun indice fiable dans OpenStreetMap.
REF-OSM-way-742623980;École primaire publique de Kika;;a_preciser;Établissement scolaire (type à préciser);;public;tchaourou;;9.287569;2.776679;https://www.openstreetmap.org/way/742623980;cartographie_collaborative;Type à préciser : aucun indice fiable dans OpenStreetMap.
REF-OSM-way-742623981;Collège d'enseignement général public de Kika;;college;Collège d'enseignement général (CEG);secondaire;public;tchaourou;;9.287156;2.774917;https://www.openstreetmap.org/way/742623981;cartographie_collaborative;Type déduit du nom de l'établissement.
REF-OSM-way-742878471;École primaire publique de Barrage;;a_preciser;Établissement scolaire (type à préciser);;public;parakou;;9.347487;2.715079;https://www.openstreetmap.org/way/742878471;cartographie_collaborative;Type à préciser : aucun indice fiable dans OpenStreetMap.
REF-OSM-way-744753040;École primaire publique d'Yèroumarou;;a_preciser;Établissement scolaire (type à préciser);;public;tchaourou;;9.212364;2.775813;https://www.openstreetmap.org/way/744753040;cartographie_collaborative;Type à préciser : aucun indice fiable dans OpenStreetMap.
REF-OSM-way-745099873;École primaire publique de Tokissi 1;;a_preciser;Établissement scolaire (type à préciser);;public;tchaourou;;9.139365;2.814217;https://www.openstreetmap.org/way/745099873;cartographie_collaborative;Type à préciser : aucun indice fiable dans OpenStreetMap.
REF-OSM-way-746354608;École primaire publique de Wari 1;;a_preciser;Établissement scolaire (type à préciser);;public;tchaourou;;9.106457;2.743154;https://www.openstreetmap.org/way/746354608;cartographie_collaborative;Type à préciser : aucun indice fiable dans OpenStreetMap.
REF-OSM-way-746654387;École primaire publique de Parc 7;;a_preciser;Établissement scolaire (type à préciser);;public;tchaourou;;9.205348;2.723948;https://www.openstreetmap.org/way/746654387;cartographie_collaborative;Type à préciser : aucun indice fiable dans OpenStreetMap.
REF-OSM-way-747386859;École primaire publique de Wari 2;;a_preciser;Établissement scolaire (type à préciser);;public;tchaourou;;9.155848;2.711767;https://www.openstreetmap.org/way/747386859;cartographie_collaborative;Type à préciser : aucun indice fiable dans OpenStreetMap.
REF-OSM-way-748820242;École primaire publique de Kpokoro;;a_preciser;Établissement scolaire (type à préciser);;public;tchaourou;;9.184384;2.723464;https://www.openstreetmap.org/way/748820242;cartographie_collaborative;Type à préciser : aucun indice fiable dans OpenStreetMap.
REF-OSM-way-748919071;École primaire publique de Gbékpanin;;a_preciser;Établissement scolaire (type à préciser);;public;tchaourou;;9.084860;2.654698;https://www.openstreetmap.org/way/748919071;cartographie_collaborative;Type à préciser : aucun indice fiable dans OpenStreetMap.
REF-OSM-way-749218084;École primaire publique de Woria;;a_preciser;Établissement scolaire (type à préciser);;public;tchaourou;;9.080208;2.725317;https://www.openstreetmap.org/way/749218084;cartographie_collaborative;Type à préciser : aucun indice fiable dans OpenStreetMap.
REF-OSM-way-750111597;École primaire publique de Lafia Boudo;;a_preciser;Établissement scolaire (type à préciser);;public;tchaourou;;9.098280;2.788636;https://www.openstreetmap.org/way/750111597;cartographie_collaborative;Type à préciser : aucun indice fiable dans OpenStreetMap.
REF-OSM-way-750379939;École primaire publiue de Yambouan;;a_preciser;Établissement scolaire (type à préciser);;non_indique;tchaourou;;8.972337;2.780193;https://www.openstreetmap.org/way/750379939;cartographie_collaborative;Type à préciser : aucun indice fiable dans OpenStreetMap.
REF-OSM-way-750794646;École primaire publique de Worogui-Goura;;a_preciser;Établissement scolaire (type à préciser);;public;tchaourou;;8.884487;2.673380;https://www.openstreetmap.org/way/750794646;cartographie_collaborative;Type à préciser : aucun indice fiable dans OpenStreetMap.
REF-OSM-way-753476604;`École primaire publique de Koro;;a_preciser;Établissement scolaire (type à préciser);;public;tchaourou;;8.897532;2.573515;https://www.openstreetmap.org/way/753476604;cartographie_collaborative;Type à préciser : aucun indice fiable dans OpenStreetMap.
REF-OSM-way-754936861;École primaire publique de Borori;;a_preciser;Établissement scolaire (type à préciser);;public;tchaourou;;8.931283;2.661372;https://www.openstreetmap.org/way/754936861;cartographie_collaborative;Type à préciser : aucun indice fiable dans OpenStreetMap.
REF-OSM-way-755118701;École primaire publique de Gango;;a_preciser;Établissement scolaire (type à préciser);;public;tchaourou;;8.973164;2.695140;https://www.openstreetmap.org/way/755118701;cartographie_collaborative;Type à préciser : aucun indice fiable dans OpenStreetMap.
REF-OSM-way-755156281;École Primaire Publique de Gango Allagbé;;a_preciser;Établissement scolaire (type à préciser);;public;tchaourou;;8.956868;2.703876;https://www.openstreetmap.org/way/755156281;cartographie_collaborative;Type à préciser : aucun indice fiable dans OpenStreetMap.
REF-OSM-way-759625924;Complexe scolère Baptiste;;a_preciser;Établissement scolaire (type à préciser);;non_indique;cotonou;;6.373849;2.410542;https://www.openstreetmap.org/way/759625924;cartographie_collaborative;Type à préciser : aucun indice fiable dans OpenStreetMap.
REF-OSM-way-791839979;École Primaire Publique de Zoungou-Pantrossi;;a_preciser;Établissement scolaire (type à préciser);;public;gogounou;;10.735675;2.979809;https://www.openstreetmap.org/way/791839979;cartographie_collaborative;Type à préciser : aucun indice fiable dans OpenStreetMap.
REF-OSM-way-794421270;Écoleprimaire publique de Sui-Gourou;;a_preciser;Établissement scolaire (type à préciser);;public;tchaourou;;9.283472;2.858347;https://www.openstreetmap.org/way/794421270;cartographie_collaborative;Type à préciser : aucun indice fiable dans OpenStreetMap.
REF-OSM-way-794485846;Éclole primaire publique de Sonna;;a_preciser;Établissement scolaire (type à préciser);;public;tchaourou;;9.290869;2.979356;https://www.openstreetmap.org/way/794485846;cartographie_collaborative;Type à préciser : aucun indice fiable dans OpenStreetMap.
REF-OSM-way-794674370;École primaire publique de Tourou-Souanré;;a_preciser;Établissement scolaire (type à préciser);;public;tchaourou;;9.255195;3.001911;https://www.openstreetmap.org/way/794674370;cartographie_collaborative;Type à préciser : aucun indice fiable dans OpenStreetMap.
REF-OSM-way-795584883;École primaire publique de Gouroubara;;a_preciser;Établissement scolaire (type à préciser);;public;tchaourou;;9.208111;3.003778;https://www.openstreetmap.org/way/795584883;cartographie_collaborative;Type à préciser : aucun indice fiable dans OpenStreetMap.
REF-OSM-way-795642547;École primaire publique de Warankpérou;;a_preciser;Établissement scolaire (type à préciser);;public;tchaourou;;9.139471;2.986950;https://www.openstreetmap.org/way/795642547;cartographie_collaborative;Type à préciser : aucun indice fiable dans OpenStreetMap.
REF-OSM-way-795663920;École primaire publique de Nimdo;;a_preciser;Établissement scolaire (type à préciser);;public;tchaourou;;9.119189;2.967846;https://www.openstreetmap.org/way/795663920;cartographie_collaborative;Type à préciser : aucun indice fiable dans OpenStreetMap.
REF-OSM-way-797002877;École primaire pbulique de Boé;;a_preciser;Établissement scolaire (type à préciser);;non_indique;tchaourou;;9.198791;2.869069;https://www.openstreetmap.org/way/797002877;cartographie_collaborative;Type à préciser : aucun indice fiable dans OpenStreetMap.
REF-OSM-way-797065136;École primaire publique de Tandou;;a_preciser;Établissement scolaire (type à préciser);;public;tchaourou;;9.093212;2.892390;https://www.openstreetmap.org/way/797065136;cartographie_collaborative;Type à préciser : aucun indice fiable dans OpenStreetMap.
REF-OSM-way-797482361;École primaire publique de Batirou;;a_preciser;Établissement scolaire (type à préciser);;public;tchaourou;;9.101470;2.582640;https://www.openstreetmap.org/way/797482361;cartographie_collaborative;Type à préciser : aucun indice fiable dans OpenStreetMap.
REF-OSM-way-797496948;École primaire publique de Gararou;;a_preciser;Établissement scolaire (type à préciser);;public;tchaourou;;9.068663;2.548792;https://www.openstreetmap.org/way/797496948;cartographie_collaborative;Type à préciser : aucun indice fiable dans OpenStreetMap.
REF-OSM-way-797519705;École primaire publique de Gokanna;;a_preciser;Établissement scolaire (type à préciser);;public;tchaourou;;9.027218;2.577952;https://www.openstreetmap.org/way/797519705;cartographie_collaborative;Type à préciser : aucun indice fiable dans OpenStreetMap.
REF-OSM-way-797849248;École primaire publique de Monta;;a_preciser;Établissement scolaire (type à préciser);;public;tchaourou;;9.328515;3.127708;https://www.openstreetmap.org/way/797849248;cartographie_collaborative;Type à préciser : aucun indice fiable dans OpenStreetMap.
REF-OSM-way-797876844;École Superrieure de Commerce des Entreprises du Bénin (ESCAE-BENI);;universite;Université;superieur;non_indique;abomey-calavi;;6.436749;2.339456;https://www.openstreetmap.org/way/797876844;cartographie_collaborative;Type déduit des attributs OpenStreetMap.
REF-OSM-way-798034296;Université Protestante de l’Afrique de l'Ouest (UPAO);;universite;Université;superieur;confessionnel;porto-novo;;6.480716;2.629389;https://www.openstreetmap.org/way/798034296;cartographie_collaborative;Type déduit du nom de l'établissement.
REF-OSM-way-798048435;Ecole de Techniciens Supérieurs du Bénin - La Grâce;;universite;Université;superieur;prive;cotonou;;6.371836;2.462481;https://www.openstreetmap.org/way/798048435;cartographie_collaborative;Type déduit des attributs OpenStreetMap.
REF-OSM-way-798056658;HILL University;;universite;Université;superieur;non_indique;cotonou;;6.371849;2.463168;https://www.openstreetmap.org/way/798056658;cartographie_collaborative;Type déduit du nom de l'établissement.
REF-OSM-way-798095438;École primaire publique de Bouyi;;a_preciser;Établissement scolaire (type à préciser);;public;perere;;9.409933;3.076813;https://www.openstreetmap.org/way/798095438;cartographie_collaborative;Type à préciser : aucun indice fiable dans OpenStreetMap.
REF-OSM-way-798264910;École primaire publique de Swanwôssou;;a_preciser;Établissement scolaire (type à préciser);;public;perere;;9.423455;3.000448;https://www.openstreetmap.org/way/798264910;cartographie_collaborative;Type à préciser : aucun indice fiable dans OpenStreetMap.
REF-OSM-way-798264917;École primaire publique d'Ogamoin;;a_preciser;Établissement scolaire (type à préciser);;public;perere;;9.415141;3.019119;https://www.openstreetmap.org/way/798264917;cartographie_collaborative;Type à préciser : aucun indice fiable dans OpenStreetMap.
REF-OSM-way-798302227;Ecole Nationale des Sciences et Technologies de l'Information et de la communication - ENSTIC;;ecole_superieure;Établissement d'enseignement supérieur;superieur;non_indique;savalou;;7.956727;1.982843;https://www.openstreetmap.org/way/798302227;cartographie_collaborative;Type déduit du nom de l'établissement.
REF-OSM-way-798326207;École primaire publique de Gounkparé;;a_preciser;Établissement scolaire (type à préciser);;public;perere;;9.464062;2.935731;https://www.openstreetmap.org/way/798326207;cartographie_collaborative;Type à préciser : aucun indice fiable dans OpenStreetMap.
REF-OSM-way-798379852;Ecole d'agriculture et d'Amenagement des spaces verts (UAK);;universite;Université;superieur;non_indique;ketou;;7.481310;2.714263;https://www.openstreetmap.org/way/798379852;cartographie_collaborative;Type déduit des attributs OpenStreetMap.
REF-OSM-way-798380690;Rectorat de l'UAK;;universite;Université;superieur;non_indique;ketou;;7.346902;2.615665;https://www.openstreetmap.org/way/798380690;cartographie_collaborative;Type déduit des attributs OpenStreetMap.
REF-OSM-way-798390934;École primaire publique de Gbéroukpanè;;a_preciser;Établissement scolaire (type à préciser);;public;perere;;9.510898;2.981601;https://www.openstreetmap.org/way/798390934;cartographie_collaborative;Type à préciser : aucun indice fiable dans OpenStreetMap.
REF-OSM-way-799080257;Écolie primaire publique de Nannonrou;;a_preciser;Établissement scolaire (type à préciser);;public;tchaourou;;9.324322;2.990552;https://www.openstreetmap.org/way/799080257;cartographie_collaborative;Type à préciser : aucun indice fiable dans OpenStreetMap.
REF-OSM-way-800029094;École primaire publique de Décourou;;a_preciser;Établissement scolaire (type à préciser);;public;perere;;9.481267;2.930816;https://www.openstreetmap.org/way/800029094;cartographie_collaborative;Type à préciser : aucun indice fiable dans OpenStreetMap.
REF-OSM-way-800303320;Éclole primaire publique de Gando Sonna;;a_preciser;Établissement scolaire (type à préciser);;public;perere;;9.512743;2.921386;https://www.openstreetmap.org/way/800303320;cartographie_collaborative;Type à préciser : aucun indice fiable dans OpenStreetMap.
REF-OSM-way-800466311;École primaire publique de Sanékou;;a_preciser;Établissement scolaire (type à préciser);;public;perere;;9.463477;3.071269;https://www.openstreetmap.org/way/800466311;cartographie_collaborative;Type à préciser : aucun indice fiable dans OpenStreetMap.
REF-OSM-way-802124622;École primaire publique de Souanré;;a_preciser;Établissement scolaire (type à préciser);;public;tchaourou;;9.227486;2.974548;https://www.openstreetmap.org/way/802124622;cartographie_collaborative;Type à préciser : aucun indice fiable dans OpenStreetMap.
REF-OSM-way-802435473;École primaire publique de Kokobè;;a_preciser;Établissement scolaire (type à préciser);;public;tchaourou;;9.282388;2.828752;https://www.openstreetmap.org/way/802435473;cartographie_collaborative;Type à préciser : aucun indice fiable dans OpenStreetMap.
REF-OSM-way-802835246;École primaire publique de Koki Baka;;a_preciser;Établissement scolaire (type à préciser);;public;tchaourou;;9.214427;2.821894;https://www.openstreetmap.org/way/802835246;cartographie_collaborative;Type à préciser : aucun indice fiable dans OpenStreetMap.
REF-OSM-way-803082989;Ex Centre Universitaire de Tchaourou;;universite;Université;superieur;non_indique;tchaourou;;8.946430;2.587857;https://www.openstreetmap.org/way/803082989;cartographie_collaborative;Type déduit du nom de l'établissement.
REF-OSM-way-803570272;École primaire publique d'Odo-Akaba;;a_preciser;Établissement scolaire (type à préciser);;public;tchaourou;;8.772643;2.603432;https://www.openstreetmap.org/way/803570272;cartographie_collaborative;Type à préciser : aucun indice fiable dans OpenStreetMap.
REF-OSM-way-803582592;CEG d'Ogoutèdo;;college;Collège d'enseignement général (CEG);secondaire;public;ouesse;;8.757234;2.597564;https://www.openstreetmap.org/way/803582592;cartographie_collaborative;Type déduit du nom de l'établissement.
REF-OSM-way-803659544;École primaire publique de Sokroko;;a_preciser;Établissement scolaire (type à préciser);;public;ouesse;;8.751991;2.636409;https://www.openstreetmap.org/way/803659544;cartographie_collaborative;Type à préciser : aucun indice fiable dans OpenStreetMap.
REF-OSM-way-803679872;École primaire publique de Toui-Gare;;a_preciser;Établissement scolaire (type à préciser);;public;ouesse;;8.669443;2.619873;https://www.openstreetmap.org/way/803679872;cartographie_collaborative;Type à préciser : aucun indice fiable dans OpenStreetMap.
REF-OSM-way-803750867;École primaire publique d'Èkpa;;a_preciser;Établissement scolaire (type à préciser);;public;ouesse;;8.620572;2.594352;https://www.openstreetmap.org/way/803750867;cartographie_collaborative;Type à préciser : aucun indice fiable dans OpenStreetMap.
REF-OSM-way-803752272;École primaire publique d'Akpéro;;a_preciser;Établissement scolaire (type à préciser);;public;ouesse;;8.625286;2.574398;https://www.openstreetmap.org/way/803752272;cartographie_collaborative;Type à préciser : aucun indice fiable dans OpenStreetMap.
REF-OSM-way-803852912;École primaire publique d'Idadjo;;a_preciser;Établissement scolaire (type à préciser);;public;ouesse;;8.565437;2.242598;https://www.openstreetmap.org/way/803852912;cartographie_collaborative;Type à préciser : aucun indice fiable dans OpenStreetMap.
REF-OSM-way-805457309;École primaire publique de N'Gbèhouédo-Routo;;a_preciser;Établissement scolaire (type à préciser);;public;ouesse;;8.591258;2.420792;https://www.openstreetmap.org/way/805457309;cartographie_collaborative;Type à préciser : aucun indice fiable dans OpenStreetMap.
REF-OSM-way-806135272;École primaire publique de Wari-Maro;;a_preciser;Établissement scolaire (type à préciser);;public;tchaourou;;9.166976;2.164379;https://www.openstreetmap.org/way/806135272;cartographie_collaborative;Type à préciser : aucun indice fiable dans OpenStreetMap.
REF-OSM-way-806327903;École primaire publique de Samba;;a_preciser;Établissement scolaire (type à préciser);;public;tchaourou;;9.184318;2.213005;https://www.openstreetmap.org/way/806327903;cartographie_collaborative;Type à préciser : aucun indice fiable dans OpenStreetMap.
REF-OSM-way-806331688;École primaire publique d'Oubérou;;a_preciser;Établissement scolaire (type à préciser);;public;tchaourou;;9.210298;2.230194;https://www.openstreetmap.org/way/806331688;cartographie_collaborative;Type à préciser : aucun indice fiable dans OpenStreetMap.
REF-OSM-way-806354895;École primaire publique d'Angaradébou;;a_preciser;Établissement scolaire (type à préciser);;public;tchaourou;;9.207465;2.309324;https://www.openstreetmap.org/way/806354895;cartographie_collaborative;Type à préciser : aucun indice fiable dans OpenStreetMap.
REF-OSM-way-806354904;École primaire publique de Sinahou;;a_preciser;Établissement scolaire (type à préciser);;public;tchaourou;;9.202625;2.255349;https://www.openstreetmap.org/way/806354904;cartographie_collaborative;Type à préciser : aucun indice fiable dans OpenStreetMap.
REF-OSM-way-806363405;École primaire publique de Kika;;a_preciser;Établissement scolaire (type à préciser);;public;tchaourou;;9.225725;2.203628;https://www.openstreetmap.org/way/806363405;cartographie_collaborative;Type à préciser : aucun indice fiable dans OpenStreetMap.
REF-OSM-way-806365529;École primaire publique de Kpéssou-Samali;;a_preciser;Établissement scolaire (type à préciser);;public;tchaourou;;9.267188;2.182514;https://www.openstreetmap.org/way/806365529;cartographie_collaborative;Type à préciser : aucun indice fiable dans OpenStreetMap.
REF-OSM-way-806378439;Collège d'enseignement secondaire Kpéssou;;college;Collège;secondaire;non_indique;tchaourou;;9.284755;2.182693;https://www.openstreetmap.org/way/806378439;cartographie_collaborative;Type déduit du nom de l'établissement.
REF-OSM-way-806493272;École primaire publique de Banigri;;a_preciser;Établissement scolaire (type à préciser);;public;tchaourou;;9.159737;2.314522;https://www.openstreetmap.org/way/806493272;cartographie_collaborative;Type à préciser : aucun indice fiable dans OpenStreetMap.
REF-OSM-way-806820708;Écoleprimaire publique de Gbétébou;;a_preciser;Établissement scolaire (type à préciser);;public;tchaourou;;9.240044;2.360148;https://www.openstreetmap.org/way/806820708;cartographie_collaborative;Type à préciser : aucun indice fiable dans OpenStreetMap.
REF-OSM-way-806820720;École primaire publique de Kpassatona;;a_preciser;Établissement scolaire (type à préciser);;public;tchaourou;;9.234234;2.348871;https://www.openstreetmap.org/way/806820720;cartographie_collaborative;Type à préciser : aucun indice fiable dans OpenStreetMap.
REF-OSM-way-807581884;École primaire publique de Téou-Kpara;;a_preciser;Établissement scolaire (type à préciser);;public;tchaourou;;9.265439;2.409554;https://www.openstreetmap.org/way/807581884;cartographie_collaborative;Type à préciser : aucun indice fiable dans OpenStreetMap.
REF-OSM-way-807734060;École primaire publique de Sanson;;a_preciser;Établissement scolaire (type à préciser);;public;tchaourou;;9.277819;2.432332;https://www.openstreetmap.org/way/807734060;cartographie_collaborative;Type à préciser : aucun indice fiable dans OpenStreetMap.
REF-OSM-way-807878493;École primaire publique de Koda;;a_preciser;Établissement scolaire (type à préciser);;public;tchaourou;;8.855949;2.288160;https://www.openstreetmap.org/way/807878493;cartographie_collaborative;Type à préciser : aucun indice fiable dans OpenStreetMap.
REF-OSM-way-808107495;École primaire publique de Botti-Houégbo;;a_preciser;Établissement scolaire (type à préciser);;public;ouesse;;8.384423;2.558960;https://www.openstreetmap.org/way/808107495;cartographie_collaborative;Type à préciser : aucun indice fiable dans OpenStreetMap.
REF-OSM-way-808272716;CEG de Kokoro;;college;Collège d'enseignement général (CEG);secondaire;public;ouesse;;8.408975;2.610719;https://www.openstreetmap.org/way/808272716;cartographie_collaborative;Type déduit du nom de l'établissement.
REF-OSM-way-808322410;École primaire publique de Gbédé;;a_preciser;Établissement scolaire (type à préciser);;public;ouesse;;8.343007;2.588090;https://www.openstreetmap.org/way/808322410;cartographie_collaborative;Type à préciser : aucun indice fiable dans OpenStreetMap.
REF-OSM-way-808371764;École primaire publique d'Agboro-Kombon;;a_preciser;Établissement scolaire (type à préciser);;public;ouesse;;8.456961;2.592552;https://www.openstreetmap.org/way/808371764;cartographie_collaborative;Type à préciser : aucun indice fiable dans OpenStreetMap.
REF-OSM-way-808558077;École primaire publique d'Okounfo;;a_preciser;Établissement scolaire (type à préciser);;public;save;;8.313235;2.643422;https://www.openstreetmap.org/way/808558077;cartographie_collaborative;Type à préciser : aucun indice fiable dans OpenStreetMap.
REF-OSM-way-808679036;École primaire publique de Gogoro;;a_preciser;Établissement scolaire (type à préciser);;public;save;;8.276723;2.646805;https://www.openstreetmap.org/way/808679036;cartographie_collaborative;Type à préciser : aucun indice fiable dans OpenStreetMap.
REF-OSM-way-808713993;École primaire publique de Tchayagbangba;;a_preciser;Établissement scolaire (type à préciser);;public;save;;8.245721;2.647954;https://www.openstreetmap.org/way/808713993;cartographie_collaborative;Type à préciser : aucun indice fiable dans OpenStreetMap.
REF-OSM-way-808793068;École primaire publique de Kpanla;;a_preciser;Établissement scolaire (type à préciser);;public;save;;8.051242;2.653357;https://www.openstreetmap.org/way/808793068;cartographie_collaborative;Type à préciser : aucun indice fiable dans OpenStreetMap.
REF-OSM-way-808793073;École primaire publique de Gbéré;;a_preciser;Établissement scolaire (type à préciser);;public;save;;8.036084;2.577034;https://www.openstreetmap.org/way/808793073;cartographie_collaborative;Type à préciser : aucun indice fiable dans OpenStreetMap.
REF-OSM-way-808876521;École primaire publique d'Atchakpa;;a_preciser;Établissement scolaire (type à préciser);;public;save;;8.014403;2.393035;https://www.openstreetmap.org/way/808876521;cartographie_collaborative;Type à préciser : aucun indice fiable dans OpenStreetMap.
REF-OSM-way-808886205;École primaire publique de Béthel;;a_preciser;Établissement scolaire (type à préciser);;public;glazoue;;8.010485;2.364552;https://www.openstreetmap.org/way/808886205;cartographie_collaborative;Type à préciser : aucun indice fiable dans OpenStreetMap.
REF-OSM-way-809115504;École primaire publique de Boubou;;a_preciser;Établissement scolaire (type à préciser);;public;save;;8.113225;2.441387;https://www.openstreetmap.org/way/809115504;cartographie_collaborative;Type à préciser : aucun indice fiable dans OpenStreetMap.
REF-OSM-way-809129544;École primaire publique de Houyin-Sègbèya;;a_preciser;Établissement scolaire (type à préciser);;public;glazoue;;8.164986;2.353586;https://www.openstreetmap.org/way/809129544;cartographie_collaborative;Type à préciser : aucun indice fiable dans OpenStreetMap.
REF-OSM-way-809180912;École primaire publique de Zouto;;a_preciser;Établissement scolaire (type à préciser);;public;dassa-zoume;;7.568907;2.139370;https://www.openstreetmap.org/way/809180912;cartographie_collaborative;Type à préciser : aucun indice fiable dans OpenStreetMap.
REF-OSM-way-809185422;École primaire publique de Gbédavo;;a_preciser;Établissement scolaire (type à préciser);;public;dassa-zoume;;7.632136;2.167421;https://www.openstreetmap.org/way/809185422;cartographie_collaborative;Type à préciser : aucun indice fiable dans OpenStreetMap.
REF-OSM-way-809191819;École primaire publique de Yawa;;a_preciser;Établissement scolaire (type à préciser);;public;dassa-zoume;;7.589516;2.163121;https://www.openstreetmap.org/way/809191819;cartographie_collaborative;Type à préciser : aucun indice fiable dans OpenStreetMap.
REF-OSM-way-809191823;École primaire publique de Hounkpogon;;a_preciser;Établissement scolaire (type à préciser);;public;dassa-zoume;;7.605242;2.177811;https://www.openstreetmap.org/way/809191823;cartographie_collaborative;Type à préciser : aucun indice fiable dans OpenStreetMap.
REF-OSM-way-809213964;École primaire publique de Dridji;;a_preciser;Établissement scolaire (type à préciser);;public;djidja;;7.390198;2.075597;https://www.openstreetmap.org/way/809213964;cartographie_collaborative;Type à préciser : aucun indice fiable dans OpenStreetMap.
REF-OSM-way-809213969;École primaire publique de Daanon Kpota;;a_preciser;Établissement scolaire (type à préciser);;public;djidja;;7.414864;2.068269;https://www.openstreetmap.org/way/809213969;cartographie_collaborative;Type à préciser : aucun indice fiable dans OpenStreetMap.
REF-OSM-way-809238634;École primaire publique d'Asségon;;a_preciser;Établissement scolaire (type à préciser);;public;djidja;;7.405633;2.089532;https://www.openstreetmap.org/way/809238634;cartographie_collaborative;Type à préciser : aucun indice fiable dans OpenStreetMap.
REF-OSM-way-809255525;École primaire publique de Kakèkanmè;;a_preciser;Établissement scolaire (type à préciser);;public;djidja;;7.357105;2.059347;https://www.openstreetmap.org/way/809255525;cartographie_collaborative;Type à préciser : aucun indice fiable dans OpenStreetMap.
REF-OSM-way-809255530;École primaire publique de Bookou;;a_preciser;Établissement scolaire (type à préciser);;public;djidja;;7.375876;2.047543;https://www.openstreetmap.org/way/809255530;cartographie_collaborative;Type à préciser : aucun indice fiable dans OpenStreetMap.
REF-OSM-way-809431335;École primaire publique de Dantota;;a_preciser;Établissement scolaire (type à préciser);;public;djidja;;7.306028;2.086443;https://www.openstreetmap.org/way/809431335;cartographie_collaborative;Type à préciser : aucun indice fiable dans OpenStreetMap.
REF-OSM-way-809444622;École primaire publique de Tandji;;a_preciser;Établissement scolaire (type à préciser);;public;za-kpota;;7.300206;2.158073;https://www.openstreetmap.org/way/809444622;cartographie_collaborative;Type à préciser : aucun indice fiable dans OpenStreetMap.
REF-OSM-way-809444652;École primaire publique de Tangbé;;a_preciser;Établissement scolaire (type à préciser);;public;djidja;;7.296215;2.105389;https://www.openstreetmap.org/way/809444652;cartographie_collaborative;Type à préciser : aucun indice fiable dans OpenStreetMap.
REF-OSM-way-809470359;Ecole Urbaine Centre de Bohicon;;a_preciser;Établissement scolaire (type à préciser);;public;bohicon;;7.177145;2.063256;https://www.openstreetmap.org/way/809470359;cartographie_collaborative;Type à préciser : aucun indice fiable dans OpenStreetMap.
REF-OSM-way-809470367;École primaire publique de Zakpo;;a_preciser;Établissement scolaire (type à préciser);;public;bohicon;;7.189176;2.068070;https://www.openstreetmap.org/way/809470367;cartographie_collaborative;Type à préciser : aucun indice fiable dans OpenStreetMap.
REF-OSM-way-809578105;École primaire publique d'Agadjaligbo;;a_preciser;Établissement scolaire (type à préciser);;public;zogbodomey;;6.981652;2.125509;https://www.openstreetmap.org/way/809578105;cartographie_collaborative;Type à préciser : aucun indice fiable dans OpenStreetMap.
REF-OSM-way-809584035;École primaire publique de Dan-Zoukoutoudja;;a_preciser;Établissement scolaire (type à préciser);;public;zogbodomey;;6.999680;2.100674;https://www.openstreetmap.org/way/809584035;cartographie_collaborative;Type à préciser : aucun indice fiable dans OpenStreetMap.
REF-OSM-way-809591361;EPP Zogbodomey;;ecole_primaire;École primaire;primaire;public;zogbodomey;;6.972629;2.238548;https://www.openstreetmap.org/way/809591361;cartographie_collaborative;Type déduit du nom de l'établissement.
REF-OSM-way-809922339;CEG Massi;;college;Collège d'enseignement général (CEG);secondaire;public;zogbodomey;;6.981946;2.226102;https://www.openstreetmap.org/way/809922339;cartographie_collaborative;Type déduit du nom de l'établissement.
REF-OSM-way-810523362;École primaire publique Lebou ABC;;a_preciser;Établissement scolaire (type à préciser);;public;ouidah;;6.365286;2.077182;https://www.openstreetmap.org/way/810523362;cartographie_collaborative;Type à préciser : aucun indice fiable dans OpenStreetMap.
REF-OSM-way-810672983;École primaire publique d'Ewe-Condji;;a_preciser;Établissement scolaire (type à préciser);;public;grand-popo;;6.274989;1.791367;https://www.openstreetmap.org/way/810672983;cartographie_collaborative;Type à préciser : aucun indice fiable dans OpenStreetMap.
REF-OSM-way-810720991;École primaire publique de Gnigbohoué Tionou;;a_preciser;Établissement scolaire (type à préciser);;public;grand-popo;;6.299576;1.921379;https://www.openstreetmap.org/way/810720991;cartographie_collaborative;Type à préciser : aucun indice fiable dans OpenStreetMap.
REF-OSM-way-810769446;Gbéhouédji;;a_preciser;Établissement scolaire (type à préciser);;non_indique;grand-popo;;6.358541;1.821386;https://www.openstreetmap.org/way/810769446;cartographie_collaborative;Type à préciser : aucun indice fiable dans OpenStreetMap.
REF-OSM-way-812521482;École primaire publique de Gavè;;a_preciser;Établissement scolaire (type à préciser);;public;houeyogbe;;6.550145;1.895976;https://www.openstreetmap.org/way/812521482;cartographie_collaborative;Type à préciser : aucun indice fiable dans OpenStreetMap.
REF-OSM-way-812533006;École primaire publique de Tokpoè;;a_preciser;Établissement scolaire (type à préciser);;public;bopa;;6.590658;1.939334;https://www.openstreetmap.org/way/812533006;cartographie_collaborative;Type à préciser : aucun indice fiable dans OpenStreetMap.
REF-OSM-way-812819803;École primaire publique de Linton;;a_preciser;Établissement scolaire (type à préciser);;public;grand-popo;;6.358442;1.856070;https://www.openstreetmap.org/way/812819803;cartographie_collaborative;Type à préciser : aucun indice fiable dans OpenStreetMap.
REF-OSM-way-813077499;École primaire publique d'Ayiguinnou;;a_preciser;Établissement scolaire (type à préciser);;public;grand-popo;;6.261447;1.745067;https://www.openstreetmap.org/way/813077499;cartographie_collaborative;Type à préciser : aucun indice fiable dans OpenStreetMap.
REF-OSM-way-813192412;École primaire publique de Klignontin;;a_preciser;Établissement scolaire (type à préciser);;public;grand-popo;;6.287134;1.872655;https://www.openstreetmap.org/way/813192412;cartographie_collaborative;Type à préciser : aucun indice fiable dans OpenStreetMap.
REF-OSM-way-813851697;EPP Kpétékan;;ecole_primaire;École primaire;primaire;public;come;;6.493850;1.952654;https://www.openstreetmap.org/way/813851697;cartographie_collaborative;Type déduit du nom de l'établissement.
REF-OSM-way-813851719;Séminaire;;a_preciser;Établissement scolaire (type à préciser);;non_indique;kpomasse;;6.434684;1.969348;https://www.openstreetmap.org/way/813851719;cartographie_collaborative;Type à préciser : aucun indice fiable dans OpenStreetMap.
REF-OSM-way-813936144;École primaire publique d'Ahouandji;;a_preciser;Établissement scolaire (type à préciser);;public;ouidah;;6.333585;2.151527;https://www.openstreetmap.org/way/813936144;cartographie_collaborative;Type à préciser : aucun indice fiable dans OpenStreetMap.
REF-OSM-way-814107984;Collège d'enseignement généraln de SEHOUE;;college;Collège d'enseignement général (CEG);secondaire;non_indique;toffo;;6.914832;2.263849;https://www.openstreetmap.org/way/814107984;cartographie_collaborative;Type déduit du nom de l'établissement.
REF-OSM-way-814273769;Collège d'enseignement général 1 d'Allada;;college;Collège d'enseignement général (CEG);secondaire;non_indique;allada;;6.669146;2.142531;https://www.openstreetmap.org/way/814273769;cartographie_collaborative;Type déduit du nom de l'établissement.
REF-OSM-way-814273771;Ecole Normale d'Instituteurs (ENI) d'Allada;;ecole_superieure;Établissement d'enseignement supérieur;superieur;non_indique;allada;;6.673609;2.133548;https://www.openstreetmap.org/way/814273771;cartographie_collaborative;Type déduit du nom de l'établissement.
REF-OSM-way-814504131;Complexe scolaire Sékou Centre;;complexe_scolaire;Complexe scolaire;maternelle|primaire;non_indique;allada;;6.631328;2.225959;https://www.openstreetmap.org/way/814504131;cartographie_collaborative;Type déduit du nom de l'établissement.
REF-OSM-way-814610558;École primaire publique de Glégbodji-Do;;a_preciser;Établissement scolaire (type à préciser);;public;ze;;6.575425;2.288254;https://www.openstreetmap.org/way/814610558;cartographie_collaborative;Type à préciser : aucun indice fiable dans OpenStreetMap.
REF-OSM-way-814661063;Centre International d'Expérimentation pour Valoriser les Ressources Africaines (CIEVRA);;universite;Université;superieur;non_indique;abomey-calavi;Fondation Espace Afrique;6.548657;2.321618;https://www.openstreetmap.org/way/814661063;cartographie_collaborative;Type déduit des attributs OpenStreetMap.
REF-OSM-way-815229135;"École primaire publique ""La Béninoise""";;a_preciser;Établissement scolaire (type à préciser);;public;abomey-calavi;;6.464626;2.333458;https://www.openstreetmap.org/way/815229135;cartographie_collaborative;Type à préciser : aucun indice fiable dans OpenStreetMap.
REF-OSM-way-815670156;École primaire privée du Quartier Latin;;a_preciser;Établissement scolaire (type à préciser);;prive;seme-podji;;6.361251;2.515803;https://www.openstreetmap.org/way/815670156;cartographie_collaborative;Type à préciser : aucun indice fiable dans OpenStreetMap.
REF-OSM-way-816415101;Ecole Béninoise pour les sourds;;a_preciser;Établissement scolaire (type à préciser);;non_indique;cotonou;;6.379442;2.394765;https://www.openstreetmap.org/way/816415101;cartographie_collaborative;Type à préciser : aucun indice fiable dans OpenStreetMap.
REF-OSM-way-816762566;Pahou arrondissement;;a_preciser;Établissement scolaire (type à préciser);;non_indique;ouidah;;6.390707;2.215344;https://www.openstreetmap.org/way/816762566;cartographie_collaborative;Type à préciser : aucun indice fiable dans OpenStreetMap.
REF-OSM-way-816786911;Pahou centre A;;a_preciser;Établissement scolaire (type à préciser);;non_indique;ouidah;;6.383482;2.209302;https://www.openstreetmap.org/way/816786911;cartographie_collaborative;Type à préciser : aucun indice fiable dans OpenStreetMap.
REF-OSM-way-816786912;Complexe scolaire Michel Dubois de Pahou;;complexe_scolaire;Complexe scolaire;maternelle|primaire;non_indique;ouidah;;6.384831;2.208299;https://www.openstreetmap.org/way/816786912;cartographie_collaborative;Type déduit du nom de l'établissement.
REF-OSM-way-817291903;École primaire publique d'Ahouikôdji;;a_preciser;Établissement scolaire (type à préciser);;public;ouidah;;6.361412;2.133598;https://www.openstreetmap.org/way/817291903;cartographie_collaborative;Type à préciser : aucun indice fiable dans OpenStreetMap.
REF-OSM-way-817291906;École primaire publique de Fonsa;;a_preciser;Établissement scolaire (type à préciser);;public;ouidah;;6.366119;2.158443;https://www.openstreetmap.org/way/817291906;cartographie_collaborative;Type à préciser : aucun indice fiable dans OpenStreetMap.
REF-OSM-way-817428891;École primaire publique de Kraké-Daho;;a_preciser;Établissement scolaire (type à préciser);;public;seme-podji;;6.403071;2.675284;https://www.openstreetmap.org/way/817428891;cartographie_collaborative;Type à préciser : aucun indice fiable dans OpenStreetMap.
REF-OSM-way-817428907;École primaire publique de Wégbégo-Adièmè;;a_preciser;Établissement scolaire (type à préciser);;public;seme-podji;;6.383892;2.679519;https://www.openstreetmap.org/way/817428907;cartographie_collaborative;Type à préciser : aucun indice fiable dans OpenStreetMap.
REF-OSM-way-817459681;Centre d'enseignement général de Sèmè-Kpodji;;superieur_ou_formation;Enseignement supérieur ou formation;superieur|technique;non_indique;seme-podji;;6.382642;2.607408;https://www.openstreetmap.org/way/817459681;cartographie_collaborative;Type déduit des attributs OpenStreetMap.
REF-OSM-way-817462081;École primaire publique de Djèffa-Agué 2;;a_preciser;Établissement scolaire (type à préciser);;public;seme-podji;;6.365057;2.566336;https://www.openstreetmap.org/way/817462081;cartographie_collaborative;Type à préciser : aucun indice fiable dans OpenStreetMap.
REF-OSM-way-817594565;Lycée des jeunes filles Toffa 1;;lycee_general;Lycée;secondaire;non_indique;porto-novo;;6.481354;2.632926;https://www.openstreetmap.org/way/817594565;cartographie_collaborative;Type déduit du nom de l'établissement.
REF-OSM-way-818733884;École primaire publique d'Igbo-Assan;;a_preciser;Établissement scolaire (type à préciser);;public;bonou;;6.811780;2.566134;https://www.openstreetmap.org/way/818733884;cartographie_collaborative;Type à préciser : aucun indice fiable dans OpenStreetMap.
REF-OSM-way-819038484;EPP DODJI;;ecole_primaire;École primaire;primaire;public;porto-novo;;6.501413;2.630157;https://www.openstreetmap.org/way/819038484;cartographie_collaborative;Type déduit du nom de l'établissement.
REF-OSM-way-819737887;Complexe scolaire Foun Foun Nord;;complexe_scolaire;Complexe scolaire;maternelle|primaire;non_indique;porto-novo;;6.492916;2.614387;https://www.openstreetmap.org/way/819737887;cartographie_collaborative;Type déduit du nom de l'établissement.
REF-OSM-way-821937220;École primaire publique de Hounsa;;a_preciser;Établissement scolaire (type à préciser);;public;adjarra;;6.505427;2.642143;https://www.openstreetmap.org/way/821937220;cartographie_collaborative;Type à préciser : aucun indice fiable dans OpenStreetMap.
REF-OSM-way-821937229;École primaire publique d'Anaviê;;a_preciser;Établissement scolaire (type à préciser);;public;porto-novo;;6.502618;2.637202;https://www.openstreetmap.org/way/821937229;cartographie_collaborative;Type à préciser : aucun indice fiable dans OpenStreetMap.
REF-OSM-way-822195040;École primaire publique de Davié;;a_preciser;Établissement scolaire (type à préciser);;public;porto-novo;;6.482587;2.637569;https://www.openstreetmap.org/way/822195040;cartographie_collaborative;Type à préciser : aucun indice fiable dans OpenStreetMap.
REF-OSM-way-822248630;École primaire publique de Koutongbé;;a_preciser;Établissement scolaire (type à préciser);;public;porto-novo;;6.496419;2.641131;https://www.openstreetmap.org/way/822248630;cartographie_collaborative;Type à préciser : aucun indice fiable dans OpenStreetMap.
REF-OSM-way-822813056;CEG Segbeya;;college;Collège d'enseignement général (CEG);secondaire;public;seme-podji;;6.383117;2.444061;https://www.openstreetmap.org/way/822813056;cartographie_collaborative;Type déduit du nom de l'établissement.
REF-OSM-way-823792654;"Complexe scolaire ""La Synthèse"" de Godomey";;complexe_scolaire;Complexe scolaire;maternelle|primaire;non_indique;abomey-calavi;;6.386852;2.347466;https://www.openstreetmap.org/way/823792654;cartographie_collaborative;Type déduit du nom de l'établissement.
REF-OSM-way-824228823;"Complexe scolaire ""Emilie de Villeneuve""";;complexe_scolaire;Complexe scolaire;maternelle|primaire;non_indique;cotonou;;6.391464;2.378702;https://www.openstreetmap.org/way/824228823;cartographie_collaborative;Type déduit du nom de l'établissement.
REF-OSM-way-824228831;CEG Védoko;;college;Collège d'enseignement général (CEG);secondaire;public;cotonou;;6.382188;2.388991;https://www.openstreetmap.org/way/824228831;cartographie_collaborative;Type déduit du nom de l'établissement.
REF-OSM-way-824235677;Ecole primaire publique de Sètovi;;ecole_primaire;École primaire;primaire;public;cotonou;;6.382962;2.385469;https://www.openstreetmap.org/way/824235677;cartographie_collaborative;Type déduit du nom de l'établissement.
REF-OSM-way-824565354;Complexe scolaire Gbégamey-Nord, Groupe A - D;;complexe_scolaire;Complexe scolaire;maternelle|primaire;non_indique;cotonou;;6.361625;2.405401;https://www.openstreetmap.org/way/824565354;cartographie_collaborative;Type déduit du nom de l'établissement.
REF-OSM-way-824939373;Nigerian International School;;a_preciser;Établissement scolaire (type à préciser);;non_indique;cotonou;;6.351700;2.396204;https://www.openstreetmap.org/way/824939373;cartographie_collaborative;Type à préciser : aucun indice fiable dans OpenStreetMap.
REF-OSM-way-824939375;Établissement français d'enseignement Montaigne;;a_preciser;Établissement scolaire (type à préciser);;non_indique;cotonou;Agence pour l'enseignement français à l'étranger (AEFE);6.352081;2.394828;https://www.openstreetmap.org/way/824939375;cartographie_collaborative;Type à préciser : aucun indice fiable dans OpenStreetMap.
REF-OSM-way-825885612;Lycée technique Coulibaly;;lycee_technique;Lycée technique;technique;non_indique;cotonou;;6.362653;2.437692;https://www.openstreetmap.org/way/825885612;cartographie_collaborative;Type déduit du nom de l'établissement.
REF-OSM-way-825886278;Complexe scolaire Gbéto sud - Groupe A, C, D;;complexe_scolaire;Complexe scolaire;maternelle|primaire;non_indique;cotonou;;6.363477;2.429879;https://www.openstreetmap.org/way/825886278;cartographie_collaborative;Type déduit du nom de l'établissement.
REF-OSM-way-826562126;École primaire publique de Djidjè;;a_preciser;Établissement scolaire (type à préciser);;public;cotonou;;6.386134;2.433485;https://www.openstreetmap.org/way/826562126;cartographie_collaborative;Type à préciser : aucun indice fiable dans OpenStreetMap.
REF-OSM-way-826562164;École primaire publique de Ladji;;a_preciser;Établissement scolaire (type à préciser);;public;cotonou;;6.390815;2.429666;https://www.openstreetmap.org/way/826562164;cartographie_collaborative;Type à préciser : aucun indice fiable dans OpenStreetMap.
REF-OSM-way-826857116;École Supérieure des Télécommunications du Bénin;;universite;Université;superieur;prive;cotonou;;6.367255;2.461647;https://www.openstreetmap.org/way/826857116;cartographie_collaborative;Type déduit des attributs OpenStreetMap.
REF-OSM-way-827284023;École Primaire Publique d'Yémalin;;a_preciser;Établissement scolaire (type à préciser);;public;seme-podji;;6.361728;2.522653;https://www.openstreetmap.org/way/827284023;cartographie_collaborative;Type à préciser : aucun indice fiable dans OpenStreetMap.
REF-OSM-way-827362933;Houdègbè North American University Benin (HNAUB);;universite;Université;superieur;non_indique;seme-podji;;6.366317;2.519833;https://www.openstreetmap.org/way/827362933;cartographie_collaborative;Type déduit du nom de l'établissement.
REF-OSM-way-828857527;École primaire publique podji II groupe A-B;;a_preciser;Établissement scolaire (type à préciser);;public;seme-podji;;6.392775;2.586578;https://www.openstreetmap.org/way/828857527;cartographie_collaborative;Type à préciser : aucun indice fiable dans OpenStreetMap.
REF-OSM-way-829386961;École primaire publique de Hovidokpo;;a_preciser;Établissement scolaire (type à préciser);;public;seme-podji;;6.414179;2.691980;https://www.openstreetmap.org/way/829386961;cartographie_collaborative;Type à préciser : aucun indice fiable dans OpenStreetMap.
REF-OSM-way-829770360;École Supérieure de Génie Télécoms et TIC;;superieur_ou_formation;Enseignement supérieur ou formation;superieur|technique;prive;cotonou;;6.370267;2.464012;https://www.openstreetmap.org/way/829770360;cartographie_collaborative;Type déduit des attributs OpenStreetMap.
REF-OSM-way-835724678;CEG Les Pylônes;;college;Collège d'enseignement général (CEG);secondaire;public;cotonou;;6.381659;2.364218;https://www.openstreetmap.org/way/835724678;cartographie_collaborative;Type déduit du nom de l'établissement.
REF-OSM-way-838479498;École primaire publique de Tori-Gare Centre;;a_preciser;Établissement scolaire (type à préciser);;public;tori-bossito;;6.510995;2.173116;https://www.openstreetmap.org/way/838479498;cartographie_collaborative;Type à préciser : aucun indice fiable dans OpenStreetMap.
REF-OSM-way-838479520;Centre d'éducation générale de Tori-Agouako;;superieur_ou_formation;Enseignement supérieur ou formation;superieur|technique;non_indique;tori-bossito;;6.511328;2.162941;https://www.openstreetmap.org/way/838479520;cartographie_collaborative;Type déduit des attributs OpenStreetMap.
REF-OSM-way-838479526;École primaire publique d'Agouako;;a_preciser;Établissement scolaire (type à préciser);;public;tori-bossito;;6.509735;2.160653;https://www.openstreetmap.org/way/838479526;cartographie_collaborative;Type à préciser : aucun indice fiable dans OpenStreetMap.
REF-OSM-way-838529413;École primaire publique de Dohinonko;;a_preciser;Établissement scolaire (type à préciser);;public;tori-bossito;;6.530343;2.187368;https://www.openstreetmap.org/way/838529413;cartographie_collaborative;Type à préciser : aucun indice fiable dans OpenStreetMap.
REF-OSM-way-838529426;École primaire publique d'Avamè;;a_preciser;Établissement scolaire (type à préciser);;public;tori-bossito;;6.515114;2.202201;https://www.openstreetmap.org/way/838529426;cartographie_collaborative;Type à préciser : aucun indice fiable dans OpenStreetMap.
REF-OSM-way-848179089;École primaire publique de Dohi;;a_preciser;Établissement scolaire (type à préciser);;public;come;;6.379424;1.937464;https://www.openstreetmap.org/way/848179089;cartographie_collaborative;Type à préciser : aucun indice fiable dans OpenStreetMap.
REF-OSM-way-848372961;École primaire publique de Kpêko;;a_preciser;Établissement scolaire (type à préciser);;public;grand-popo;;6.315780;1.915446;https://www.openstreetmap.org/way/848372961;cartographie_collaborative;Type à préciser : aucun indice fiable dans OpenStreetMap.
REF-OSM-way-848495430;École primaire publique d'Ahômè;;a_preciser;Établissement scolaire (type à préciser);;public;grand-popo;;6.318162;1.955794;https://www.openstreetmap.org/way/848495430;cartographie_collaborative;Type à préciser : aucun indice fiable dans OpenStreetMap.
REF-OSM-way-848495446;École primaire publique d'Adépékodji;;a_preciser;Établissement scolaire (type à préciser);;public;grand-popo;;6.318275;1.967870;https://www.openstreetmap.org/way/848495446;cartographie_collaborative;Type à préciser : aucun indice fiable dans OpenStreetMap.
REF-OSM-way-848758606;École primaire publique de Djègbamè;;a_preciser;Établissement scolaire (type à préciser);;public;ouidah;;6.334377;1.972287;https://www.openstreetmap.org/way/848758606;cartographie_collaborative;Type à préciser : aucun indice fiable dans OpenStreetMap.
REF-OSM-way-848758618;École primaire publique de Gbèzounmè;;a_preciser;Établissement scolaire (type à préciser);;public;ouidah;;6.342229;1.963747;https://www.openstreetmap.org/way/848758618;cartographie_collaborative;Type à préciser : aucun indice fiable dans OpenStreetMap.
REF-OSM-way-850389145;École primaire publique de Toligbé;;a_preciser;Établissement scolaire (type à préciser);;public;ouidah;;6.331065;2.033194;https://www.openstreetmap.org/way/850389145;cartographie_collaborative;Type à préciser : aucun indice fiable dans OpenStreetMap.
REF-OSM-way-850808901;Centre d'enseignement générale;;superieur_ou_formation;Enseignement supérieur ou formation;superieur|technique;non_indique;kpomasse;;6.383209;1.957862;https://www.openstreetmap.org/way/850808901;cartographie_collaborative;Type déduit des attributs OpenStreetMap.
REF-OSM-way-850808955;Centre d'éducation générale 2 d'Agatogbo;;superieur_ou_formation;Enseignement supérieur ou formation;superieur|technique;non_indique;come;;6.385442;1.939056;https://www.openstreetmap.org/way/850808955;cartographie_collaborative;Type déduit des attributs OpenStreetMap.
REF-OSM-way-851628204;Complexe scolaire de Guézin A & B;;complexe_scolaire;Complexe scolaire;maternelle|primaire;non_indique;come;;6.392531;1.934014;https://www.openstreetmap.org/way/851628204;cartographie_collaborative;Type déduit du nom de l'établissement.
REF-OSM-way-851986072;École primaire publique d'Assogbénou Daho;;a_preciser;Établissement scolaire (type à préciser);;public;kpomasse;;6.357886;2.002246;https://www.openstreetmap.org/way/851986072;cartographie_collaborative;Type à préciser : aucun indice fiable dans OpenStreetMap.
REF-OSM-way-852409811;École primaire publique de Godonoutin;;a_preciser;Établissement scolaire (type à préciser);;public;kpomasse;;6.380638;2.005363;https://www.openstreetmap.org/way/852409811;cartographie_collaborative;Type à préciser : aucun indice fiable dans OpenStreetMap.
REF-OSM-way-852610357;Complexe scolaire d'Agonkanmè A & B;;complexe_scolaire;Complexe scolaire;maternelle|primaire;non_indique;kpomasse;;6.392141;1.993370;https://www.openstreetmap.org/way/852610357;cartographie_collaborative;Type déduit du nom de l'établissement.
REF-OSM-way-854295427;École primaire publique de Hakouè;;a_preciser;Établissement scolaire (type à préciser);;public;grand-popo;;6.303388;1.942079;https://www.openstreetmap.org/way/854295427;cartographie_collaborative;Type à préciser : aucun indice fiable dans OpenStreetMap.
REF-OSM-way-888066433;Complexe scolaire catholique saint Jean-Baptiste;;complexe_scolaire;Complexe scolaire;maternelle|primaire;confessionnel;cotonou;;6.364350;2.414886;https://www.openstreetmap.org/way/888066433;cartographie_collaborative;Type déduit du nom de l'établissement.
REF-OSM-way-888082087;Groupe Scolaire Saint Jean-Baptiste;;complexe_scolaire;Complexe scolaire;maternelle|primaire;confessionnel;cotonou;;6.366287;2.414989;https://www.openstreetmap.org/way/888082087;cartographie_collaborative;Type déduit du nom de l'établissement.
REF-OSM-way-888095262;Ecole maternelle jean de cotonou;;ecole_maternelle;École maternelle;maternelle;non_indique;cotonou;;6.365561;2.414523;https://www.openstreetmap.org/way/888095262;cartographie_collaborative;Type déduit du nom de l'établissement.
REF-OSM-way-888164252;Ecole primaire WARRA de Gogounou;;ecole_primaire;École primaire;primaire;non_indique;gogounou;;10.676603;2.673807;https://www.openstreetmap.org/way/888164252;cartographie_collaborative;Type déduit du nom de l'établissement.
REF-OSM-way-888173336;Collège de WARRA Gogounou;;college;Collège;secondaire;non_indique;gogounou;;10.682743;2.683535;https://www.openstreetmap.org/way/888173336;cartographie_collaborative;Type déduit du nom de l'établissement.
REF-OSM-way-888509372;Complexe scolaire lissegazoun A et B;;complexe_scolaire;Complexe scolaire;maternelle|primaire;non_indique;allada;;6.620134;2.070940;https://www.openstreetmap.org/way/888509372;cartographie_collaborative;Type déduit du nom de l'établissement.
REF-OSM-way-888514296;Complexe scolaire la Référence SENA;;complexe_scolaire;Complexe scolaire;maternelle|primaire;non_indique;seme-podji;;6.377263;2.460290;https://www.openstreetmap.org/way/888514296;cartographie_collaborative;Type déduit du nom de l'établissement.
REF-OSM-way-888703857;Complexe scolaire AZALOUGON SEME;;complexe_scolaire;Complexe scolaire;maternelle|primaire;non_indique;bohicon;;7.181567;2.083479;https://www.openstreetmap.org/way/888703857;cartographie_collaborative;Type déduit du nom de l'établissement.
REF-OSM-way-888705031;Ecole martenelle et primaire publique AGONVEZOUN;;a_preciser;Établissement scolaire (type à préciser);;public;bohicon;;7.170676;2.040704;https://www.openstreetmap.org/way/888705031;cartographie_collaborative;Type à préciser : aucun indice fiable dans OpenStreetMap.
REF-OSM-way-888705935;Ecole primaire publique AVOGBANNA A;;ecole_primaire;École primaire;primaire;public;bohicon;;7.222504;2.081874;https://www.openstreetmap.org/way/888705935;cartographie_collaborative;Type déduit du nom de l'établissement.
REF-OSM-way-888708183;École Catholique Saint Benoît de Zagnanado;;a_preciser;Établissement scolaire (type à préciser);;confessionnel;zagnanado;;7.216642;2.390434;https://www.openstreetmap.org/way/888708183;cartographie_collaborative;Type à préciser : aucun indice fiable dans OpenStreetMap.
REF-OSM-way-888857944;Ecole primaire publique;;ecole_primaire;École primaire;primaire;public;klouekanme;;6.975004;1.836978;https://www.openstreetmap.org/way/888857944;cartographie_collaborative;Type déduit du nom de l'établissement.
REF-OSM-way-888992201;Complexe scolaire privé Le Renaissant A et B;;complexe_scolaire;Complexe scolaire;maternelle|primaire;prive;klouekanme;;6.974796;1.839771;https://www.openstreetmap.org/way/888992201;cartographie_collaborative;Type déduit du nom de l'établissement.
REF-OSM-way-888992202;Collège d'Enseignement Général de Klouekanmey;;college;Collège d'enseignement général (CEG);secondaire;non_indique;klouekanme;;6.981400;1.838541;https://www.openstreetmap.org/way/888992202;cartographie_collaborative;Type déduit du nom de l'établissement.
REF-OSM-way-889011563;Ecole et collège pivés le Renaissant;;college;Collège;secondaire;non_indique;djakotomey;;6.903978;1.715984;https://www.openstreetmap.org/way/889011563;cartographie_collaborative;Type déduit du nom de l'établissement.
REF-OSM-way-889211304;École primaire Saint Toussaint;;a_preciser;Établissement scolaire (type à préciser);;confessionnel;savalou;;7.831436;1.667221;https://www.openstreetmap.org/way/889211304;cartographie_collaborative;Type à préciser : aucun indice fiable dans OpenStreetMap.
REF-OSM-way-889298750;Ecole primaire publique COBLY CENTRE/B;;ecole_primaire;École primaire;primaire;public;kobli;;10.480215;1.010143;https://www.openstreetmap.org/way/889298750;cartographie_collaborative;Type déduit du nom de l'établissement.
REF-OSM-way-890091745;Complexe Scolaire la Garde;;complexe_scolaire;Complexe scolaire;maternelle|primaire;non_indique;porto-novo;;6.486372;2.613185;https://www.openstreetmap.org/way/890091745;cartographie_collaborative;Type déduit du nom de l'établissement.
REF-OSM-way-890097810;Complexe Scolaire l'éveil;;complexe_scolaire;Complexe scolaire;maternelle|primaire;non_indique;porto-novo;;6.491798;2.602640;https://www.openstreetmap.org/way/890097810;cartographie_collaborative;Type déduit du nom de l'établissement.
REF-OSM-way-890099827;Complexe Scolaire Protestant Emmanuel;;complexe_scolaire;Complexe scolaire;maternelle|primaire;confessionnel;porto-novo;;6.503446;2.626127;https://www.openstreetmap.org/way/890099827;cartographie_collaborative;Type déduit du nom de l'établissement.
REF-OSM-way-890100946;Complexe Scolaire La Réussite;;complexe_scolaire;Complexe scolaire;maternelle|primaire;non_indique;porto-novo;;6.509155;2.617083;https://www.openstreetmap.org/way/890100946;cartographie_collaborative;Type déduit du nom de l'établissement.
REF-OSM-way-890102515;Complexe scolaire Le tremplin;;complexe_scolaire;Complexe scolaire;maternelle|primaire;non_indique;adjarra;;6.499940;2.644428;https://www.openstreetmap.org/way/890102515;cartographie_collaborative;Type déduit du nom de l'établissement.
REF-OSM-way-890745151;Complexe scolaire privé le Génie;;complexe_scolaire;Complexe scolaire;maternelle|primaire;prive;seme-podji;;6.388132;2.463749;https://www.openstreetmap.org/way/890745151;cartographie_collaborative;Type déduit du nom de l'établissement.
REF-OSM-way-890825010;Ecole primaire HOUEDA;;ecole_primaire;École primaire;primaire;non_indique;adjohoun;;6.634992;2.505412;https://www.openstreetmap.org/way/890825010;cartographie_collaborative;Type déduit du nom de l'établissement.
REF-OSM-way-890829456;Ecole primaire les Cours Bénis;;ecole_primaire;École primaire;primaire;non_indique;avrankou;Privée;6.551703;2.652697;https://www.openstreetmap.org/way/890829456;cartographie_collaborative;Type déduit du nom de l'établissement.
REF-OSM-way-903353176;Ecole primaire publique;;ecole_primaire;École primaire;primaire;public;bembereke;;10.107856;2.646861;https://www.openstreetmap.org/way/903353176;cartographie_collaborative;Type déduit du nom de l'établissement.
REF-OSM-way-923758885;Complexe scolaire privé saint pierre;;complexe_scolaire;Complexe scolaire;maternelle|primaire;prive;seme-podji;;6.377007;2.519238;https://www.openstreetmap.org/way/923758885;cartographie_collaborative;Type déduit du nom de l'établissement.
REF-OSM-way-923761489;Complexe scolaire Victoria;;complexe_scolaire;Complexe scolaire;maternelle|primaire;non_indique;abomey-calavi;;6.368015;2.359694;https://www.openstreetmap.org/way/923761489;cartographie_collaborative;Type déduit du nom de l'établissement.
REF-OSM-way-923762479;Complexe scolaire les Moineaux;;complexe_scolaire;Complexe scolaire;maternelle|primaire;non_indique;cotonou;;6.375321;2.457880;https://www.openstreetmap.org/way/923762479;cartographie_collaborative;Type déduit du nom de l'établissement.
REF-OSM-way-923973617;Complexe scolaire privé le Libérateur;;complexe_scolaire;Complexe scolaire;maternelle|primaire;prive;abomey-calavi;;6.359142;2.359771;https://www.openstreetmap.org/way/923973617;cartographie_collaborative;Type déduit du nom de l'établissement.
REF-OSM-way-929713308;École primaire privée Unité d'Agla;;a_preciser;Établissement scolaire (type à préciser);;prive;cotonou;;6.369443;2.365427;https://www.openstreetmap.org/way/929713308;cartographie_collaborative;Type à préciser : aucun indice fiable dans OpenStreetMap.
REF-OSM-way-929766458;Complexe scolaire la Source du savoir;;complexe_scolaire;Complexe scolaire;maternelle|primaire;non_indique;ouidah;;6.360242;2.198364;https://www.openstreetmap.org/way/929766458;cartographie_collaborative;Type déduit du nom de l'établissement.
REF-OSM-way-1015027661;Collège d'Enseignement Général (CEG) 1 Savé;;college;Collège d'enseignement général (CEG);secondaire;public;save;;8.028617;2.480979;https://www.openstreetmap.org/way/1015027661;cartographie_collaborative;Type déduit du nom de l'établissement.
REF-OSM-way-1024336949;Ecole primaire publique;;ecole_primaire;École primaire;primaire;public;aplahoue;;7.142107;1.761994;https://www.openstreetmap.org/way/1024336949;cartographie_collaborative;Type déduit du nom de l'établissement.
REF-OSM-way-1036645199;Ecole primaire publique;;ecole_primaire;École primaire;primaire;public;abomey;MEMP;7.187703;2.001663;https://www.openstreetmap.org/way/1036645199;cartographie_collaborative;Type déduit du nom de l'établissement.
REF-OSM-way-1036661853;Ecole primaire publique;;ecole_primaire;École primaire;primaire;public;lokossa;;6.670618;1.699595;https://www.openstreetmap.org/way/1036661853;cartographie_collaborative;Type déduit du nom de l'établissement.
REF-OSM-way-1036661860;Ecole primaire publique;;ecole_primaire;École primaire;primaire;public;lokossa;;6.667663;1.694485;https://www.openstreetmap.org/way/1036661860;cartographie_collaborative;Type déduit du nom de l'établissement.
REF-OSM-way-1039899686;Ecole primaire publique;;ecole_primaire;École primaire;primaire;public;agbangnizoun;;7.120150;2.003994;https://www.openstreetmap.org/way/1039899686;cartographie_collaborative;Type déduit du nom de l'établissement.
REF-OSM-way-1040536025;CEG1 Abomey;;a_preciser;Établissement scolaire (type à préciser);;non_indique;abomey;;7.192466;1.987558;https://www.openstreetmap.org/way/1040536025;cartographie_collaborative;Type à préciser : aucun indice fiable dans OpenStreetMap.
REF-OSM-way-1040537204;Complexe Scolaire Oukanme;;complexe_scolaire;Complexe scolaire;maternelle|primaire;non_indique;abomey;;7.195448;1.981061;https://www.openstreetmap.org/way/1040537204;cartographie_collaborative;Type déduit du nom de l'établissement.
REF-OSM-way-1040543821;Ecole primaire publique;;ecole_primaire;École primaire;primaire;public;abomey;;7.194305;2.009895;https://www.openstreetmap.org/way/1040543821;cartographie_collaborative;Type déduit du nom de l'établissement.
REF-OSM-way-1040613214;Ecole primaire publique;;ecole_primaire;École primaire;primaire;public;abomey;;7.203060;1.984553;https://www.openstreetmap.org/way/1040613214;cartographie_collaborative;Type déduit du nom de l'établissement.
REF-OSM-way-1040755781;École primaire publique Kodji-Centre;;a_preciser;Établissement scolaire (type à préciser);;public;abomey;;7.209767;1.938275;https://www.openstreetmap.org/way/1040755781;cartographie_collaborative;Type à préciser : aucun indice fiable dans OpenStreetMap.
REF-OSM-way-1040763741;Ecole primaire publique;;ecole_primaire;École primaire;primaire;public;djidja;;7.242266;2.014453;https://www.openstreetmap.org/way/1040763741;cartographie_collaborative;Type déduit du nom de l'établissement.
REF-OSM-way-1040872620;Ecole primaire publique;;ecole_primaire;École primaire;primaire;public;bante;;8.103996;1.974178;https://www.openstreetmap.org/way/1040872620;cartographie_collaborative;Type déduit du nom de l'établissement.
REF-OSM-way-1042764089;Ecole primaire publique;;ecole_primaire;École primaire;primaire;public;sinende;;10.408955;2.483833;https://www.openstreetmap.org/way/1042764089;cartographie_collaborative;Type déduit du nom de l'établissement.
REF-OSM-way-1047605060;Ecole primaire publique;;ecole_primaire;École primaire;primaire;public;djougou;;9.744532;1.947580;https://www.openstreetmap.org/way/1047605060;cartographie_collaborative;Type déduit du nom de l'établissement.
REF-OSM-way-1050840918;Ecole primaire publique;;ecole_primaire;École primaire;primaire;public;abomey;;7.128737;2.006714;https://www.openstreetmap.org/way/1050840918;cartographie_collaborative;Type déduit du nom de l'établissement.
REF-OSM-way-1050854332;Ecole primaire publique;;ecole_primaire;École primaire;primaire;public;agbangnizoun;;7.115209;1.999645;https://www.openstreetmap.org/way/1050854332;cartographie_collaborative;Type déduit du nom de l'établissement.
REF-OSM-way-1097143219;Ecole primaire publique de Tindora;;ecole_primaire;École primaire;primaire;public;sinende;;10.204871;2.347423;https://www.openstreetmap.org/way/1097143219;cartographie_collaborative;Type déduit du nom de l'établissement.
REF-OSM-way-1097642971;Ecole primaire publique;;ecole_primaire;École primaire;primaire;public;pehunco;;10.226348;2.010069;https://www.openstreetmap.org/way/1097642971;cartographie_collaborative;Type déduit du nom de l'établissement.
REF-OSM-way-1143911709;CEG 1 Ikpinlè;;college;Collège d'enseignement général (CEG);secondaire;public;adja-ouere;;6.887346;2.618981;https://www.openstreetmap.org/way/1143911709;cartographie_collaborative;Type déduit du nom de l'établissement.
REF-OSM-way-1143924690;CEG 2 Ikpinlè;;college;Collège d'enseignement général (CEG);secondaire;public;adja-ouere;;6.903834;2.625744;https://www.openstreetmap.org/way/1143924690;cartographie_collaborative;Type déduit du nom de l'établissement.
REF-OSM-way-1146953742;École Marternelle Publique d'Ikpinlè;;a_preciser;Établissement scolaire (type à préciser);;public;adja-ouere;;6.891839;2.622219;https://www.openstreetmap.org/way/1146953742;cartographie_collaborative;Type à préciser : aucun indice fiable dans OpenStreetMap.
REF-OSM-way-1147012215;Terrains de Sport du CEG 1 Ikpinlè;;college;Collège d'enseignement général (CEG);secondaire;public;adja-ouere;;6.886378;2.618695;https://www.openstreetmap.org/way/1147012215;cartographie_collaborative;Type déduit du nom de l'établissement.
REF-OSM-way-1185364325;Institut Universitaire MATHFINECO;;universite;Université;superieur;non_indique;abomey-calavi;;6.478857;2.345084;https://www.openstreetmap.org/way/1185364325;cartographie_collaborative;Type déduit du nom de l'établissement.
REF-OSM-way-1334457202;EPP Kognica;;ecole_primaire;École primaire;primaire;public;tanguieta;;10.521537;1.203110;https://www.openstreetmap.org/way/1334457202;cartographie_collaborative;Type déduit du nom de l'établissement.
REF-OSM-way-1334457208;EPP Taiakou;;ecole_primaire;École primaire;primaire;public;tanguieta;;10.545625;1.213257;https://www.openstreetmap.org/way/1334457208;cartographie_collaborative;Type déduit du nom de l'établissement.
REF-OSM-way-1344812516;EPP Kosso;;ecole_primaire;École primaire;primaire;public;tanguieta;;10.617210;1.291990;https://www.openstreetmap.org/way/1344812516;cartographie_collaborative;Type déduit du nom de l'établissement.
REF-OSM-way-1345130482;CSP de Godje;;ecole_primaire;École primaire;primaire;non_indique;tanguieta;;10.616808;1.273609;https://www.openstreetmap.org/way/1345130482;cartographie_collaborative;Type déduit des attributs OpenStreetMap.
REF-OSM-way-1364671432;Ecole Nationale Des Officiers;;ecole_superieure;Établissement d'enseignement supérieur;superieur;non_indique;toffo;;6.833513;2.087632;https://www.openstreetmap.org/way/1364671432;cartographie_collaborative;Type déduit du nom de l'établissement.
REF-OSM-way-1364710061;EPP Toyinouhoue;;ecole_primaire;École primaire;primaire;public;toviklin;;6.856754;1.800985;https://www.openstreetmap.org/way/1364710061;cartographie_collaborative;Type déduit du nom de l'établissement.
REF-OSM-way-1392380658;Ecole de Base Dekanme Groupes A et B;;a_preciser;Établissement scolaire (type à préciser);;non_indique;kpomasse;;6.562713;1.995042;https://www.openstreetmap.org/way/1392380658;cartographie_collaborative;Type à préciser : aucun indice fiable dans OpenStreetMap.
REF-OSM-way-1436296591;École primaire publique Ganvié 1;;a_preciser;Établissement scolaire (type à préciser);;public;so-ava;Ministère des Enseignements Maternel et Primaire;6.473543;2.389131;https://www.openstreetmap.org/way/1436296591;cartographie_collaborative;Type à préciser : aucun indice fiable dans OpenStreetMap.
REF-OSM-way-1451971271;CEG LOGOZOHE;;college;Collège d'enseignement général (CEG);secondaire;public;savalou;;7.895225;2.078403;https://www.openstreetmap.org/way/1451971271;cartographie_collaborative;Type déduit du nom de l'établissement.
REF-OSM-way-1533652753;CEG 1 Dassa;;college;Collège d'enseignement général (CEG);secondaire;public;dassa-zoume;;7.781974;2.203243;https://www.openstreetmap.org/way/1533652753;cartographie_collaborative;Type déduit du nom de l'établissement.
REF-OSM-way-1553721236;"Complexe Scolaire ""Les Protégés""";;complexe_scolaire;Complexe scolaire;maternelle|primaire;non_indique;abomey-calavi;;6.536382;2.349398;https://www.openstreetmap.org/way/1553721236;cartographie_collaborative;Type déduit du nom de l'établissement.
REF-OSM-way-1563231535;Complexe Scolaire Privé LE SAUT DE L'ÈTERNEL;;complexe_scolaire;Complexe scolaire;maternelle|primaire;prive;abomey-calavi;;6.393408;2.312019;https://www.openstreetmap.org/way/1563231535;cartographie_collaborative;Type déduit du nom de l'établissement.
REF-OSM-relation-10024855;CEG Ségbana;;college;Collège d'enseignement général (CEG);secondaire;public;segbana;;10.932543;3.689069;https://www.openstreetmap.org/relation/10024855;cartographie_collaborative;Type déduit du nom de l'établissement.
REF-OSM-relation-10024856;EPP Sègbana;;ecole_primaire;École primaire;primaire;public;segbana;;10.930995;3.690310;https://www.openstreetmap.org/relation/10024856;cartographie_collaborative;Type déduit du nom de l'établissement.
REF-OSM-relation-10065711;École primaire publique de Kikélé;;a_preciser;Établissement scolaire (type à préciser);;public;bassila;;9.014214;1.729218;https://www.openstreetmap.org/relation/10065711;cartographie_collaborative;Type à préciser : aucun indice fiable dans OpenStreetMap.
REF-OSM-relation-10375861;Faculté;;ecole_superieure;Établissement d'enseignement supérieur;superieur;non_indique;tchaourou;;8.882691;2.599045;https://www.openstreetmap.org/relation/10375861;cartographie_collaborative;Type déduit du nom de l'établissement.
REF-OSM-relation-10384986;Collège d'enseignement général public de Tchaourou;;college;Collège d'enseignement général (CEG);secondaire;public;tchaourou;;8.866542;2.605014;https://www.openstreetmap.org/relation/10384986;cartographie_collaborative;Type déduit du nom de l'établissement.
REF-OSM-relation-10393412;École primaire publique de Kassouala Kadjola;;a_preciser;Établissement scolaire (type à préciser);;public;tchaourou;;8.911980;2.720303;https://www.openstreetmap.org/relation/10393412;cartographie_collaborative;Type à préciser : aucun indice fiable dans OpenStreetMap.
REF-OSM-relation-11228777;Université Nationale d'Agriculture - Campus de Sakété;;universite;Université;superieur;non_indique;sakete;;6.691906;2.642732;https://www.openstreetmap.org/relation/11228777;cartographie_collaborative;Type déduit du nom de l'établissement.
REF-OSM-relation-11258944;Lycée Béhanzin;;lycee_general;Lycée;secondaire;non_indique;porto-novo;;6.480070;2.615561;https://www.openstreetmap.org/relation/11258944;cartographie_collaborative;Type déduit du nom de l'établissement.
REF-OSM-relation-11264287;Centre d'Éducation Générale de Davié;;a_preciser;Établissement scolaire (type à préciser);;non_indique;porto-novo;;6.481841;2.635804;https://www.openstreetmap.org/relation/11264287;cartographie_collaborative;Type à préciser : aucun indice fiable dans OpenStreetMap.
REF-OSM-relation-11311414;Complexe Scolaire Akpakpa Nord;;complexe_scolaire;Complexe scolaire;maternelle|primaire;non_indique;cotonou;;6.378410;2.444034;https://www.openstreetmap.org/relation/11311414;cartographie_collaborative;Type déduit du nom de l'établissement.
REF-OSM-relation-11321791;Université Africaine de Développement Coopératif (UADC);;universite;Université;superieur;non_indique;cotonou;;6.362174;2.462320;https://www.openstreetmap.org/relation/11321791;cartographie_collaborative;Type déduit du nom de l'établissement.
REF-OSM-relation-11771513;École primaire publique d'Avlo Houta;;a_preciser;Établissement scolaire (type à préciser);;public;grand-popo;;6.290395;1.892573;https://www.openstreetmap.org/relation/11771513;cartographie_collaborative;Type à préciser : aucun indice fiable dans OpenStreetMap.
REF-OSM-relation-11774510;École primaire publique de Houndjohoundji;;a_preciser;Établissement scolaire (type à préciser);;public;grand-popo;;6.303758;1.833551;https://www.openstreetmap.org/relation/11774510;cartographie_collaborative;Type à préciser : aucun indice fiable dans OpenStreetMap.
REF-OSM-relation-11813193;École primaire publique de Hilla-Condji;;a_preciser;Établissement scolaire (type à préciser);;public;grand-popo;;6.241768;1.634711;https://www.openstreetmap.org/relation/11813193;cartographie_collaborative;Type à préciser : aucun indice fiable dans OpenStreetMap.
